{"timestamp": "2025-06-25T09:49:47.360232", "level": "INFO", "logger": "root", "message": "Starting application", "module": "main", "function": "<module>", "line": 24}
{"timestamp": "2025-06-25T09:49:47.515656", "level": "INFO", "logger": "root", "message": "Mounted data directory: /Users/talgatbaktybekov/Desktop/rag_app/data", "module": "main", "function": "<module>", "line": 137}
{"timestamp": "2025-06-25T09:49:47.515807", "level": "INFO", "logger": "root", "message": "Mounted user data directory: /Users/talgatbaktybekov/Desktop/rag_app/data/user_documents", "module": "main", "function": "<module>", "line": 144}
{"timestamp": "2025-06-25T09:50:49.144357", "level": "INFO", "logger": "root", "message": "Starting application", "module": "main", "function": "<module>", "line": 24}
{"timestamp": "2025-06-25T09:50:49.205692", "level": "INFO", "logger": "root", "message": "Mounted data directory: /Users/talgatbaktybekov/Desktop/rag_app/data", "module": "main", "function": "<module>", "line": 64}
{"timestamp": "2025-06-25T09:50:49.205826", "level": "INFO", "logger": "root", "message": "Mounted user data directory: /Users/talgatbaktybekov/Desktop/rag_app/data/user_documents", "module": "main", "function": "<module>", "line": 71}
{"timestamp": "2025-06-25T09:50:50.841534", "level": "INFO", "logger": "root", "message": "Starting application", "module": "main", "function": "<module>", "line": 24}
{"timestamp": "2025-06-25T09:50:50.908065", "level": "INFO", "logger": "root", "message": "Mounted data directory: /Users/talgatbaktybekov/Desktop/rag_app/data", "module": "main", "function": "<module>", "line": 64}
{"timestamp": "2025-06-25T09:50:50.908191", "level": "INFO", "logger": "root", "message": "Mounted user data directory: /Users/talgatbaktybekov/Desktop/rag_app/data/user_documents", "module": "main", "function": "<module>", "line": 71}
{"timestamp": "2025-06-25T09:50:56.157738", "level": "INFO", "logger": "root", "message": "Starting application", "module": "main", "function": "<module>", "line": 24}
{"timestamp": "2025-06-25T09:50:56.225171", "level": "INFO", "logger": "root", "message": "Mounted data directory: /Users/talgatbaktybekov/Desktop/rag_app/data", "module": "main", "function": "<module>", "line": 64}
{"timestamp": "2025-06-25T09:50:56.225300", "level": "INFO", "logger": "root", "message": "Mounted user data directory: /Users/talgatbaktybekov/Desktop/rag_app/data/user_documents", "module": "main", "function": "<module>", "line": 71}
{"timestamp": "2025-06-25T09:50:59.248371", "level": "INFO", "logger": "root", "message": "Starting application", "module": "main", "function": "<module>", "line": 24}
{"timestamp": "2025-06-25T09:50:59.318777", "level": "INFO", "logger": "root", "message": "Mounted data directory: /Users/talgatbaktybekov/Desktop/rag_app/data", "module": "main", "function": "<module>", "line": 64}
{"timestamp": "2025-06-25T09:50:59.318909", "level": "INFO", "logger": "root", "message": "Mounted user data directory: /Users/talgatbaktybekov/Desktop/rag_app/data/user_documents", "module": "main", "function": "<module>", "line": 71}
{"timestamp": "2025-06-25T09:52:14.851428", "level": "INFO", "logger": "root", "message": "Starting application", "module": "main", "function": "<module>", "line": 24}
{"timestamp": "2025-06-25T09:52:19.171281", "level": "INFO", "logger": "root", "message": "Starting application", "module": "main", "function": "<module>", "line": 24}
{"timestamp": "2025-06-25T09:52:21.349538", "level": "INFO", "logger": "root", "message": "Starting application", "module": "main", "function": "<module>", "line": 24}
{"timestamp": "2025-06-25T09:52:24.801961", "level": "INFO", "logger": "root", "message": "Starting application", "module": "main", "function": "<module>", "line": 24}
{"timestamp": "2025-06-25T09:52:28.414469", "level": "INFO", "logger": "root", "message": "Starting application", "module": "main", "function": "<module>", "line": 24}
{"timestamp": "2025-06-25T09:52:30.069846", "level": "INFO", "logger": "root", "message": "Starting application", "module": "main", "function": "<module>", "line": 18}
{"timestamp": "2025-06-25T09:52:33.673803", "level": "INFO", "logger": "root", "message": "Starting application", "module": "main", "function": "<module>", "line": 18}
{"timestamp": "2025-06-25T09:52:51.865977", "level": "INFO", "logger": "root", "message": "Starting application", "module": "main", "function": "<module>", "line": 15}
{"timestamp": "2025-06-25T09:52:52.720871", "level": "INFO", "logger": "root", "message": "Starting application", "module": "main", "function": "<module>", "line": 15}
{"timestamp": "2025-06-25T09:52:54.071901", "level": "INFO", "logger": "root", "message": "Starting application", "module": "main", "function": "<module>", "line": 14}
{"timestamp": "2025-06-25T09:52:59.987421", "level": "INFO", "logger": "root", "message": "Starting application", "module": "main", "function": "<module>", "line": 14}
{"timestamp": "2025-06-25T09:53:03.787619", "level": "INFO", "logger": "root", "message": "Starting application", "module": "main", "function": "<module>", "line": 14}
{"timestamp": "2025-06-25T09:59:11.900279", "level": "INFO", "logger": "backend.app.api.routes_document", "message": "Successfully uploaded file: Solo-report_1_bcb0d2fd.pdf", "module": "routes_document", "function": "upload_user_documents", "line": 155}
{"timestamp": "2025-06-25T09:59:12.199605", "level": "INFO", "logger": "backend.app.services.document_ingest", "message": "Loaded 15 pages from Solo-report_1_bcb0d2fd.pdf", "module": "document_ingest", "function": "load_documents_from_pdfs", "line": 75}
{"timestamp": "2025-06-25T09:59:12.204313", "level": "INFO", "logger": "backend.app.services.document_ingest", "message": "Split 15 documents into 28 chunks with size=1500, overlap=250", "module": "document_ingest", "function": "chunk_documents", "line": 147}
{"timestamp": "2025-06-25T09:59:12.580944", "level": "INFO", "logger": "chromadb.telemetry.product.posthog", "message": "Anonymized telemetry enabled. See                     https://docs.trychroma.com/telemetry for more information.", "module": "posthog", "function": "__init__", "line": 20}
{"timestamp": "2025-06-25T09:59:13.119354", "level": "INFO", "logger": "backend.app.services.document_ingest", "message": "Loaded 15 pages from Solo-report_1_bcb0d2fd.pdf", "module": "document_ingest", "function": "load_documents_from_pdfs", "line": 75}
{"timestamp": "2025-06-25T09:59:13.123637", "level": "INFO", "logger": "backend.app.services.document_ingest", "message": "Split 15 documents into 28 chunks with size=1500, overlap=250", "module": "document_ingest", "function": "chunk_documents", "line": 147}
{"timestamp": "2025-06-25T09:59:48.559650", "level": "INFO", "logger": "backend.app.services.ollama", "message": "Building langchain agent for conversation 1, user 1", "module": "ollama", "function": "build_langchain_agent", "line": 16}
{"timestamp": "2025-06-25T09:59:48.587659", "level": "INFO", "logger": "backend.app.services.ollama", "message": "Selected document IDs: []", "module": "ollama", "function": "build_langchain_agent", "line": 29}
{"timestamp": "2025-06-25T09:59:48.587751", "level": "INFO", "logger": "backend.app.services.ollama", "message": "No selected documents, retrieving from user-accessible documents", "module": "ollama", "function": "build_langchain_agent", "line": 47}
{"timestamp": "2025-06-25T09:59:48.601349", "level": "INFO", "logger": "backend.app.services.document_ingest", "message": "Retrieving 8 chunks for query: 'The original message is already a standalone greet...', search_type: advanced_ensemble", "module": "document_ingest", "function": "retrieve_relevant_chunks", "line": 261}
{"timestamp": "2025-06-25T09:59:48.822575", "level": "INFO", "logger": "backend.app.services.document_ingest", "message": "Retrieved 7 chunks", "module": "document_ingest", "function": "_log_search_results", "line": 386}
{"timestamp": "2025-06-25T09:59:48.822663", "level": "INFO", "logger": "backend.app.services.document_ingest", "message": "Document IDs: [1, 1, 1, 1, 1, 1, 1]", "module": "document_ingest", "function": "_log_search_results", "line": 393}
{"timestamp": "2025-06-25T09:59:48.822725", "level": "INFO", "logger": "backend.app.services.document_ingest", "message": "Sources: ['Solo-report_1_bcb0d2fd.pdf', 'Solo-report_1_bcb0d2fd.pdf', 'Solo-report_1_bcb0d2fd.pdf', 'Solo-report_1_bcb0d2fd.pdf', 'Solo-report_1_bcb0d2fd.pdf', 'Solo-report_1_bcb0d2fd.pdf', 'Solo-report_1_bcb0d2fd.pdf']", "module": "document_ingest", "function": "_log_search_results", "line": 395}
{"timestamp": "2025-06-25T09:59:48.823641", "level": "INFO", "logger": "backend.app.services.document_ingest", "message": "Chunk 1: between   ratings   and   sentiment   scores.   In   effect,   adding   sentiment   as   side   info...", "module": "document_ingest", "function": "_log_search_results", "line": 400}
{"timestamp": "2025-06-25T09:59:48.823730", "level": "INFO", "logger": "backend.app.services.document_ingest", "message": "Chunk 2: We   report   precision@K   and   recall@K   for   .   In   summary ,   RMSE   assesses   rating   p...", "module": "document_ingest", "function": "_log_search_results", "line": 400}
{"timestamp": "2025-06-25T09:59:48.823779", "level": "INFO", "logger": "backend.app.services.ollama", "message": "Retrieved 7 context chunks", "module": "ollama", "function": "build_langchain_agent", "line": 58}
{"timestamp": "2025-06-25T09:59:48.823831", "level": "INFO", "logger": "backend.app.services.ollama", "message": "Chunk 1 source: Solo-report_1_bcb0d2fd.pdf", "module": "ollama", "function": "build_langchain_agent", "line": 60}
{"timestamp": "2025-06-25T09:59:48.823880", "level": "INFO", "logger": "backend.app.services.ollama", "message": "Chunk 1 document_id: 1", "module": "ollama", "function": "build_langchain_agent", "line": 61}
{"timestamp": "2025-06-25T09:59:48.823930", "level": "INFO", "logger": "backend.app.services.ollama", "message": "Chunk 1 user_id: 1", "module": "ollama", "function": "build_langchain_agent", "line": 62}
{"timestamp": "2025-06-25T09:59:48.824134", "level": "INFO", "logger": "backend.app.services.ollama", "message": "Chunk 1 preview: between\n \nratings\n \nand\n \nsentiment\n \nscores.\n \nIn\n \neffect,\n \nadding\n \nsentiment\n \nas\n \nside\n \ninfo...", "module": "ollama", "function": "build_langchain_agent", "line": 63}
{"timestamp": "2025-06-25T09:59:48.824181", "level": "INFO", "logger": "backend.app.services.ollama", "message": "Chunk 2 source: Solo-report_1_bcb0d2fd.pdf", "module": "ollama", "function": "build_langchain_agent", "line": 60}
{"timestamp": "2025-06-25T09:59:48.824577", "level": "INFO", "logger": "backend.app.services.ollama", "message": "Chunk 2 document_id: 1", "module": "ollama", "function": "build_langchain_agent", "line": 61}
{"timestamp": "2025-06-25T09:59:48.824742", "level": "INFO", "logger": "backend.app.services.ollama", "message": "Chunk 2 user_id: 1", "module": "ollama", "function": "build_langchain_agent", "line": 62}
{"timestamp": "2025-06-25T09:59:48.824879", "level": "INFO", "logger": "backend.app.services.ollama", "message": "Chunk 2 preview: We\n \nreport\n \nprecision@K\n \nand\n \nrecall@K\n \nfor\n \n.\n \nIn\n \nsummary ,\n \nRMSE\n \nassesses\n \nrating\n \np...", "module": "ollama", "function": "build_langchain_agent", "line": 63}
{"timestamp": "2025-06-25T09:59:48.825223", "level": "INFO", "logger": "backend.app.services.ollama", "message": "Chunk 3 source: Solo-report_1_bcb0d2fd.pdf", "module": "ollama", "function": "build_langchain_agent", "line": 60}
{"timestamp": "2025-06-25T09:59:48.825279", "level": "INFO", "logger": "backend.app.services.ollama", "message": "Chunk 3 document_id: 1", "module": "ollama", "function": "build_langchain_agent", "line": 61}
{"timestamp": "2025-06-25T09:59:48.825312", "level": "INFO", "logger": "backend.app.services.ollama", "message": "Chunk 3 user_id: 1", "module": "ollama", "function": "build_langchain_agent", "line": 62}
{"timestamp": "2025-06-25T09:59:48.825348", "level": "INFO", "logger": "backend.app.services.ollama", "message": "Chunk 3 preview: publishedDate,\n \ncategories,\n \nratingsCount\n.\n \nAdditionally,\n \na\n \nsent\niment\n \nscore\n \nis\n \ncomput...", "module": "ollama", "function": "build_langchain_agent", "line": 63}
{"timestamp": "2025-06-25T09:59:48.825486", "level": "INFO", "logger": "backend.app.services.ollama", "message": "Chunk 4 source: Solo-report_1_bcb0d2fd.pdf", "module": "ollama", "function": "build_langchain_agent", "line": 60}
{"timestamp": "2025-06-25T09:59:48.825569", "level": "INFO", "logger": "backend.app.services.ollama", "message": "Chunk 4 document_id: 1", "module": "ollama", "function": "build_langchain_agent", "line": 61}
{"timestamp": "2025-06-25T09:59:48.825618", "level": "INFO", "logger": "backend.app.services.ollama", "message": "Chunk 4 user_id: 1", "module": "ollama", "function": "build_langchain_agent", "line": 62}
{"timestamp": "2025-06-25T09:59:48.825657", "level": "INFO", "logger": "backend.app.services.ollama", "message": "Chunk 4 preview: rating\n \n \nwas\n \nclipped\n \nto\n \nthe\n \n[1,5]\n \nbounds\n \ndue\n \nto\n \na\n \nlow\n \nsentiment\n \n,\n \nthen\n \ni...", "module": "ollama", "function": "build_langchain_agent", "line": 63}
{"timestamp": "2025-06-25T09:59:48.825693", "level": "INFO", "logger": "backend.app.services.ollama", "message": "Chunk 5 source: Solo-report_1_bcb0d2fd.pdf", "module": "ollama", "function": "build_langchain_agent", "line": 60}
{"timestamp": "2025-06-25T09:59:48.825816", "level": "INFO", "logger": "backend.app.services.ollama", "message": "Chunk 5 document_id: 1", "module": "ollama", "function": "build_langchain_agent", "line": 61}
{"timestamp": "2025-06-25T09:59:48.825952", "level": "INFO", "logger": "backend.app.services.ollama", "message": "Chunk 5 user_id: 1", "module": "ollama", "function": "build_langchain_agent", "line": 62}
{"timestamp": "2025-06-25T09:59:48.826160", "level": "INFO", "logger": "backend.app.services.ollama", "message": "Chunk 5 preview: only\n \nadd\n \nup.\n \nThe\n \nexpected\n \nbenefit\n \nis\n \ntwofold:\n \nby\n \nfocusing\n \non\n \nadditive\n \n(posit...", "module": "ollama", "function": "build_langchain_agent", "line": 63}
{"timestamp": "2025-06-25T09:59:48.826286", "level": "INFO", "logger": "backend.app.services.ollama", "message": "Chunk 6 source: Solo-report_1_bcb0d2fd.pdf", "module": "ollama", "function": "build_langchain_agent", "line": 60}
{"timestamp": "2025-06-25T09:59:48.826401", "level": "INFO", "logger": "backend.app.services.ollama", "message": "Chunk 6 document_id: 1", "module": "ollama", "function": "build_langchain_agent", "line": 61}
{"timestamp": "2025-06-25T09:59:48.826514", "level": "INFO", "logger": "backend.app.services.ollama", "message": "Chunk 6 user_id: 1", "module": "ollama", "function": "build_langchain_agent", "line": 62}
{"timestamp": "2025-06-25T09:59:48.826627", "level": "INFO", "logger": "backend.app.services.ollama", "message": "Chunk 6 preview: Conclusion\n \nIn\n \nsummary ,\n \nour\n \nevaluation\n \nshows\n \nthat\n \nsimply\n \nscaling\n \nuser\n \nratings\n \n...", "module": "ollama", "function": "build_langchain_agent", "line": 63}
{"timestamp": "2025-06-25T09:59:48.826913", "level": "INFO", "logger": "backend.app.services.ollama", "message": "Chunk 7 source: Solo-report_1_bcb0d2fd.pdf", "module": "ollama", "function": "build_langchain_agent", "line": 60}
{"timestamp": "2025-06-25T09:59:48.827060", "level": "INFO", "logger": "backend.app.services.ollama", "message": "Chunk 7 document_id: 1", "module": "ollama", "function": "build_langchain_agent", "line": 61}
{"timestamp": "2025-06-25T09:59:48.827138", "level": "INFO", "logger": "backend.app.services.ollama", "message": "Chunk 7 user_id: 1", "module": "ollama", "function": "build_langchain_agent", "line": 62}
{"timestamp": "2025-06-25T09:59:48.827229", "level": "INFO", "logger": "backend.app.services.ollama", "message": "Chunk 7 preview: we\n \ninvestigate\n \nthe\n \nimpact\n \nof\n \nincorporating\n \nsentiment-adjusted\n \nratings\n \ninto\n \ncollabo...", "module": "ollama", "function": "build_langchain_agent", "line": 63}
{"timestamp": "2025-06-25T09:59:48.827323", "level": "INFO", "logger": "backend.app.services.ollama", "message": "Total context length: 9508 characters", "module": "ollama", "function": "build_langchain_agent", "line": 76}
{"timestamp": "2025-06-25T09:59:48.866633", "level": "WARNING", "logger": "langchain_core.tracers.base", "message": "Parent run 56d6b083-cea8-4e35-ab5d-8f7deaf8681a not found for run 50d9db9d-4bec-4996-8e8e-8aeb925b58c6. Treating as a root run.", "module": "base", "function": "_start_trace", "line": 113}
{"timestamp": "2025-06-25T10:00:30.080387", "level": "WARNING", "logger": "langchain_core.callbacks.manager", "message": "Error in RootListenersTracer.on_chain_end callback: AttributeError(\"'SimpleChatHistory' object has no attribute 'add_messages'\")", "module": "manager", "function": "handle_event", "line": 282}
{"timestamp": "2025-06-25T10:00:30.122913", "level": "INFO", "logger": "backend.app.api.routes_chat", "message": "Found fewer references (3) than chunks (7), adding missing references", "module": "routes_chat", "function": "ask", "line": 292}
{"timestamp": "2025-06-25T10:09:31.071522", "level": "INFO", "logger": "root", "message": "Starting application", "module": "main", "function": "<module>", "line": 14}
{"timestamp": "2025-06-25T10:09:32.562725", "level": "INFO", "logger": "root", "message": "Starting application", "module": "main", "function": "<module>", "line": 14}
{"timestamp": "2025-06-25T10:09:35.517726", "level": "INFO", "logger": "root", "message": "Starting application", "module": "main", "function": "<module>", "line": 14}
{"timestamp": "2025-06-25T10:09:38.378543", "level": "INFO", "logger": "root", "message": "Starting application", "module": "main", "function": "<module>", "line": 14}
{"timestamp": "2025-06-25T10:09:41.019891", "level": "INFO", "logger": "root", "message": "Starting application", "module": "main", "function": "<module>", "line": 14}
{"timestamp": "2025-06-25T10:09:49.979355", "level": "INFO", "logger": "root", "message": "Starting application", "module": "main", "function": "<module>", "line": 14}
{"timestamp": "2025-06-25T10:09:54.347203", "level": "INFO", "logger": "root", "message": "Starting application", "module": "main", "function": "<module>", "line": 14}
{"timestamp": "2025-06-25T10:09:55.929701", "level": "INFO", "logger": "root", "message": "Starting application", "module": "main", "function": "<module>", "line": 14}
{"timestamp": "2025-06-25T10:09:59.766678", "level": "INFO", "logger": "root", "message": "Starting application", "module": "main", "function": "<module>", "line": 14}
{"timestamp": "2025-06-25T10:10:11.982658", "level": "INFO", "logger": "root", "message": "Starting application", "module": "main", "function": "<module>", "line": 14}
{"timestamp": "2025-06-25T10:10:15.533605", "level": "INFO", "logger": "root", "message": "Starting application", "module": "main", "function": "<module>", "line": 14}
{"timestamp": "2025-06-25T10:10:28.386441", "level": "INFO", "logger": "root", "message": "Starting application", "module": "main", "function": "<module>", "line": 14}
{"timestamp": "2025-06-25T10:10:29.289757", "level": "INFO", "logger": "root", "message": "Starting application", "module": "main", "function": "<module>", "line": 14}
{"timestamp": "2025-06-25T10:10:30.117998", "level": "INFO", "logger": "root", "message": "Starting application", "module": "main", "function": "<module>", "line": 14}
{"timestamp": "2025-06-25T10:10:36.465810", "level": "INFO", "logger": "root", "message": "Starting application", "module": "main", "function": "<module>", "line": 14}
{"timestamp": "2025-06-25T10:10:39.602858", "level": "INFO", "logger": "root", "message": "Starting application", "module": "main", "function": "<module>", "line": 14}
{"timestamp": "2025-06-25T10:10:58.226036", "level": "INFO", "logger": "root", "message": "Starting application", "module": "main", "function": "<module>", "line": 14}
{"timestamp": "2025-06-25T10:11:00.464167", "level": "INFO", "logger": "root", "message": "Starting application", "module": "main", "function": "<module>", "line": 14}
{"timestamp": "2025-06-25T10:11:01.369862", "level": "INFO", "logger": "root", "message": "Starting application", "module": "main", "function": "<module>", "line": 14}
{"timestamp": "2025-06-25T10:11:06.264014", "level": "INFO", "logger": "root", "message": "Starting application", "module": "main", "function": "<module>", "line": 14}
{"timestamp": "2025-06-25T10:11:09.428116", "level": "INFO", "logger": "root", "message": "Starting application", "module": "main", "function": "<module>", "line": 14}
{"timestamp": "2025-06-25T10:11:37.892466", "level": "INFO", "logger": "root", "message": "Starting application", "module": "main", "function": "<module>", "line": 14}
{"timestamp": "2025-06-25T10:11:41.656237", "level": "INFO", "logger": "root", "message": "Starting application", "module": "main", "function": "<module>", "line": 14}
{"timestamp": "2025-06-25T10:11:42.879840", "level": "INFO", "logger": "root", "message": "Starting application", "module": "main", "function": "<module>", "line": 14}
{"timestamp": "2025-06-25T10:11:45.688610", "level": "INFO", "logger": "root", "message": "Starting application", "module": "main", "function": "<module>", "line": 14}
{"timestamp": "2025-06-25T10:11:51.091702", "level": "INFO", "logger": "root", "message": "Starting application", "module": "main", "function": "<module>", "line": 14}
{"timestamp": "2025-06-25T10:11:54.108418", "level": "INFO", "logger": "root", "message": "Starting application", "module": "main", "function": "<module>", "line": 14}
{"timestamp": "2025-06-25T10:18:36.699697", "level": "INFO", "logger": "root", "message": "Starting application", "module": "main", "function": "<module>", "line": 14}
{"timestamp": "2025-06-25T10:18:43.503879", "level": "INFO", "logger": "root", "message": "Starting application", "module": "main", "function": "<module>", "line": 14}
{"timestamp": "2025-06-25T10:21:00.524734", "level": "INFO", "logger": "root", "message": "Starting application", "module": "main", "function": "<module>", "line": 14}
{"timestamp": "2025-06-25T10:21:02.843948", "level": "INFO", "logger": "root", "message": "Starting application", "module": "main", "function": "<module>", "line": 14}
{"timestamp": "2025-06-25T10:21:05.323106", "level": "INFO", "logger": "root", "message": "Starting application", "module": "main", "function": "<module>", "line": 14}
{"timestamp": "2025-06-25T10:21:08.261765", "level": "INFO", "logger": "root", "message": "Starting application", "module": "main", "function": "<module>", "line": 14}
{"timestamp": "2025-06-25T10:21:10.986983", "level": "INFO", "logger": "root", "message": "Starting application", "module": "main", "function": "<module>", "line": 14}
{"timestamp": "2025-06-25T10:21:18.894278", "level": "INFO", "logger": "root", "message": "Starting application", "module": "main", "function": "<module>", "line": 14}
{"timestamp": "2025-06-25T10:21:21.464532", "level": "INFO", "logger": "root", "message": "Starting application", "module": "main", "function": "<module>", "line": 14}
{"timestamp": "2025-06-25T10:21:22.549226", "level": "INFO", "logger": "root", "message": "Starting application", "module": "main", "function": "<module>", "line": 14}
{"timestamp": "2025-06-25T10:21:26.748416", "level": "INFO", "logger": "root", "message": "Starting application", "module": "main", "function": "<module>", "line": 14}
{"timestamp": "2025-06-25T10:21:29.031506", "level": "INFO", "logger": "root", "message": "Starting application", "module": "main", "function": "<module>", "line": 14}
{"timestamp": "2025-06-25T10:21:34.483540", "level": "INFO", "logger": "root", "message": "Starting application", "module": "main", "function": "<module>", "line": 14}
{"timestamp": "2025-06-25T10:21:37.026880", "level": "INFO", "logger": "root", "message": "Starting application", "module": "main", "function": "<module>", "line": 14}
{"timestamp": "2025-06-25T10:21:42.866624", "level": "INFO", "logger": "root", "message": "Starting application", "module": "main", "function": "<module>", "line": 14}
{"timestamp": "2025-06-25T10:21:44.180829", "level": "INFO", "logger": "root", "message": "Starting application", "module": "main", "function": "<module>", "line": 14}
{"timestamp": "2025-06-25T10:21:47.877719", "level": "INFO", "logger": "root", "message": "Starting application", "module": "main", "function": "<module>", "line": 14}
{"timestamp": "2025-06-25T10:21:49.797908", "level": "INFO", "logger": "root", "message": "Starting application", "module": "main", "function": "<module>", "line": 14}
{"timestamp": "2025-06-25T10:21:53.374779", "level": "INFO", "logger": "root", "message": "Starting application", "module": "main", "function": "<module>", "line": 14}
{"timestamp": "2025-06-25T10:21:54.405901", "level": "INFO", "logger": "root", "message": "Starting application", "module": "main", "function": "<module>", "line": 14}
{"timestamp": "2025-06-25T10:21:58.239729", "level": "INFO", "logger": "root", "message": "Starting application", "module": "main", "function": "<module>", "line": 14}
{"timestamp": "2025-06-25T10:22:00.821753", "level": "INFO", "logger": "root", "message": "Starting application", "module": "main", "function": "<module>", "line": 14}
{"timestamp": "2025-06-25T10:22:01.618223", "level": "INFO", "logger": "root", "message": "Starting application", "module": "main", "function": "<module>", "line": 14}
{"timestamp": "2025-06-25T10:22:04.158891", "level": "INFO", "logger": "root", "message": "Starting application", "module": "main", "function": "<module>", "line": 14}
{"timestamp": "2025-06-25T10:22:07.691147", "level": "INFO", "logger": "root", "message": "Starting application", "module": "main", "function": "<module>", "line": 14}
{"timestamp": "2025-06-25T10:22:08.577000", "level": "INFO", "logger": "root", "message": "Starting application", "module": "main", "function": "<module>", "line": 14}
{"timestamp": "2025-06-25T10:22:10.748889", "level": "INFO", "logger": "root", "message": "Starting application", "module": "main", "function": "<module>", "line": 14}
{"timestamp": "2025-06-25T10:22:11.933200", "level": "INFO", "logger": "root", "message": "Starting application", "module": "main", "function": "<module>", "line": 14}
{"timestamp": "2025-06-25T10:22:16.455293", "level": "INFO", "logger": "root", "message": "Starting application", "module": "main", "function": "<module>", "line": 14}
{"timestamp": "2025-06-25T10:22:40.091399", "level": "INFO", "logger": "root", "message": "Starting application", "module": "main", "function": "<module>", "line": 14}
{"timestamp": "2025-06-25T10:25:46.489915", "level": "INFO", "logger": "backend.app.api.routes_document", "message": "Successfully uploaded file: Letter_of_confirmation_student_interns_1_122774f3.pdf", "module": "routes_document", "function": "upload_user_documents", "line": 155}
{"timestamp": "2025-06-25T10:25:46.650921", "level": "INFO", "logger": "backend.app.services.document_ingest", "message": "Loaded 3 pages from Letter_of_confirmation_student_interns_1_122774f3.pdf", "module": "document_ingest", "function": "load_documents_from_pdfs", "line": 75}
{"timestamp": "2025-06-25T10:25:46.655575", "level": "INFO", "logger": "backend.app.services.document_ingest", "message": "Loaded 3 pages from Letter_of_confirmation_student_interns_1_122774f3.pdf", "module": "document_ingest", "function": "load_documents_from_pdfs", "line": 75}
{"timestamp": "2025-06-25T10:25:46.655823", "level": "INFO", "logger": "backend.app.services.document_ingest", "message": "Split 3 documents into 15 chunks with size=750, overlap=150", "module": "document_ingest", "function": "chunk_documents", "line": 127}
{"timestamp": "2025-06-25T10:25:46.656029", "level": "INFO", "logger": "backend.app.services.document_ingest", "message": "Split 3 documents into 15 chunks with size=750, overlap=150", "module": "document_ingest", "function": "chunk_documents", "line": 127}
{"timestamp": "2025-06-25T10:25:47.053459", "level": "INFO", "logger": "chromadb.telemetry.product.posthog", "message": "Anonymized telemetry enabled. See                     https://docs.trychroma.com/telemetry for more information.", "module": "posthog", "function": "__init__", "line": 20}
{"timestamp": "2025-06-25T10:27:53.995234", "level": "INFO", "logger": "backend.app.api.routes_document", "message": "Successfully uploaded file: Letter_of_confirmation_student_interns_1_122774f3.pdf", "module": "routes_document", "function": "upload_user_documents", "line": 155}
{"timestamp": "2025-06-25T10:27:54.076309", "level": "INFO", "logger": "backend.app.services.document_ingest", "message": "Loaded 3 pages from Letter_of_confirmation_student_interns_1_122774f3.pdf", "module": "document_ingest", "function": "load_documents_from_pdfs", "line": 75}
{"timestamp": "2025-06-25T10:27:54.076725", "level": "INFO", "logger": "backend.app.services.document_ingest", "message": "Split 3 documents into 15 chunks with size=750, overlap=150", "module": "document_ingest", "function": "chunk_documents", "line": 127}
{"timestamp": "2025-06-25T10:27:54.131356", "level": "INFO", "logger": "backend.app.services.document_ingest", "message": "Loaded 3 pages from Letter_of_confirmation_student_interns_1_122774f3.pdf", "module": "document_ingest", "function": "load_documents_from_pdfs", "line": 75}
{"timestamp": "2025-06-25T10:27:54.131747", "level": "INFO", "logger": "backend.app.services.document_ingest", "message": "Split 3 documents into 15 chunks with size=750, overlap=150", "module": "document_ingest", "function": "chunk_documents", "line": 127}
{"timestamp": "2025-06-25T10:28:11.520999", "level": "INFO", "logger": "root", "message": "Starting application", "module": "main", "function": "<module>", "line": 14}
{"timestamp": "2025-06-25T10:28:14.879585", "level": "INFO", "logger": "root", "message": "Starting application", "module": "main", "function": "<module>", "line": 14}
{"timestamp": "2025-06-25T10:28:19.085717", "level": "INFO", "logger": "chromadb.telemetry.product.posthog", "message": "Anonymized telemetry enabled. See                     https://docs.trychroma.com/telemetry for more information.", "module": "posthog", "function": "__init__", "line": 20}
{"timestamp": "2025-06-25T10:28:19.156754", "level": "WARNING", "logger": "backend.app.services.document_ingest", "message": "No chunks found for document_id 3", "module": "document_ingest", "function": "delete_document_from_vectorstore", "line": 371}
{"timestamp": "2025-06-25T10:29:33.712103", "level": "WARNING", "logger": "backend.app.services.document_ingest", "message": "No chunks found for document_id 1", "module": "document_ingest", "function": "delete_document_from_vectorstore", "line": 371}
{"timestamp": "2025-06-25T10:31:36.001487", "level": "INFO", "logger": "root", "message": "Starting application", "module": "main", "function": "<module>", "line": 14}
{"timestamp": "2025-06-25T10:32:34.921349", "level": "INFO", "logger": "backend.app.api.routes_document", "message": "Successfully uploaded file: Solo-report_1_bcb0d2fd.pdf", "module": "routes_document", "function": "upload_user_documents", "line": 155}
{"timestamp": "2025-06-25T10:32:35.460312", "level": "INFO", "logger": "backend.app.services.document_ingest", "message": "Loaded 15 pages from Solo-report_1_bcb0d2fd.pdf", "module": "document_ingest", "function": "load_documents_from_pdfs", "line": 75}
{"timestamp": "2025-06-25T10:32:35.463634", "level": "INFO", "logger": "backend.app.services.document_ingest", "message": "Loaded 15 pages from Solo-report_1_bcb0d2fd.pdf", "module": "document_ingest", "function": "load_documents_from_pdfs", "line": 75}
{"timestamp": "2025-06-25T10:32:35.466683", "level": "INFO", "logger": "backend.app.services.document_ingest", "message": "Split 15 documents into 48 chunks with size=750, overlap=150", "module": "document_ingest", "function": "chunk_documents", "line": 127}
{"timestamp": "2025-06-25T10:32:35.466895", "level": "INFO", "logger": "backend.app.services.document_ingest", "message": "Split 15 documents into 48 chunks with size=750, overlap=150", "module": "document_ingest", "function": "chunk_documents", "line": 127}
{"timestamp": "2025-06-25T10:32:35.828454", "level": "INFO", "logger": "chromadb.telemetry.product.posthog", "message": "Anonymized telemetry enabled. See                     https://docs.trychroma.com/telemetry for more information.", "module": "posthog", "function": "__init__", "line": 20}
{"timestamp": "2025-06-25T10:32:35.828606", "level": "INFO", "logger": "chromadb.telemetry.product.posthog", "message": "Anonymized telemetry enabled. See                     https://docs.trychroma.com/telemetry for more information.", "module": "posthog", "function": "__init__", "line": 20}
{"timestamp": "2025-06-25T10:37:01.934082", "level": "INFO", "logger": "backend.app.api.routes_document", "message": "Successfully uploaded file: 20232024NOL_1_6e82024e.pdf", "module": "routes_document", "function": "upload_user_documents", "line": 155}
{"timestamp": "2025-06-25T10:37:01.941479", "level": "INFO", "logger": "backend.app.services.document_ingest", "message": "Loaded 2 pages from 20232024NOL_1_6e82024e.pdf", "module": "document_ingest", "function": "load_documents_from_pdfs", "line": 75}
{"timestamp": "2025-06-25T10:37:01.942135", "level": "INFO", "logger": "backend.app.services.document_ingest", "message": "Split 2 documents into 0 chunks with size=750, overlap=150", "module": "document_ingest", "function": "chunk_documents", "line": 127}
{"timestamp": "2025-06-25T10:37:01.963600", "level": "INFO", "logger": "backend.app.services.document_ingest", "message": "Loaded 2 pages from 20232024NOL_1_6e82024e.pdf", "module": "document_ingest", "function": "load_documents_from_pdfs", "line": 75}
{"timestamp": "2025-06-25T10:37:01.963731", "level": "INFO", "logger": "backend.app.services.document_ingest", "message": "Split 2 documents into 0 chunks with size=750, overlap=150", "module": "document_ingest", "function": "chunk_documents", "line": 127}
{"timestamp": "2025-06-25T10:37:49.927201", "level": "WARNING", "logger": "backend.app.services.document_ingest", "message": "No chunks found for document_id 4", "module": "document_ingest", "function": "delete_document_from_vectorstore", "line": 371}
{"timestamp": "2025-06-25T10:38:25.323211", "level": "INFO", "logger": "root", "message": "Starting application", "module": "main", "function": "<module>", "line": 14}
{"timestamp": "2025-06-25T10:38:30.700515", "level": "INFO", "logger": "root", "message": "Starting application", "module": "main", "function": "<module>", "line": 14}
{"timestamp": "2025-06-25T10:38:49.757959", "level": "INFO", "logger": "backend.app.api.routes_document", "message": "Successfully uploaded file: Letter_of_confirmation_student_interns_1_122774f3.pdf", "module": "routes_document", "function": "upload_user_documents", "line": 155}
{"timestamp": "2025-06-25T10:38:49.890739", "level": "INFO", "logger": "backend.app.services.document_ingest", "message": "Loaded 3 pages from Letter_of_confirmation_student_interns_1_122774f3.pdf", "module": "document_ingest", "function": "load_documents_from_pdfs", "line": 75}
{"timestamp": "2025-06-25T10:38:49.896788", "level": "INFO", "logger": "backend.app.services.document_ingest", "message": "Document 0: content length = 3274 chars", "module": "document_ingest", "function": "chunk_documents", "line": 118}
{"timestamp": "2025-06-25T10:38:49.901397", "level": "INFO", "logger": "backend.app.services.document_ingest", "message": "Document 0 preview: \u300a\u6700\u4f4e\u5de5\u8cc7\u689d\uf9b5\u300b\uff08\u7b2c 608\u7ae0\uff09\u300c\u5be6\u7fd2\u5b78\u54e1\u300d\u8eab\u4efd\u78ba\u8a8d\u66f8   Confirmation of \u201cstudent intern\u201d status  under the Mini mum Wage Ordinance (Cap. 608) \u9808\u77e5\u4e8b\u9805 Note   1 \u300c\u5be6\u7fd2\u5b78\u54e1\u300d\u8eab\u4efd\u78ba\u8a8d\u66f8\uff08\u4e0b\u7a31\u300c\u78ba\u8a8d\u66f8\u300d\uff09\u9069\u7528\u65bc\u5c6c\u300a\u6700\u4f4e\u5de5\u8cc7\u689d\uf9b5\u300b\uff08\u7b2c 608\u7ae0\uff09\u6240\u6307\u7684\u5be6\u7fd2\u5b78\u54e1\u3002 \u300c\u5be6\u7fd2\u5b78\u54e1\u300d\u6307\u4e0b\uf99c\uf9d0\u5225\u7684\u5b78\u751f\uff1a (a) \u5728...", "module": "document_ingest", "function": "chunk_documents", "line": 121}
{"timestamp": "2025-06-25T10:38:49.901464", "level": "INFO", "logger": "backend.app.services.document_ingest", "message": "Loaded 3 pages from Letter_of_confirmation_student_interns_1_122774f3.pdf", "module": "document_ingest", "function": "load_documents_from_pdfs", "line": 75}
{"timestamp": "2025-06-25T10:38:49.901525", "level": "INFO", "logger": "backend.app.services.document_ingest", "message": "Document 1: content length = 3669 chars", "module": "document_ingest", "function": "chunk_documents", "line": 118}
{"timestamp": "2025-06-25T10:38:49.901592", "level": "INFO", "logger": "backend.app.services.document_ingest", "message": "Document 0: content length = 3274 chars", "module": "document_ingest", "function": "chunk_documents", "line": 118}
{"timestamp": "2025-06-25T10:38:49.901698", "level": "INFO", "logger": "backend.app.services.document_ingest", "message": "Document 1 preview: \u300a\u6700\u4f4e\u5de5\u8cc7\u689d\uf9b5\u300b\uff08\u7b2c 608\u7ae0\uff09\u300c\u5be6\u7fd2\u5b78\u54e1\u300d\u8eab\u4efd\u78ba\u8a8d\u66f8   Confirmation of \u201cstudent intern\u201d status  under the Minimum Wage Ordinance (Cap. 608) \u00a0 \u8332\u78ba\u8a8d\u672c\u6559\u80b2\u6a5f\u69cb\u5b89\u6392\u6216\u8a8d\u53ef\u4ee5\u4e0b\u5b78\u751f\u65bc\u6307\u5b9a\u7684\u4e00\u6bb5\u671f\u9593\u5167\uff0c\u5728\u8207\u672c\u6559\u80b2\u6a5f\u69cb\u5411\u8a72\u540d\u5b78\u751f\u63d0\u4f9b\u300a\u6700\u4f4e\u5de5\u8cc7\u689d \uf9b5\u300b\u6240\u6307\u7684\u8ab2\u7a0b\uf9d0\u5225\u6709\u95dc\uf99a\u7684\u60c5\u6cc1\u4e0b\uff0c\u5728  _______________...", "module": "document_ingest", "function": "chunk_documents", "line": 121}
{"timestamp": "2025-06-25T10:38:49.901776", "level": "INFO", "logger": "backend.app.services.document_ingest", "message": "Document 0 preview: \u300a\u6700\u4f4e\u5de5\u8cc7\u689d\uf9b5\u300b\uff08\u7b2c 608\u7ae0\uff09\u300c\u5be6\u7fd2\u5b78\u54e1\u300d\u8eab\u4efd\u78ba\u8a8d\u66f8   Confirmation of \u201cstudent intern\u201d status  under the Mini mum Wage Ordinance (Cap. 608) \u9808\u77e5\u4e8b\u9805 Note   1 \u300c\u5be6\u7fd2\u5b78\u54e1\u300d\u8eab\u4efd\u78ba\u8a8d\u66f8\uff08\u4e0b\u7a31\u300c\u78ba\u8a8d\u66f8\u300d\uff09\u9069\u7528\u65bc\u5c6c\u300a\u6700\u4f4e\u5de5\u8cc7\u689d\uf9b5\u300b\uff08\u7b2c 608\u7ae0\uff09\u6240\u6307\u7684\u5be6\u7fd2\u5b78\u54e1\u3002 \u300c\u5be6\u7fd2\u5b78\u54e1\u300d\u6307\u4e0b\uf99c\uf9d0\u5225\u7684\u5b78\u751f\uff1a (a) \u5728...", "module": "document_ingest", "function": "chunk_documents", "line": 121}
{"timestamp": "2025-06-25T10:38:49.901894", "level": "INFO", "logger": "backend.app.services.document_ingest", "message": "Document 2: content length = 1915 chars", "module": "document_ingest", "function": "chunk_documents", "line": 118}
{"timestamp": "2025-06-25T10:38:49.901965", "level": "INFO", "logger": "backend.app.services.document_ingest", "message": "Document 1: content length = 3669 chars", "module": "document_ingest", "function": "chunk_documents", "line": 118}
{"timestamp": "2025-06-25T10:38:49.902029", "level": "INFO", "logger": "backend.app.services.document_ingest", "message": "Document 2 preview: \u300a\u6700\u4f4e\u5de5\u8cc7\u689d\uf9b5\u300b\u9644\u8868 1\u6307\u660e\u7684\u6559\u80b2\u6a5f\u69cb   Education institutions specified in Sc hedule 1 to the Minimum Wage Ordinance 1 \u7531\u300a\u9999\u6e2f\u6559\u80b2\u5927\u5b78\u689d\uf9b5\u300b\uff08\u7b2c 444 \u7ae0\uff09\u8a2d\uf9f7\u7684\u9999\u6e2f\u6559\u80b2\u5927\u5b78  The Education University of Hong Kong  established by The Education...", "module": "document_ingest", "function": "chunk_documents", "line": 121}
{"timestamp": "2025-06-25T10:38:49.902386", "level": "INFO", "logger": "backend.app.services.document_ingest", "message": "Document 1 preview: \u300a\u6700\u4f4e\u5de5\u8cc7\u689d\uf9b5\u300b\uff08\u7b2c 608\u7ae0\uff09\u300c\u5be6\u7fd2\u5b78\u54e1\u300d\u8eab\u4efd\u78ba\u8a8d\u66f8   Confirmation of \u201cstudent intern\u201d status  under the Minimum Wage Ordinance (Cap. 608) \u00a0 \u8332\u78ba\u8a8d\u672c\u6559\u80b2\u6a5f\u69cb\u5b89\u6392\u6216\u8a8d\u53ef\u4ee5\u4e0b\u5b78\u751f\u65bc\u6307\u5b9a\u7684\u4e00\u6bb5\u671f\u9593\u5167\uff0c\u5728\u8207\u672c\u6559\u80b2\u6a5f\u69cb\u5411\u8a72\u540d\u5b78\u751f\u63d0\u4f9b\u300a\u6700\u4f4e\u5de5\u8cc7\u689d \uf9b5\u300b\u6240\u6307\u7684\u8ab2\u7a0b\uf9d0\u5225\u6709\u95dc\uf99a\u7684\u60c5\u6cc1\u4e0b\uff0c\u5728  _______________...", "module": "document_ingest", "function": "chunk_documents", "line": 121}
{"timestamp": "2025-06-25T10:38:49.902462", "level": "INFO", "logger": "backend.app.services.document_ingest", "message": "Split 3 documents into 15 chunks with size=750, overlap=150", "module": "document_ingest", "function": "chunk_documents", "line": 141}
{"timestamp": "2025-06-25T10:38:49.902542", "level": "INFO", "logger": "backend.app.services.document_ingest", "message": "Document 2: content length = 1915 chars", "module": "document_ingest", "function": "chunk_documents", "line": 118}
{"timestamp": "2025-06-25T10:38:49.902607", "level": "INFO", "logger": "backend.app.services.document_ingest", "message": "Document 2 preview: \u300a\u6700\u4f4e\u5de5\u8cc7\u689d\uf9b5\u300b\u9644\u8868 1\u6307\u660e\u7684\u6559\u80b2\u6a5f\u69cb   Education institutions specified in Sc hedule 1 to the Minimum Wage Ordinance 1 \u7531\u300a\u9999\u6e2f\u6559\u80b2\u5927\u5b78\u689d\uf9b5\u300b\uff08\u7b2c 444 \u7ae0\uff09\u8a2d\uf9f7\u7684\u9999\u6e2f\u6559\u80b2\u5927\u5b78  The Education University of Hong Kong  established by The Education...", "module": "document_ingest", "function": "chunk_documents", "line": 121}
{"timestamp": "2025-06-25T10:38:49.902877", "level": "INFO", "logger": "backend.app.services.document_ingest", "message": "Chunk 0: length = 718 chars, metadata = {'source': 'Letter_of_confirmation_student_interns_1_122774f3.pdf', 'page': 0, 'source_path': '/Users/talgatbaktybekov/Desktop/rag_app/data/user_documents/1/Letter_of_confirmation_student_interns_1_122774f3.pdf', 'user_id': 1, 'document_id': 6}", "module": "document_ingest", "function": "chunk_documents", "line": 146}
{"timestamp": "2025-06-25T10:38:49.902925", "level": "INFO", "logger": "backend.app.services.document_ingest", "message": "Chunk 1: length = 732 chars, metadata = {'source': 'Letter_of_confirmation_student_interns_1_122774f3.pdf', 'page': 0, 'source_path': '/Users/talgatbaktybekov/Desktop/rag_app/data/user_documents/1/Letter_of_confirmation_student_interns_1_122774f3.pdf', 'user_id': 1, 'document_id': 6}", "module": "document_ingest", "function": "chunk_documents", "line": 146}
{"timestamp": "2025-06-25T10:38:49.902971", "level": "INFO", "logger": "backend.app.services.document_ingest", "message": "Split 3 documents into 15 chunks with size=750, overlap=150", "module": "document_ingest", "function": "chunk_documents", "line": 141}
{"timestamp": "2025-06-25T10:38:49.903018", "level": "INFO", "logger": "backend.app.services.document_ingest", "message": "Chunk 2: length = 747 chars, metadata = {'source': 'Letter_of_confirmation_student_interns_1_122774f3.pdf', 'page': 0, 'source_path': '/Users/talgatbaktybekov/Desktop/rag_app/data/user_documents/1/Letter_of_confirmation_student_interns_1_122774f3.pdf', 'user_id': 1, 'document_id': 6}", "module": "document_ingest", "function": "chunk_documents", "line": 146}
{"timestamp": "2025-06-25T10:38:49.903120", "level": "INFO", "logger": "backend.app.services.document_ingest", "message": "Chunk 0: length = 718 chars, metadata = {'source': 'Letter_of_confirmation_student_interns_1_122774f3.pdf', 'page': 0, 'source_path': '/Users/talgatbaktybekov/Desktop/rag_app/data/user_documents/1/Letter_of_confirmation_student_interns_1_122774f3.pdf', 'user_id': 1, 'document_id': 6}", "module": "document_ingest", "function": "chunk_documents", "line": 146}
{"timestamp": "2025-06-25T10:38:49.903301", "level": "INFO", "logger": "backend.app.services.document_ingest", "message": "Chunk 1: length = 732 chars, metadata = {'source': 'Letter_of_confirmation_student_interns_1_122774f3.pdf', 'page': 0, 'source_path': '/Users/talgatbaktybekov/Desktop/rag_app/data/user_documents/1/Letter_of_confirmation_student_interns_1_122774f3.pdf', 'user_id': 1, 'document_id': 6}", "module": "document_ingest", "function": "chunk_documents", "line": 146}
{"timestamp": "2025-06-25T10:38:49.903354", "level": "INFO", "logger": "backend.app.services.document_ingest", "message": "Chunk 2: length = 747 chars, metadata = {'source': 'Letter_of_confirmation_student_interns_1_122774f3.pdf', 'page': 0, 'source_path': '/Users/talgatbaktybekov/Desktop/rag_app/data/user_documents/1/Letter_of_confirmation_student_interns_1_122774f3.pdf', 'user_id': 1, 'document_id': 6}", "module": "document_ingest", "function": "chunk_documents", "line": 146}
{"timestamp": "2025-06-25T10:38:50.205928", "level": "INFO", "logger": "chromadb.telemetry.product.posthog", "message": "Anonymized telemetry enabled. See                     https://docs.trychroma.com/telemetry for more information.", "module": "posthog", "function": "__init__", "line": 20}
{"timestamp": "2025-06-25T10:38:50.206082", "level": "INFO", "logger": "chromadb.telemetry.product.posthog", "message": "Anonymized telemetry enabled. See                     https://docs.trychroma.com/telemetry for more information.", "module": "posthog", "function": "__init__", "line": 20}
{"timestamp": "2025-06-25T10:39:45.819594", "level": "INFO", "logger": "backend.app.api.routes_document", "message": "Setting document selection for conversation 1, user 1", "module": "routes_document", "function": "select_documents_for_conversation", "line": 252}
{"timestamp": "2025-06-25T10:39:45.821674", "level": "INFO", "logger": "backend.app.api.routes_document", "message": "Selected document IDs: [6]", "module": "routes_document", "function": "select_documents_for_conversation", "line": 253}
{"timestamp": "2025-06-25T10:39:45.839636", "level": "INFO", "logger": "backend.app.api.routes_document", "message": "Successfully saved 1 document selections for conversation 1", "module": "routes_document", "function": "select_documents_for_conversation", "line": 286}
{"timestamp": "2025-06-25T10:40:01.119137", "level": "WARNING", "logger": "backend.app.services.document_ingest", "message": "No chunks found for document_id 6", "module": "document_ingest", "function": "delete_document_from_vectorstore", "line": 391}
{"timestamp": "2025-06-25T10:41:11.599915", "level": "INFO", "logger": "root", "message": "Starting application", "module": "main", "function": "<module>", "line": 14}
{"timestamp": "2025-06-25T10:41:18.017233", "level": "INFO", "logger": "root", "message": "Starting application", "module": "main", "function": "<module>", "line": 14}
{"timestamp": "2025-06-25T10:41:23.924718", "level": "INFO", "logger": "backend.app.api.routes_document", "message": "Successfully uploaded file: 20232024NOL_1_6e82024e.pdf", "module": "routes_document", "function": "upload_user_documents", "line": 155}
{"timestamp": "2025-06-25T10:41:23.962987", "level": "INFO", "logger": "backend.app.services.document_ingest", "message": "Loaded 2 pages from 20232024NOL_1_6e82024e.pdf", "module": "document_ingest", "function": "load_documents_from_pdfs", "line": 75}
{"timestamp": "2025-06-25T10:41:23.963194", "level": "INFO", "logger": "backend.app.services.document_ingest", "message": "Document 0: content length = 0 chars", "module": "document_ingest", "function": "chunk_documents", "line": 118}
{"timestamp": "2025-06-25T10:41:23.963312", "level": "INFO", "logger": "backend.app.services.document_ingest", "message": "Loaded 2 pages from 20232024NOL_1_6e82024e.pdf", "module": "document_ingest", "function": "load_documents_from_pdfs", "line": 75}
{"timestamp": "2025-06-25T10:41:23.963383", "level": "WARNING", "logger": "backend.app.services.document_ingest", "message": "Document 0 has empty content!", "module": "document_ingest", "function": "chunk_documents", "line": 123}
{"timestamp": "2025-06-25T10:41:23.963438", "level": "INFO", "logger": "backend.app.services.document_ingest", "message": "Document 0: content length = 0 chars", "module": "document_ingest", "function": "chunk_documents", "line": 118}
{"timestamp": "2025-06-25T10:41:23.963489", "level": "INFO", "logger": "backend.app.services.document_ingest", "message": "Document 1: content length = 0 chars", "module": "document_ingest", "function": "chunk_documents", "line": 118}
{"timestamp": "2025-06-25T10:41:23.963535", "level": "WARNING", "logger": "backend.app.services.document_ingest", "message": "Document 0 has empty content!", "module": "document_ingest", "function": "chunk_documents", "line": 123}
{"timestamp": "2025-06-25T10:41:23.963602", "level": "WARNING", "logger": "backend.app.services.document_ingest", "message": "Document 1 has empty content!", "module": "document_ingest", "function": "chunk_documents", "line": 123}
{"timestamp": "2025-06-25T10:41:23.963745", "level": "INFO", "logger": "backend.app.services.document_ingest", "message": "Document 1: content length = 0 chars", "module": "document_ingest", "function": "chunk_documents", "line": 118}
{"timestamp": "2025-06-25T10:41:23.963789", "level": "INFO", "logger": "backend.app.services.document_ingest", "message": "Split 2 documents into 0 chunks with size=750, overlap=150", "module": "document_ingest", "function": "chunk_documents", "line": 141}
{"timestamp": "2025-06-25T10:41:23.963835", "level": "WARNING", "logger": "backend.app.services.document_ingest", "message": "Document 1 has empty content!", "module": "document_ingest", "function": "chunk_documents", "line": 123}
{"timestamp": "2025-06-25T10:41:23.963899", "level": "WARNING", "logger": "backend.app.services.document_ingest", "message": "No chunks were created from the documents!", "module": "document_ingest", "function": "chunk_documents", "line": 148}
{"timestamp": "2025-06-25T10:41:23.963984", "level": "INFO", "logger": "backend.app.services.document_ingest", "message": "Split 2 documents into 0 chunks with size=750, overlap=150", "module": "document_ingest", "function": "chunk_documents", "line": 141}
{"timestamp": "2025-06-25T10:41:23.964081", "level": "WARNING", "logger": "backend.app.services.document_ingest", "message": "No chunks were created from the documents!", "module": "document_ingest", "function": "chunk_documents", "line": 148}
{"timestamp": "2025-06-25T10:42:24.889115", "level": "INFO", "logger": "backend.app.api.routes_document", "message": "Successfully uploaded file: Solo-report_1_bcb0d2fd.pdf", "module": "routes_document", "function": "upload_user_documents", "line": 155}
{"timestamp": "2025-06-25T10:42:25.306765", "level": "INFO", "logger": "backend.app.services.document_ingest", "message": "Loaded 15 pages from Solo-report_1_bcb0d2fd.pdf", "module": "document_ingest", "function": "load_documents_from_pdfs", "line": 75}
{"timestamp": "2025-06-25T10:42:25.307307", "level": "INFO", "logger": "backend.app.services.document_ingest", "message": "Document 0: content length = 234 chars", "module": "document_ingest", "function": "chunk_documents", "line": 118}
{"timestamp": "2025-06-25T10:42:25.315315", "level": "INFO", "logger": "backend.app.services.document_ingest", "message": "Document 0 preview:       SDSC3002   Data   Mining     Book   Recommendation   System   Using   Collaborative   Filtering   Methods   Incorporating   Review   Sentiment   Scores           Team   \u201cSolo\u201d   Members:   BAKTY...", "module": "document_ingest", "function": "chunk_documents", "line": 121}
{"timestamp": "2025-06-25T10:42:25.315394", "level": "INFO", "logger": "backend.app.services.document_ingest", "message": "Document 1: content length = 349 chars", "module": "document_ingest", "function": "chunk_documents", "line": 118}
{"timestamp": "2025-06-25T10:42:25.315444", "level": "INFO", "logger": "backend.app.services.document_ingest", "message": "Document 1 preview: Table   of   Contents   1.   Introduction   3   1.1.   Dataset   description   3   2.   Methodology   4   2.1.   Task   Description   4   2.2.   Evaluation   Metrics   5   2.3.   Models   Used   6   2...", "module": "document_ingest", "function": "chunk_documents", "line": 121}
{"timestamp": "2025-06-25T10:42:25.315497", "level": "INFO", "logger": "backend.app.services.document_ingest", "message": "Document 2: content length = 2911 chars", "module": "document_ingest", "function": "chunk_documents", "line": 118}
{"timestamp": "2025-06-25T10:42:25.315998", "level": "INFO", "logger": "backend.app.services.document_ingest", "message": "Document 2 preview: 1.   Introduction   Recommender   systems   play   a   central   role   in   modern   digital   platforms,   helping   users   discover   content,   products,   or   services   that   align   with   t...", "module": "document_ingest", "function": "chunk_documents", "line": 121}
{"timestamp": "2025-06-25T10:42:25.334606", "level": "INFO", "logger": "backend.app.services.document_ingest", "message": "Document 3: content length = 2876 chars", "module": "document_ingest", "function": "chunk_documents", "line": 118}
{"timestamp": "2025-06-25T10:42:25.338023", "level": "INFO", "logger": "backend.app.services.document_ingest", "message": "Document 3 preview: publishedDate,   categories,   ratingsCount .   Additionally,   a   sent iment   score   is   computed   for   each   review   using   a   pre-trained   PyTorch   neural   network   model   that   ana...", "module": "document_ingest", "function": "chunk_documents", "line": 121}
{"timestamp": "2025-06-25T10:42:25.338082", "level": "INFO", "logger": "backend.app.services.document_ingest", "message": "Document 4: content length = 1215 chars", "module": "document_ingest", "function": "chunk_documents", "line": 118}
{"timestamp": "2025-06-25T10:42:25.389474", "level": "INFO", "logger": "backend.app.services.document_ingest", "message": "Document 4 preview: 2.2.   Evaluation   Metrics   We   evaluate   both   prediction   accuracy   and   top- ranking   quality:   \u25cf   Root   Mean   Squar ed   Error   (RMSE):   Measures   the   accuracy   of   the   predi...", "module": "document_ingest", "function": "chunk_documents", "line": 121}
{"timestamp": "2025-06-25T10:42:25.389559", "level": "INFO", "logger": "backend.app.services.document_ingest", "message": "Document 5: content length = 3013 chars", "module": "document_ingest", "function": "chunk_documents", "line": 118}
{"timestamp": "2025-06-25T10:42:25.389628", "level": "INFO", "logger": "backend.app.services.document_ingest", "message": "Loaded 15 pages from Solo-report_1_bcb0d2fd.pdf", "module": "document_ingest", "function": "load_documents_from_pdfs", "line": 75}
{"timestamp": "2025-06-25T10:42:25.389723", "level": "INFO", "logger": "backend.app.services.document_ingest", "message": "Document 5 preview: We   report   precision@K   and   recall@K   for   .   In   summary ,   RMSE   assesses   rating   prediction   accuracy ,   while   Precision@K   and   Recall@K   measure   the   accuracy   and   com...", "module": "document_ingest", "function": "chunk_documents", "line": 121}
{"timestamp": "2025-06-25T10:42:25.389777", "level": "INFO", "logger": "backend.app.services.document_ingest", "message": "Document 0: content length = 234 chars", "module": "document_ingest", "function": "chunk_documents", "line": 118}
{"timestamp": "2025-06-25T10:42:25.389837", "level": "INFO", "logger": "backend.app.services.document_ingest", "message": "Document 6: content length = 3336 chars", "module": "document_ingest", "function": "chunk_documents", "line": 118}
{"timestamp": "2025-06-25T10:42:25.389903", "level": "INFO", "logger": "backend.app.services.document_ingest", "message": "Document 0 preview:       SDSC3002   Data   Mining     Book   Recommendation   System   Using   Collaborative   Filtering   Methods   Incorporating   Review   Sentiment   Scores           Team   \u201cSolo\u201d   Members:   BAKTY...", "module": "document_ingest", "function": "chunk_documents", "line": 121}
{"timestamp": "2025-06-25T10:42:25.389989", "level": "INFO", "logger": "backend.app.services.document_ingest", "message": "Document 6 preview: only   add   up.   The   expected   benefit   is   twofold:   by   focusing   on   additive   (positive)   contributions,   NMF   can   reduce   noise   from   arbitrary   sign   interactions,   and  ...", "module": "document_ingest", "function": "chunk_documents", "line": 121}
{"timestamp": "2025-06-25T10:42:25.390112", "level": "INFO", "logger": "backend.app.services.document_ingest", "message": "Document 1: content length = 349 chars", "module": "document_ingest", "function": "chunk_documents", "line": 118}
{"timestamp": "2025-06-25T10:42:25.390210", "level": "INFO", "logger": "backend.app.services.document_ingest", "message": "Document 7: content length = 1980 chars", "module": "document_ingest", "function": "chunk_documents", "line": 118}
{"timestamp": "2025-06-25T10:42:25.390268", "level": "INFO", "logger": "backend.app.services.document_ingest", "message": "Document 7 preview: data   from   sentiment.   We   expect   that   combining   these   approaches   will   yield   a   more   accurate   and   interpretable   book   recommender .   2.4.   Experiment   Setup   We   perf...", "module": "document_ingest", "function": "chunk_documents", "line": 121}
{"timestamp": "2025-06-25T10:42:25.390345", "level": "INFO", "logger": "backend.app.services.document_ingest", "message": "Document 1 preview: Table   of   Contents   1.   Introduction   3   1.1.   Dataset   description   3   2.   Methodology   4   2.1.   Task   Description   4   2.2.   Evaluation   Metrics   5   2.3.   Models   Used   6   2...", "module": "document_ingest", "function": "chunk_documents", "line": 121}
{"timestamp": "2025-06-25T10:42:25.390456", "level": "INFO", "logger": "backend.app.services.document_ingest", "message": "Document 8: content length = 925 chars", "module": "document_ingest", "function": "chunk_documents", "line": 118}
{"timestamp": "2025-06-25T10:42:25.390533", "level": "INFO", "logger": "backend.app.services.document_ingest", "message": "Document 2: content length = 2911 chars", "module": "document_ingest", "function": "chunk_documents", "line": 118}
{"timestamp": "2025-06-25T10:42:25.390590", "level": "INFO", "logger": "backend.app.services.document_ingest", "message": "Document 8 preview: RMSE   0.766   0.7388   0.8388   0.8214   0.7193   Precision@1   0.7697   0.7629   0.6821   0.8357   0.8227   Recall@1   0.351   0.3451   0.2957   0.3968   0.3899   Precision@3   0.5802   0.5752   0.4...", "module": "document_ingest", "function": "chunk_documents", "line": 121}
{"timestamp": "2025-06-25T10:42:25.390674", "level": "INFO", "logger": "backend.app.services.document_ingest", "message": "Document 2 preview: 1.   Introduction   Recommender   systems   play   a   central   role   in   modern   digital   platforms,   helping   users   discover   content,   products,   or   services   that   align   with   t...", "module": "document_ingest", "function": "chunk_documents", "line": 121}
{"timestamp": "2025-06-25T10:42:25.390760", "level": "INFO", "logger": "backend.app.services.document_ingest", "message": "Document 9: content length = 999 chars", "module": "document_ingest", "function": "chunk_documents", "line": 118}
{"timestamp": "2025-06-25T10:42:25.390822", "level": "INFO", "logger": "backend.app.services.document_ingest", "message": "Document 3: content length = 2876 chars", "module": "document_ingest", "function": "chunk_documents", "line": 118}
{"timestamp": "2025-06-25T10:42:25.390863", "level": "INFO", "logger": "backend.app.services.document_ingest", "message": "Document 3 preview: publishedDate,   categories,   ratingsCount .   Additionally,   a   sent iment   score   is   computed   for   each   review   using   a   pre-trained   PyTorch   neural   network   model   that   ana...", "module": "document_ingest", "function": "chunk_documents", "line": 121}
{"timestamp": "2025-06-25T10:42:25.390907", "level": "INFO", "logger": "backend.app.services.document_ingest", "message": "Document 9 preview:   0   1   2   3   4   Model   SVD   SVD++   NMF   KNN-User   KNN-Item   RMSE   1.0411   1.0078   1.0864   1.0772   1.0076   Precision@1   0.2911   0.3295   0.3773   0.4175   0.4072   Recall@1   0.127 ...", "module": "document_ingest", "function": "chunk_documents", "line": 121}
{"timestamp": "2025-06-25T10:42:25.390953", "level": "INFO", "logger": "backend.app.services.document_ingest", "message": "Document 4: content length = 1215 chars", "module": "document_ingest", "function": "chunk_documents", "line": 118}
{"timestamp": "2025-06-25T10:42:25.390996", "level": "INFO", "logger": "backend.app.services.document_ingest", "message": "Document 10: content length = 78 chars", "module": "document_ingest", "function": "chunk_documents", "line": 118}
{"timestamp": "2025-06-25T10:42:25.391048", "level": "INFO", "logger": "backend.app.services.document_ingest", "message": "Document 10 preview:       Figure   3.1.   Plots   of   a)   Precision@K   and   b)   Recall@K     ...", "module": "document_ingest", "function": "chunk_documents", "line": 121}
{"timestamp": "2025-06-25T10:42:25.391091", "level": "INFO", "logger": "backend.app.services.document_ingest", "message": "Document 11: content length = 1111 chars", "module": "document_ingest", "function": "chunk_documents", "line": 118}
{"timestamp": "2025-06-25T10:42:25.391133", "level": "INFO", "logger": "backend.app.services.document_ingest", "message": "Document 4 preview: 2.2.   Evaluation   Metrics   We   evaluate   both   prediction   accuracy   and   top- ranking   quality:   \u25cf   Root   Mean   Squar ed   Error   (RMSE):   Measures   the   accuracy   of   the   predi...", "module": "document_ingest", "function": "chunk_documents", "line": 121}
{"timestamp": "2025-06-25T10:42:25.391218", "level": "INFO", "logger": "backend.app.services.document_ingest", "message": "Document 11 preview:   Figure   3.1.   Sentiment   Adjusted   Plots   of   a)   Precision@K   and   b)   Recall@K   Tables   3.1   and   3.2   summarize   the   recommendation   accuracy   for   models   trained   on   or...", "module": "document_ingest", "function": "chunk_documents", "line": 121}
{"timestamp": "2025-06-25T10:42:25.391265", "level": "INFO", "logger": "backend.app.services.document_ingest", "message": "Document 5: content length = 3013 chars", "module": "document_ingest", "function": "chunk_documents", "line": 118}
{"timestamp": "2025-06-25T10:42:25.391318", "level": "INFO", "logger": "backend.app.services.document_ingest", "message": "Document 12: content length = 3324 chars", "module": "document_ingest", "function": "chunk_documents", "line": 118}
{"timestamp": "2025-06-25T10:42:25.391384", "level": "INFO", "logger": "backend.app.services.document_ingest", "message": "Document 5 preview: We   report   precision@K   and   recall@K   for   .   In   summary ,   RMSE   assesses   rating   prediction   accuracy ,   while   Precision@K   and   Recall@K   measure   the   accuracy   and   com...", "module": "document_ingest", "function": "chunk_documents", "line": 121}
{"timestamp": "2025-06-25T10:42:25.391443", "level": "INFO", "logger": "backend.app.services.document_ingest", "message": "Document 12 preview: By   comparison,   training   on   sentiment-scaled   ratings   substantially   degrades   performance.   Table   3.2   shows   that   all   models   incur   much   higher   RMSE   (for   instance,   ...", "module": "document_ingest", "function": "chunk_documents", "line": 121}
{"timestamp": "2025-06-25T10:42:25.391496", "level": "INFO", "logger": "backend.app.services.document_ingest", "message": "Document 6: content length = 3336 chars", "module": "document_ingest", "function": "chunk_documents", "line": 118}
{"timestamp": "2025-06-25T10:42:25.391564", "level": "INFO", "logger": "backend.app.services.document_ingest", "message": "Document 13: content length = 2602 chars", "module": "document_ingest", "function": "chunk_documents", "line": 118}
{"timestamp": "2025-06-25T10:42:25.391624", "level": "INFO", "logger": "backend.app.services.document_ingest", "message": "Document 6 preview: only   add   up.   The   expected   benefit   is   twofold:   by   focusing   on   additive   (positive)   contributions,   NMF   can   reduce   noise   from   arbitrary   sign   interactions,   and  ...", "module": "document_ingest", "function": "chunk_documents", "line": 121}
{"timestamp": "2025-06-25T10:42:25.391664", "level": "INFO", "logger": "backend.app.services.document_ingest", "message": "Document 7: content length = 1980 chars", "module": "document_ingest", "function": "chunk_documents", "line": 118}
{"timestamp": "2025-06-25T10:42:25.391709", "level": "INFO", "logger": "backend.app.services.document_ingest", "message": "Document 13 preview: between   ratings   and   sentiment   scores.   In   effect,   adding   sentiment   as   side   information   imposes   an   extra   constraint   on   the   model.   This   illustrates   the   classic...", "module": "document_ingest", "function": "chunk_documents", "line": 121}
{"timestamp": "2025-06-25T10:42:25.391758", "level": "INFO", "logger": "backend.app.services.document_ingest", "message": "Document 14: content length = 379 chars", "module": "document_ingest", "function": "chunk_documents", "line": 118}
{"timestamp": "2025-06-25T10:42:25.391818", "level": "INFO", "logger": "backend.app.services.document_ingest", "message": "Document 7 preview: data   from   sentiment.   We   expect   that   combining   these   approaches   will   yield   a   more   accurate   and   interpretable   book   recommender .   2.4.   Experiment   Setup   We   perf...", "module": "document_ingest", "function": "chunk_documents", "line": 121}
{"timestamp": "2025-06-25T10:42:25.391875", "level": "INFO", "logger": "backend.app.services.document_ingest", "message": "Document 14 preview: References   1.   Dang,   C.   N.,   Moreno-Garc\u00eda,   M.   N.,   &   Prieta,   F.   D.   L.   (2021).   An   approach   to   integrating   sentiment   analysis   into   recommender   systems.   Sensor...", "module": "document_ingest", "function": "chunk_documents", "line": 121}
{"timestamp": "2025-06-25T10:42:25.394817", "level": "INFO", "logger": "backend.app.services.document_ingest", "message": "Document 8: content length = 925 chars", "module": "document_ingest", "function": "chunk_documents", "line": 118}
{"timestamp": "2025-06-25T10:42:25.394862", "level": "INFO", "logger": "backend.app.services.document_ingest", "message": "Split 15 documents into 48 chunks with size=750, overlap=150", "module": "document_ingest", "function": "chunk_documents", "line": 141}
{"timestamp": "2025-06-25T10:42:25.394910", "level": "INFO", "logger": "backend.app.services.document_ingest", "message": "Document 8 preview: RMSE   0.766   0.7388   0.8388   0.8214   0.7193   Precision@1   0.7697   0.7629   0.6821   0.8357   0.8227   Recall@1   0.351   0.3451   0.2957   0.3968   0.3899   Precision@3   0.5802   0.5752   0.4...", "module": "document_ingest", "function": "chunk_documents", "line": 121}
{"timestamp": "2025-06-25T10:42:25.394951", "level": "INFO", "logger": "backend.app.services.document_ingest", "message": "Chunk 0: length = 223 chars, metadata = {'source': 'Solo-report_1_bcb0d2fd.pdf', 'page': 0, 'source_path': '/Users/talgatbaktybekov/Desktop/rag_app/data/user_documents/1/Solo-report_1_bcb0d2fd.pdf', 'user_id': 1, 'document_id': 8}", "module": "document_ingest", "function": "chunk_documents", "line": 146}
{"timestamp": "2025-06-25T10:42:25.395085", "level": "INFO", "logger": "backend.app.services.document_ingest", "message": "Document 9: content length = 999 chars", "module": "document_ingest", "function": "chunk_documents", "line": 118}
{"timestamp": "2025-06-25T10:42:25.395210", "level": "INFO", "logger": "backend.app.services.document_ingest", "message": "Chunk 1: length = 345 chars, metadata = {'source': 'Solo-report_1_bcb0d2fd.pdf', 'page': 1, 'source_path': '/Users/talgatbaktybekov/Desktop/rag_app/data/user_documents/1/Solo-report_1_bcb0d2fd.pdf', 'user_id': 1, 'document_id': 8}", "module": "document_ingest", "function": "chunk_documents", "line": 146}
{"timestamp": "2025-06-25T10:42:25.395264", "level": "INFO", "logger": "backend.app.services.document_ingest", "message": "Document 9 preview:   0   1   2   3   4   Model   SVD   SVD++   NMF   KNN-User   KNN-Item   RMSE   1.0411   1.0078   1.0864   1.0772   1.0076   Precision@1   0.2911   0.3295   0.3773   0.4175   0.4072   Recall@1   0.127 ...", "module": "document_ingest", "function": "chunk_documents", "line": 121}
{"timestamp": "2025-06-25T10:42:25.395326", "level": "INFO", "logger": "backend.app.services.document_ingest", "message": "Chunk 2: length = 745 chars, metadata = {'source': 'Solo-report_1_bcb0d2fd.pdf', 'page': 2, 'source_path': '/Users/talgatbaktybekov/Desktop/rag_app/data/user_documents/1/Solo-report_1_bcb0d2fd.pdf', 'user_id': 1, 'document_id': 8}", "module": "document_ingest", "function": "chunk_documents", "line": 146}
{"timestamp": "2025-06-25T10:42:25.395435", "level": "INFO", "logger": "backend.app.services.document_ingest", "message": "Document 10: content length = 78 chars", "module": "document_ingest", "function": "chunk_documents", "line": 118}
{"timestamp": "2025-06-25T10:42:25.395474", "level": "INFO", "logger": "backend.app.services.document_ingest", "message": "Document 10 preview:       Figure   3.1.   Plots   of   a)   Precision@K   and   b)   Recall@K     ...", "module": "document_ingest", "function": "chunk_documents", "line": 121}
{"timestamp": "2025-06-25T10:42:25.395544", "level": "INFO", "logger": "backend.app.services.document_ingest", "message": "Document 11: content length = 1111 chars", "module": "document_ingest", "function": "chunk_documents", "line": 118}
{"timestamp": "2025-06-25T10:42:25.395640", "level": "INFO", "logger": "backend.app.services.document_ingest", "message": "Document 11 preview:   Figure   3.1.   Sentiment   Adjusted   Plots   of   a)   Precision@K   and   b)   Recall@K   Tables   3.1   and   3.2   summarize   the   recommendation   accuracy   for   models   trained   on   or...", "module": "document_ingest", "function": "chunk_documents", "line": 121}
{"timestamp": "2025-06-25T10:42:25.395802", "level": "INFO", "logger": "backend.app.services.document_ingest", "message": "Document 12: content length = 3324 chars", "module": "document_ingest", "function": "chunk_documents", "line": 118}
{"timestamp": "2025-06-25T10:42:25.395874", "level": "INFO", "logger": "backend.app.services.document_ingest", "message": "Document 12 preview: By   comparison,   training   on   sentiment-scaled   ratings   substantially   degrades   performance.   Table   3.2   shows   that   all   models   incur   much   higher   RMSE   (for   instance,   ...", "module": "document_ingest", "function": "chunk_documents", "line": 121}
{"timestamp": "2025-06-25T10:42:25.396025", "level": "INFO", "logger": "backend.app.services.document_ingest", "message": "Document 13: content length = 2602 chars", "module": "document_ingest", "function": "chunk_documents", "line": 118}
{"timestamp": "2025-06-25T10:42:25.396074", "level": "INFO", "logger": "backend.app.services.document_ingest", "message": "Document 13 preview: between   ratings   and   sentiment   scores.   In   effect,   adding   sentiment   as   side   information   imposes   an   extra   constraint   on   the   model.   This   illustrates   the   classic...", "module": "document_ingest", "function": "chunk_documents", "line": 121}
{"timestamp": "2025-06-25T10:42:25.396109", "level": "INFO", "logger": "backend.app.services.document_ingest", "message": "Document 14: content length = 379 chars", "module": "document_ingest", "function": "chunk_documents", "line": 118}
{"timestamp": "2025-06-25T10:42:25.396145", "level": "INFO", "logger": "backend.app.services.document_ingest", "message": "Document 14 preview: References   1.   Dang,   C.   N.,   Moreno-Garc\u00eda,   M.   N.,   &   Prieta,   F.   D.   L.   (2021).   An   approach   to   integrating   sentiment   analysis   into   recommender   systems.   Sensor...", "module": "document_ingest", "function": "chunk_documents", "line": 121}
{"timestamp": "2025-06-25T10:42:25.399023", "level": "INFO", "logger": "backend.app.services.document_ingest", "message": "Split 15 documents into 48 chunks with size=750, overlap=150", "module": "document_ingest", "function": "chunk_documents", "line": 141}
{"timestamp": "2025-06-25T10:42:25.399174", "level": "INFO", "logger": "backend.app.services.document_ingest", "message": "Chunk 0: length = 223 chars, metadata = {'source': 'Solo-report_1_bcb0d2fd.pdf', 'page': 0, 'source_path': '/Users/talgatbaktybekov/Desktop/rag_app/data/user_documents/1/Solo-report_1_bcb0d2fd.pdf', 'user_id': 1, 'document_id': 8}", "module": "document_ingest", "function": "chunk_documents", "line": 146}
{"timestamp": "2025-06-25T10:42:25.399223", "level": "INFO", "logger": "backend.app.services.document_ingest", "message": "Chunk 1: length = 345 chars, metadata = {'source': 'Solo-report_1_bcb0d2fd.pdf', 'page': 1, 'source_path': '/Users/talgatbaktybekov/Desktop/rag_app/data/user_documents/1/Solo-report_1_bcb0d2fd.pdf', 'user_id': 1, 'document_id': 8}", "module": "document_ingest", "function": "chunk_documents", "line": 146}
{"timestamp": "2025-06-25T10:42:25.399322", "level": "INFO", "logger": "backend.app.services.document_ingest", "message": "Chunk 2: length = 745 chars, metadata = {'source': 'Solo-report_1_bcb0d2fd.pdf', 'page': 2, 'source_path': '/Users/talgatbaktybekov/Desktop/rag_app/data/user_documents/1/Solo-report_1_bcb0d2fd.pdf', 'user_id': 1, 'document_id': 8}", "module": "document_ingest", "function": "chunk_documents", "line": 146}
{"timestamp": "2025-06-25T10:42:25.708596", "level": "INFO", "logger": "chromadb.telemetry.product.posthog", "message": "Anonymized telemetry enabled. See                     https://docs.trychroma.com/telemetry for more information.", "module": "posthog", "function": "__init__", "line": 20}
{"timestamp": "2025-06-25T10:42:47.937132", "level": "INFO", "logger": "backend.app.services.document_ingest", "message": "Deleted 48 chunks for document_id 8", "module": "document_ingest", "function": "delete_document_from_vectorstore", "line": 393}
{"timestamp": "2025-06-25T10:52:34.691515", "level": "INFO", "logger": "root", "message": "Starting application", "module": "main", "function": "<module>", "line": 14}
{"timestamp": "2025-06-25T10:52:48.832262", "level": "INFO", "logger": "backend.app.api.routes_document", "message": "Successfully uploaded file: Solo-report_1_bcb0d2fd.pdf", "module": "routes_document", "function": "upload_user_documents", "line": 155}
{"timestamp": "2025-06-25T10:52:49.352410", "level": "INFO", "logger": "backend.app.services.document_ingest", "message": "Loaded 15 pages from Solo-report_1_bcb0d2fd.pdf", "module": "document_ingest", "function": "load_documents_from_pdfs", "line": 75}
{"timestamp": "2025-06-25T10:52:49.352822", "level": "INFO", "logger": "backend.app.services.document_ingest", "message": "Document 0: content length = 234 chars", "module": "document_ingest", "function": "chunk_documents", "line": 118}
{"timestamp": "2025-06-25T10:52:49.357705", "level": "INFO", "logger": "backend.app.services.document_ingest", "message": "Document 0 preview:       SDSC3002   Data   Mining     Book   Recommendation   System   Using   Collaborative   Filtering   Methods   Incorporating   Review   Sentiment   Scores           Team   \u201cSolo\u201d   Members:   BAKTY...", "module": "document_ingest", "function": "chunk_documents", "line": 121}
{"timestamp": "2025-06-25T10:52:49.357840", "level": "INFO", "logger": "backend.app.services.document_ingest", "message": "Loaded 15 pages from Solo-report_1_bcb0d2fd.pdf", "module": "document_ingest", "function": "load_documents_from_pdfs", "line": 75}
{"timestamp": "2025-06-25T10:52:49.357936", "level": "INFO", "logger": "backend.app.services.document_ingest", "message": "Document 1: content length = 349 chars", "module": "document_ingest", "function": "chunk_documents", "line": 118}
{"timestamp": "2025-06-25T10:52:49.358271", "level": "INFO", "logger": "backend.app.services.document_ingest", "message": "Document 0: content length = 234 chars", "module": "document_ingest", "function": "chunk_documents", "line": 118}
{"timestamp": "2025-06-25T10:52:49.358359", "level": "INFO", "logger": "backend.app.services.document_ingest", "message": "Document 1 preview: Table   of   Contents   1.   Introduction   3   1.1.   Dataset   description   3   2.   Methodology   4   2.1.   Task   Description   4   2.2.   Evaluation   Metrics   5   2.3.   Models   Used   6   2...", "module": "document_ingest", "function": "chunk_documents", "line": 121}
{"timestamp": "2025-06-25T10:52:49.358414", "level": "INFO", "logger": "backend.app.services.document_ingest", "message": "Document 2: content length = 2911 chars", "module": "document_ingest", "function": "chunk_documents", "line": 118}
{"timestamp": "2025-06-25T10:52:49.358485", "level": "INFO", "logger": "backend.app.services.document_ingest", "message": "Document 0 preview:       SDSC3002   Data   Mining     Book   Recommendation   System   Using   Collaborative   Filtering   Methods   Incorporating   Review   Sentiment   Scores           Team   \u201cSolo\u201d   Members:   BAKTY...", "module": "document_ingest", "function": "chunk_documents", "line": 121}
{"timestamp": "2025-06-25T10:52:49.358582", "level": "INFO", "logger": "backend.app.services.document_ingest", "message": "Document 2 preview: 1.   Introduction   Recommender   systems   play   a   central   role   in   modern   digital   platforms,   helping   users   discover   content,   products,   or   services   that   align   with   t...", "module": "document_ingest", "function": "chunk_documents", "line": 121}
{"timestamp": "2025-06-25T10:52:49.358688", "level": "INFO", "logger": "backend.app.services.document_ingest", "message": "Document 1: content length = 349 chars", "module": "document_ingest", "function": "chunk_documents", "line": 118}
{"timestamp": "2025-06-25T10:52:49.358776", "level": "INFO", "logger": "backend.app.services.document_ingest", "message": "Document 3: content length = 2876 chars", "module": "document_ingest", "function": "chunk_documents", "line": 118}
{"timestamp": "2025-06-25T10:52:49.358881", "level": "INFO", "logger": "backend.app.services.document_ingest", "message": "Document 1 preview: Table   of   Contents   1.   Introduction   3   1.1.   Dataset   description   3   2.   Methodology   4   2.1.   Task   Description   4   2.2.   Evaluation   Metrics   5   2.3.   Models   Used   6   2...", "module": "document_ingest", "function": "chunk_documents", "line": 121}
{"timestamp": "2025-06-25T10:52:49.358949", "level": "INFO", "logger": "backend.app.services.document_ingest", "message": "Document 3 preview: publishedDate,   categories,   ratingsCount .   Additionally,   a   sent iment   score   is   computed   for   each   review   using   a   pre-trained   PyTorch   neural   network   model   that   ana...", "module": "document_ingest", "function": "chunk_documents", "line": 121}
{"timestamp": "2025-06-25T10:52:49.359024", "level": "INFO", "logger": "backend.app.services.document_ingest", "message": "Document 2: content length = 2911 chars", "module": "document_ingest", "function": "chunk_documents", "line": 118}
{"timestamp": "2025-06-25T10:52:49.359107", "level": "INFO", "logger": "backend.app.services.document_ingest", "message": "Document 4: content length = 1215 chars", "module": "document_ingest", "function": "chunk_documents", "line": 118}
{"timestamp": "2025-06-25T10:52:49.359180", "level": "INFO", "logger": "backend.app.services.document_ingest", "message": "Document 2 preview: 1.   Introduction   Recommender   systems   play   a   central   role   in   modern   digital   platforms,   helping   users   discover   content,   products,   or   services   that   align   with   t...", "module": "document_ingest", "function": "chunk_documents", "line": 121}
{"timestamp": "2025-06-25T10:52:49.359255", "level": "INFO", "logger": "backend.app.services.document_ingest", "message": "Document 3: content length = 2876 chars", "module": "document_ingest", "function": "chunk_documents", "line": 118}
{"timestamp": "2025-06-25T10:52:49.359323", "level": "INFO", "logger": "backend.app.services.document_ingest", "message": "Document 3 preview: publishedDate,   categories,   ratingsCount .   Additionally,   a   sent iment   score   is   computed   for   each   review   using   a   pre-trained   PyTorch   neural   network   model   that   ana...", "module": "document_ingest", "function": "chunk_documents", "line": 121}
{"timestamp": "2025-06-25T10:52:49.359382", "level": "INFO", "logger": "backend.app.services.document_ingest", "message": "Document 4: content length = 1215 chars", "module": "document_ingest", "function": "chunk_documents", "line": 118}
{"timestamp": "2025-06-25T10:52:49.359456", "level": "INFO", "logger": "backend.app.services.document_ingest", "message": "Document 4 preview: 2.2.   Evaluation   Metrics   We   evaluate   both   prediction   accuracy   and   top- ranking   quality:   \u25cf   Root   Mean   Squar ed   Error   (RMSE):   Measures   the   accuracy   of   the   predi...", "module": "document_ingest", "function": "chunk_documents", "line": 121}
{"timestamp": "2025-06-25T10:52:49.359575", "level": "INFO", "logger": "backend.app.services.document_ingest", "message": "Document 4 preview: 2.2.   Evaluation   Metrics   We   evaluate   both   prediction   accuracy   and   top- ranking   quality:   \u25cf   Root   Mean   Squar ed   Error   (RMSE):   Measures   the   accuracy   of   the   predi...", "module": "document_ingest", "function": "chunk_documents", "line": 121}
{"timestamp": "2025-06-25T10:52:49.359665", "level": "INFO", "logger": "backend.app.services.document_ingest", "message": "Document 5: content length = 3013 chars", "module": "document_ingest", "function": "chunk_documents", "line": 118}
{"timestamp": "2025-06-25T10:52:49.359748", "level": "INFO", "logger": "backend.app.services.document_ingest", "message": "Document 5 preview: We   report   precision@K   and   recall@K   for   .   In   summary ,   RMSE   assesses   rating   prediction   accuracy ,   while   Precision@K   and   Recall@K   measure   the   accuracy   and   com...", "module": "document_ingest", "function": "chunk_documents", "line": 121}
{"timestamp": "2025-06-25T10:52:49.359802", "level": "INFO", "logger": "backend.app.services.document_ingest", "message": "Document 5: content length = 3013 chars", "module": "document_ingest", "function": "chunk_documents", "line": 118}
{"timestamp": "2025-06-25T10:52:49.359853", "level": "INFO", "logger": "backend.app.services.document_ingest", "message": "Document 6: content length = 3336 chars", "module": "document_ingest", "function": "chunk_documents", "line": 118}
{"timestamp": "2025-06-25T10:52:49.359898", "level": "INFO", "logger": "backend.app.services.document_ingest", "message": "Document 5 preview: We   report   precision@K   and   recall@K   for   .   In   summary ,   RMSE   assesses   rating   prediction   accuracy ,   while   Precision@K   and   Recall@K   measure   the   accuracy   and   com...", "module": "document_ingest", "function": "chunk_documents", "line": 121}
{"timestamp": "2025-06-25T10:52:49.359941", "level": "INFO", "logger": "backend.app.services.document_ingest", "message": "Document 6 preview: only   add   up.   The   expected   benefit   is   twofold:   by   focusing   on   additive   (positive)   contributions,   NMF   can   reduce   noise   from   arbitrary   sign   interactions,   and  ...", "module": "document_ingest", "function": "chunk_documents", "line": 121}
{"timestamp": "2025-06-25T10:52:49.360019", "level": "INFO", "logger": "backend.app.services.document_ingest", "message": "Document 6: content length = 3336 chars", "module": "document_ingest", "function": "chunk_documents", "line": 118}
{"timestamp": "2025-06-25T10:52:49.360096", "level": "INFO", "logger": "backend.app.services.document_ingest", "message": "Document 7: content length = 1980 chars", "module": "document_ingest", "function": "chunk_documents", "line": 118}
{"timestamp": "2025-06-25T10:52:49.360153", "level": "INFO", "logger": "backend.app.services.document_ingest", "message": "Document 6 preview: only   add   up.   The   expected   benefit   is   twofold:   by   focusing   on   additive   (positive)   contributions,   NMF   can   reduce   noise   from   arbitrary   sign   interactions,   and  ...", "module": "document_ingest", "function": "chunk_documents", "line": 121}
{"timestamp": "2025-06-25T10:52:49.360205", "level": "INFO", "logger": "backend.app.services.document_ingest", "message": "Document 7 preview: data   from   sentiment.   We   expect   that   combining   these   approaches   will   yield   a   more   accurate   and   interpretable   book   recommender .   2.4.   Experiment   Setup   We   perf...", "module": "document_ingest", "function": "chunk_documents", "line": 121}
{"timestamp": "2025-06-25T10:52:49.360248", "level": "INFO", "logger": "backend.app.services.document_ingest", "message": "Document 7: content length = 1980 chars", "module": "document_ingest", "function": "chunk_documents", "line": 118}
{"timestamp": "2025-06-25T10:52:49.360292", "level": "INFO", "logger": "backend.app.services.document_ingest", "message": "Document 8: content length = 925 chars", "module": "document_ingest", "function": "chunk_documents", "line": 118}
{"timestamp": "2025-06-25T10:52:49.360335", "level": "INFO", "logger": "backend.app.services.document_ingest", "message": "Document 7 preview: data   from   sentiment.   We   expect   that   combining   these   approaches   will   yield   a   more   accurate   and   interpretable   book   recommender .   2.4.   Experiment   Setup   We   perf...", "module": "document_ingest", "function": "chunk_documents", "line": 121}
{"timestamp": "2025-06-25T10:52:49.360397", "level": "INFO", "logger": "backend.app.services.document_ingest", "message": "Document 8 preview: RMSE   0.766   0.7388   0.8388   0.8214   0.7193   Precision@1   0.7697   0.7629   0.6821   0.8357   0.8227   Recall@1   0.351   0.3451   0.2957   0.3968   0.3899   Precision@3   0.5802   0.5752   0.4...", "module": "document_ingest", "function": "chunk_documents", "line": 121}
{"timestamp": "2025-06-25T10:52:49.360462", "level": "INFO", "logger": "backend.app.services.document_ingest", "message": "Document 8: content length = 925 chars", "module": "document_ingest", "function": "chunk_documents", "line": 118}
{"timestamp": "2025-06-25T10:52:49.360513", "level": "INFO", "logger": "backend.app.services.document_ingest", "message": "Document 9: content length = 999 chars", "module": "document_ingest", "function": "chunk_documents", "line": 118}
{"timestamp": "2025-06-25T10:52:49.360560", "level": "INFO", "logger": "backend.app.services.document_ingest", "message": "Document 8 preview: RMSE   0.766   0.7388   0.8388   0.8214   0.7193   Precision@1   0.7697   0.7629   0.6821   0.8357   0.8227   Recall@1   0.351   0.3451   0.2957   0.3968   0.3899   Precision@3   0.5802   0.5752   0.4...", "module": "document_ingest", "function": "chunk_documents", "line": 121}
{"timestamp": "2025-06-25T10:52:49.360620", "level": "INFO", "logger": "backend.app.services.document_ingest", "message": "Document 9 preview:   0   1   2   3   4   Model   SVD   SVD++   NMF   KNN-User   KNN-Item   RMSE   1.0411   1.0078   1.0864   1.0772   1.0076   Precision@1   0.2911   0.3295   0.3773   0.4175   0.4072   Recall@1   0.127 ...", "module": "document_ingest", "function": "chunk_documents", "line": 121}
{"timestamp": "2025-06-25T10:52:49.360669", "level": "INFO", "logger": "backend.app.services.document_ingest", "message": "Document 9: content length = 999 chars", "module": "document_ingest", "function": "chunk_documents", "line": 118}
{"timestamp": "2025-06-25T10:52:49.360717", "level": "INFO", "logger": "backend.app.services.document_ingest", "message": "Document 10: content length = 78 chars", "module": "document_ingest", "function": "chunk_documents", "line": 118}
{"timestamp": "2025-06-25T10:52:49.360761", "level": "INFO", "logger": "backend.app.services.document_ingest", "message": "Document 9 preview:   0   1   2   3   4   Model   SVD   SVD++   NMF   KNN-User   KNN-Item   RMSE   1.0411   1.0078   1.0864   1.0772   1.0076   Precision@1   0.2911   0.3295   0.3773   0.4175   0.4072   Recall@1   0.127 ...", "module": "document_ingest", "function": "chunk_documents", "line": 121}
{"timestamp": "2025-06-25T10:52:49.360805", "level": "INFO", "logger": "backend.app.services.document_ingest", "message": "Document 10 preview:       Figure   3.1.   Plots   of   a)   Precision@K   and   b)   Recall@K     ...", "module": "document_ingest", "function": "chunk_documents", "line": 121}
{"timestamp": "2025-06-25T10:52:49.360851", "level": "INFO", "logger": "backend.app.services.document_ingest", "message": "Document 10: content length = 78 chars", "module": "document_ingest", "function": "chunk_documents", "line": 118}
{"timestamp": "2025-06-25T10:52:49.360894", "level": "INFO", "logger": "backend.app.services.document_ingest", "message": "Document 11: content length = 1111 chars", "module": "document_ingest", "function": "chunk_documents", "line": 118}
{"timestamp": "2025-06-25T10:52:49.360939", "level": "INFO", "logger": "backend.app.services.document_ingest", "message": "Document 10 preview:       Figure   3.1.   Plots   of   a)   Precision@K   and   b)   Recall@K     ...", "module": "document_ingest", "function": "chunk_documents", "line": 121}
{"timestamp": "2025-06-25T10:52:49.360983", "level": "INFO", "logger": "backend.app.services.document_ingest", "message": "Document 11 preview:   Figure   3.1.   Sentiment   Adjusted   Plots   of   a)   Precision@K   and   b)   Recall@K   Tables   3.1   and   3.2   summarize   the   recommendation   accuracy   for   models   trained   on   or...", "module": "document_ingest", "function": "chunk_documents", "line": 121}
{"timestamp": "2025-06-25T10:52:49.361026", "level": "INFO", "logger": "backend.app.services.document_ingest", "message": "Document 11: content length = 1111 chars", "module": "document_ingest", "function": "chunk_documents", "line": 118}
{"timestamp": "2025-06-25T10:52:49.361081", "level": "INFO", "logger": "backend.app.services.document_ingest", "message": "Document 12: content length = 3324 chars", "module": "document_ingest", "function": "chunk_documents", "line": 118}
{"timestamp": "2025-06-25T10:52:49.361139", "level": "INFO", "logger": "backend.app.services.document_ingest", "message": "Document 11 preview:   Figure   3.1.   Sentiment   Adjusted   Plots   of   a)   Precision@K   and   b)   Recall@K   Tables   3.1   and   3.2   summarize   the   recommendation   accuracy   for   models   trained   on   or...", "module": "document_ingest", "function": "chunk_documents", "line": 121}
{"timestamp": "2025-06-25T10:52:49.361203", "level": "INFO", "logger": "backend.app.services.document_ingest", "message": "Document 12 preview: By   comparison,   training   on   sentiment-scaled   ratings   substantially   degrades   performance.   Table   3.2   shows   that   all   models   incur   much   higher   RMSE   (for   instance,   ...", "module": "document_ingest", "function": "chunk_documents", "line": 121}
{"timestamp": "2025-06-25T10:52:49.361282", "level": "INFO", "logger": "backend.app.services.document_ingest", "message": "Document 12: content length = 3324 chars", "module": "document_ingest", "function": "chunk_documents", "line": 118}
{"timestamp": "2025-06-25T10:52:49.361335", "level": "INFO", "logger": "backend.app.services.document_ingest", "message": "Document 13: content length = 2602 chars", "module": "document_ingest", "function": "chunk_documents", "line": 118}
{"timestamp": "2025-06-25T10:52:49.361377", "level": "INFO", "logger": "backend.app.services.document_ingest", "message": "Document 12 preview: By   comparison,   training   on   sentiment-scaled   ratings   substantially   degrades   performance.   Table   3.2   shows   that   all   models   incur   much   higher   RMSE   (for   instance,   ...", "module": "document_ingest", "function": "chunk_documents", "line": 121}
{"timestamp": "2025-06-25T10:52:49.361425", "level": "INFO", "logger": "backend.app.services.document_ingest", "message": "Document 13 preview: between   ratings   and   sentiment   scores.   In   effect,   adding   sentiment   as   side   information   imposes   an   extra   constraint   on   the   model.   This   illustrates   the   classic...", "module": "document_ingest", "function": "chunk_documents", "line": 121}
{"timestamp": "2025-06-25T10:52:49.361467", "level": "INFO", "logger": "backend.app.services.document_ingest", "message": "Document 13: content length = 2602 chars", "module": "document_ingest", "function": "chunk_documents", "line": 118}
{"timestamp": "2025-06-25T10:52:49.361514", "level": "INFO", "logger": "backend.app.services.document_ingest", "message": "Document 14: content length = 379 chars", "module": "document_ingest", "function": "chunk_documents", "line": 118}
{"timestamp": "2025-06-25T10:52:49.361595", "level": "INFO", "logger": "backend.app.services.document_ingest", "message": "Document 13 preview: between   ratings   and   sentiment   scores.   In   effect,   adding   sentiment   as   side   information   imposes   an   extra   constraint   on   the   model.   This   illustrates   the   classic...", "module": "document_ingest", "function": "chunk_documents", "line": 121}
{"timestamp": "2025-06-25T10:52:49.362967", "level": "INFO", "logger": "backend.app.services.document_ingest", "message": "Document 14 preview: References   1.   Dang,   C.   N.,   Moreno-Garc\u00eda,   M.   N.,   &   Prieta,   F.   D.   L.   (2021).   An   approach   to   integrating   sentiment   analysis   into   recommender   systems.   Sensor...", "module": "document_ingest", "function": "chunk_documents", "line": 121}
{"timestamp": "2025-06-25T10:52:49.366301", "level": "INFO", "logger": "backend.app.services.document_ingest", "message": "Document 14: content length = 379 chars", "module": "document_ingest", "function": "chunk_documents", "line": 118}
{"timestamp": "2025-06-25T10:52:49.366365", "level": "INFO", "logger": "backend.app.services.document_ingest", "message": "Split 15 documents into 48 chunks with size=750, overlap=150", "module": "document_ingest", "function": "chunk_documents", "line": 141}
{"timestamp": "2025-06-25T10:52:49.366471", "level": "INFO", "logger": "backend.app.services.document_ingest", "message": "Document 14 preview: References   1.   Dang,   C.   N.,   Moreno-Garc\u00eda,   M.   N.,   &   Prieta,   F.   D.   L.   (2021).   An   approach   to   integrating   sentiment   analysis   into   recommender   systems.   Sensor...", "module": "document_ingest", "function": "chunk_documents", "line": 121}
{"timestamp": "2025-06-25T10:52:49.369661", "level": "INFO", "logger": "backend.app.services.document_ingest", "message": "Chunk 0: length = 223 chars, metadata = {'source': 'Solo-report_1_bcb0d2fd.pdf', 'page': 0, 'source_path': '/Users/talgatbaktybekov/Desktop/rag_app/data/user_documents/1/Solo-report_1_bcb0d2fd.pdf', 'user_id': 1, 'document_id': 1}", "module": "document_ingest", "function": "chunk_documents", "line": 146}
{"timestamp": "2025-06-25T10:52:49.369798", "level": "INFO", "logger": "backend.app.services.document_ingest", "message": "Chunk 1: length = 345 chars, metadata = {'source': 'Solo-report_1_bcb0d2fd.pdf', 'page': 1, 'source_path': '/Users/talgatbaktybekov/Desktop/rag_app/data/user_documents/1/Solo-report_1_bcb0d2fd.pdf', 'user_id': 1, 'document_id': 1}", "module": "document_ingest", "function": "chunk_documents", "line": 146}
{"timestamp": "2025-06-25T10:52:49.370088", "level": "INFO", "logger": "backend.app.services.document_ingest", "message": "Split 15 documents into 48 chunks with size=750, overlap=150", "module": "document_ingest", "function": "chunk_documents", "line": 141}
{"timestamp": "2025-06-25T10:52:49.370138", "level": "INFO", "logger": "backend.app.services.document_ingest", "message": "Chunk 0: length = 223 chars, metadata = {'source': 'Solo-report_1_bcb0d2fd.pdf', 'page': 0, 'source_path': '/Users/talgatbaktybekov/Desktop/rag_app/data/user_documents/1/Solo-report_1_bcb0d2fd.pdf', 'user_id': 1, 'document_id': 1}", "module": "document_ingest", "function": "chunk_documents", "line": 146}
{"timestamp": "2025-06-25T10:52:49.370203", "level": "INFO", "logger": "backend.app.services.document_ingest", "message": "Chunk 2: length = 745 chars, metadata = {'source': 'Solo-report_1_bcb0d2fd.pdf', 'page': 2, 'source_path': '/Users/talgatbaktybekov/Desktop/rag_app/data/user_documents/1/Solo-report_1_bcb0d2fd.pdf', 'user_id': 1, 'document_id': 1}", "module": "document_ingest", "function": "chunk_documents", "line": 146}
{"timestamp": "2025-06-25T10:52:49.370419", "level": "INFO", "logger": "backend.app.services.document_ingest", "message": "Chunk 1: length = 345 chars, metadata = {'source': 'Solo-report_1_bcb0d2fd.pdf', 'page': 1, 'source_path': '/Users/talgatbaktybekov/Desktop/rag_app/data/user_documents/1/Solo-report_1_bcb0d2fd.pdf', 'user_id': 1, 'document_id': 1}", "module": "document_ingest", "function": "chunk_documents", "line": 146}
{"timestamp": "2025-06-25T10:52:49.370542", "level": "INFO", "logger": "backend.app.services.document_ingest", "message": "Chunk 2: length = 745 chars, metadata = {'source': 'Solo-report_1_bcb0d2fd.pdf', 'page': 2, 'source_path': '/Users/talgatbaktybekov/Desktop/rag_app/data/user_documents/1/Solo-report_1_bcb0d2fd.pdf', 'user_id': 1, 'document_id': 1}", "module": "document_ingest", "function": "chunk_documents", "line": 146}
{"timestamp": "2025-06-25T10:52:49.675884", "level": "INFO", "logger": "chromadb.telemetry.product.posthog", "message": "Anonymized telemetry enabled. See                     https://docs.trychroma.com/telemetry for more information.", "module": "posthog", "function": "__init__", "line": 20}
{"timestamp": "2025-06-25T10:52:49.676030", "level": "INFO", "logger": "chromadb.telemetry.product.posthog", "message": "Anonymized telemetry enabled. See                     https://docs.trychroma.com/telemetry for more information.", "module": "posthog", "function": "__init__", "line": 20}
{"timestamp": "2025-06-25T10:56:10.345121", "level": "INFO", "logger": "backend.app.api.routes_document", "message": "Successfully uploaded file: Letter_of_confirmation_student_interns_1_122774f3.pdf", "module": "routes_document", "function": "upload_user_documents", "line": 155}
{"timestamp": "2025-06-25T10:56:10.420285", "level": "INFO", "logger": "backend.app.services.document_ingest", "message": "Loaded 3 pages from Letter_of_confirmation_student_interns_1_122774f3.pdf", "module": "document_ingest", "function": "load_documents_from_pdfs", "line": 75}
{"timestamp": "2025-06-25T10:56:10.420408", "level": "INFO", "logger": "backend.app.services.document_ingest", "message": "Document 0: content length = 3274 chars", "module": "document_ingest", "function": "chunk_documents", "line": 118}
{"timestamp": "2025-06-25T10:56:10.420460", "level": "INFO", "logger": "backend.app.services.document_ingest", "message": "Document 0 preview: \u300a\u6700\u4f4e\u5de5\u8cc7\u689d\uf9b5\u300b\uff08\u7b2c 608\u7ae0\uff09\u300c\u5be6\u7fd2\u5b78\u54e1\u300d\u8eab\u4efd\u78ba\u8a8d\u66f8   Confirmation of \u201cstudent intern\u201d status  under the Mini mum Wage Ordinance (Cap. 608) \u9808\u77e5\u4e8b\u9805 Note   1 \u300c\u5be6\u7fd2\u5b78\u54e1\u300d\u8eab\u4efd\u78ba\u8a8d\u66f8\uff08\u4e0b\u7a31\u300c\u78ba\u8a8d\u66f8\u300d\uff09\u9069\u7528\u65bc\u5c6c\u300a\u6700\u4f4e\u5de5\u8cc7\u689d\uf9b5\u300b\uff08\u7b2c 608\u7ae0\uff09\u6240\u6307\u7684\u5be6\u7fd2\u5b78\u54e1\u3002 \u300c\u5be6\u7fd2\u5b78\u54e1\u300d\u6307\u4e0b\uf99c\uf9d0\u5225\u7684\u5b78\u751f\uff1a (a) \u5728...", "module": "document_ingest", "function": "chunk_documents", "line": 121}
{"timestamp": "2025-06-25T10:56:10.420508", "level": "INFO", "logger": "backend.app.services.document_ingest", "message": "Document 1: content length = 3669 chars", "module": "document_ingest", "function": "chunk_documents", "line": 118}
{"timestamp": "2025-06-25T10:56:10.420551", "level": "INFO", "logger": "backend.app.services.document_ingest", "message": "Document 1 preview: \u300a\u6700\u4f4e\u5de5\u8cc7\u689d\uf9b5\u300b\uff08\u7b2c 608\u7ae0\uff09\u300c\u5be6\u7fd2\u5b78\u54e1\u300d\u8eab\u4efd\u78ba\u8a8d\u66f8   Confirmation of \u201cstudent intern\u201d status  under the Minimum Wage Ordinance (Cap. 608) \u00a0 \u8332\u78ba\u8a8d\u672c\u6559\u80b2\u6a5f\u69cb\u5b89\u6392\u6216\u8a8d\u53ef\u4ee5\u4e0b\u5b78\u751f\u65bc\u6307\u5b9a\u7684\u4e00\u6bb5\u671f\u9593\u5167\uff0c\u5728\u8207\u672c\u6559\u80b2\u6a5f\u69cb\u5411\u8a72\u540d\u5b78\u751f\u63d0\u4f9b\u300a\u6700\u4f4e\u5de5\u8cc7\u689d \uf9b5\u300b\u6240\u6307\u7684\u8ab2\u7a0b\uf9d0\u5225\u6709\u95dc\uf99a\u7684\u60c5\u6cc1\u4e0b\uff0c\u5728  _______________...", "module": "document_ingest", "function": "chunk_documents", "line": 121}
{"timestamp": "2025-06-25T10:56:10.420587", "level": "INFO", "logger": "backend.app.services.document_ingest", "message": "Document 2: content length = 1915 chars", "module": "document_ingest", "function": "chunk_documents", "line": 118}
{"timestamp": "2025-06-25T10:56:10.420629", "level": "INFO", "logger": "backend.app.services.document_ingest", "message": "Document 2 preview: \u300a\u6700\u4f4e\u5de5\u8cc7\u689d\uf9b5\u300b\u9644\u8868 1\u6307\u660e\u7684\u6559\u80b2\u6a5f\u69cb   Education institutions specified in Sc hedule 1 to the Minimum Wage Ordinance 1 \u7531\u300a\u9999\u6e2f\u6559\u80b2\u5927\u5b78\u689d\uf9b5\u300b\uff08\u7b2c 444 \u7ae0\uff09\u8a2d\uf9f7\u7684\u9999\u6e2f\u6559\u80b2\u5927\u5b78  The Education University of Hong Kong  established by The Education...", "module": "document_ingest", "function": "chunk_documents", "line": 121}
{"timestamp": "2025-06-25T10:56:10.421000", "level": "INFO", "logger": "backend.app.services.document_ingest", "message": "Split 3 documents into 15 chunks with size=750, overlap=150", "module": "document_ingest", "function": "chunk_documents", "line": 141}
{"timestamp": "2025-06-25T10:56:10.421045", "level": "INFO", "logger": "backend.app.services.document_ingest", "message": "Chunk 0: length = 718 chars, metadata = {'source': 'Letter_of_confirmation_student_interns_1_122774f3.pdf', 'page': 0, 'source_path': '/Users/talgatbaktybekov/Desktop/rag_app/data/user_documents/1/Letter_of_confirmation_student_interns_1_122774f3.pdf', 'user_id': 1, 'document_id': 2}", "module": "document_ingest", "function": "chunk_documents", "line": 146}
{"timestamp": "2025-06-25T10:56:10.421086", "level": "INFO", "logger": "backend.app.services.document_ingest", "message": "Chunk 1: length = 732 chars, metadata = {'source': 'Letter_of_confirmation_student_interns_1_122774f3.pdf', 'page': 0, 'source_path': '/Users/talgatbaktybekov/Desktop/rag_app/data/user_documents/1/Letter_of_confirmation_student_interns_1_122774f3.pdf', 'user_id': 1, 'document_id': 2}", "module": "document_ingest", "function": "chunk_documents", "line": 146}
{"timestamp": "2025-06-25T10:56:10.421125", "level": "INFO", "logger": "backend.app.services.document_ingest", "message": "Chunk 2: length = 747 chars, metadata = {'source': 'Letter_of_confirmation_student_interns_1_122774f3.pdf', 'page': 0, 'source_path': '/Users/talgatbaktybekov/Desktop/rag_app/data/user_documents/1/Letter_of_confirmation_student_interns_1_122774f3.pdf', 'user_id': 1, 'document_id': 2}", "module": "document_ingest", "function": "chunk_documents", "line": 146}
{"timestamp": "2025-06-25T10:56:10.486959", "level": "INFO", "logger": "backend.app.services.document_ingest", "message": "Loaded 3 pages from Letter_of_confirmation_student_interns_1_122774f3.pdf", "module": "document_ingest", "function": "load_documents_from_pdfs", "line": 75}
{"timestamp": "2025-06-25T10:56:10.487374", "level": "INFO", "logger": "backend.app.services.document_ingest", "message": "Document 0: content length = 3274 chars", "module": "document_ingest", "function": "chunk_documents", "line": 118}
{"timestamp": "2025-06-25T10:56:10.487497", "level": "INFO", "logger": "backend.app.services.document_ingest", "message": "Document 0 preview: \u300a\u6700\u4f4e\u5de5\u8cc7\u689d\uf9b5\u300b\uff08\u7b2c 608\u7ae0\uff09\u300c\u5be6\u7fd2\u5b78\u54e1\u300d\u8eab\u4efd\u78ba\u8a8d\u66f8   Confirmation of \u201cstudent intern\u201d status  under the Mini mum Wage Ordinance (Cap. 608) \u9808\u77e5\u4e8b\u9805 Note   1 \u300c\u5be6\u7fd2\u5b78\u54e1\u300d\u8eab\u4efd\u78ba\u8a8d\u66f8\uff08\u4e0b\u7a31\u300c\u78ba\u8a8d\u66f8\u300d\uff09\u9069\u7528\u65bc\u5c6c\u300a\u6700\u4f4e\u5de5\u8cc7\u689d\uf9b5\u300b\uff08\u7b2c 608\u7ae0\uff09\u6240\u6307\u7684\u5be6\u7fd2\u5b78\u54e1\u3002 \u300c\u5be6\u7fd2\u5b78\u54e1\u300d\u6307\u4e0b\uf99c\uf9d0\u5225\u7684\u5b78\u751f\uff1a (a) \u5728...", "module": "document_ingest", "function": "chunk_documents", "line": 121}
{"timestamp": "2025-06-25T10:56:10.487800", "level": "INFO", "logger": "backend.app.services.document_ingest", "message": "Document 1: content length = 3669 chars", "module": "document_ingest", "function": "chunk_documents", "line": 118}
{"timestamp": "2025-06-25T10:56:10.487899", "level": "INFO", "logger": "backend.app.services.document_ingest", "message": "Document 1 preview: \u300a\u6700\u4f4e\u5de5\u8cc7\u689d\uf9b5\u300b\uff08\u7b2c 608\u7ae0\uff09\u300c\u5be6\u7fd2\u5b78\u54e1\u300d\u8eab\u4efd\u78ba\u8a8d\u66f8   Confirmation of \u201cstudent intern\u201d status  under the Minimum Wage Ordinance (Cap. 608) \u00a0 \u8332\u78ba\u8a8d\u672c\u6559\u80b2\u6a5f\u69cb\u5b89\u6392\u6216\u8a8d\u53ef\u4ee5\u4e0b\u5b78\u751f\u65bc\u6307\u5b9a\u7684\u4e00\u6bb5\u671f\u9593\u5167\uff0c\u5728\u8207\u672c\u6559\u80b2\u6a5f\u69cb\u5411\u8a72\u540d\u5b78\u751f\u63d0\u4f9b\u300a\u6700\u4f4e\u5de5\u8cc7\u689d \uf9b5\u300b\u6240\u6307\u7684\u8ab2\u7a0b\uf9d0\u5225\u6709\u95dc\uf99a\u7684\u60c5\u6cc1\u4e0b\uff0c\u5728  _______________...", "module": "document_ingest", "function": "chunk_documents", "line": 121}
{"timestamp": "2025-06-25T10:56:10.487945", "level": "INFO", "logger": "backend.app.services.document_ingest", "message": "Document 2: content length = 1915 chars", "module": "document_ingest", "function": "chunk_documents", "line": 118}
{"timestamp": "2025-06-25T10:56:10.488200", "level": "INFO", "logger": "backend.app.services.document_ingest", "message": "Document 2 preview: \u300a\u6700\u4f4e\u5de5\u8cc7\u689d\uf9b5\u300b\u9644\u8868 1\u6307\u660e\u7684\u6559\u80b2\u6a5f\u69cb   Education institutions specified in Sc hedule 1 to the Minimum Wage Ordinance 1 \u7531\u300a\u9999\u6e2f\u6559\u80b2\u5927\u5b78\u689d\uf9b5\u300b\uff08\u7b2c 444 \u7ae0\uff09\u8a2d\uf9f7\u7684\u9999\u6e2f\u6559\u80b2\u5927\u5b78  The Education University of Hong Kong  established by The Education...", "module": "document_ingest", "function": "chunk_documents", "line": 121}
{"timestamp": "2025-06-25T10:56:10.488844", "level": "INFO", "logger": "backend.app.services.document_ingest", "message": "Split 3 documents into 15 chunks with size=750, overlap=150", "module": "document_ingest", "function": "chunk_documents", "line": 141}
{"timestamp": "2025-06-25T10:56:10.488988", "level": "INFO", "logger": "backend.app.services.document_ingest", "message": "Chunk 0: length = 718 chars, metadata = {'source': 'Letter_of_confirmation_student_interns_1_122774f3.pdf', 'page': 0, 'source_path': '/Users/talgatbaktybekov/Desktop/rag_app/data/user_documents/1/Letter_of_confirmation_student_interns_1_122774f3.pdf', 'user_id': 1, 'document_id': 2}", "module": "document_ingest", "function": "chunk_documents", "line": 146}
{"timestamp": "2025-06-25T10:56:10.489125", "level": "INFO", "logger": "backend.app.services.document_ingest", "message": "Chunk 1: length = 732 chars, metadata = {'source': 'Letter_of_confirmation_student_interns_1_122774f3.pdf', 'page': 0, 'source_path': '/Users/talgatbaktybekov/Desktop/rag_app/data/user_documents/1/Letter_of_confirmation_student_interns_1_122774f3.pdf', 'user_id': 1, 'document_id': 2}", "module": "document_ingest", "function": "chunk_documents", "line": 146}
{"timestamp": "2025-06-25T10:56:10.489187", "level": "INFO", "logger": "backend.app.services.document_ingest", "message": "Chunk 2: length = 747 chars, metadata = {'source': 'Letter_of_confirmation_student_interns_1_122774f3.pdf', 'page': 0, 'source_path': '/Users/talgatbaktybekov/Desktop/rag_app/data/user_documents/1/Letter_of_confirmation_student_interns_1_122774f3.pdf', 'user_id': 1, 'document_id': 2}", "module": "document_ingest", "function": "chunk_documents", "line": 146}
{"timestamp": "2025-06-25T10:56:22.677998", "level": "INFO", "logger": "backend.app.services.ollama", "message": "Building langchain agent for conversation 1, user 1", "module": "ollama", "function": "build_langchain_agent", "line": 16}
{"timestamp": "2025-06-25T10:56:22.697371", "level": "INFO", "logger": "backend.app.services.ollama", "message": "Selected document IDs: []", "module": "ollama", "function": "build_langchain_agent", "line": 29}
{"timestamp": "2025-06-25T10:56:22.697441", "level": "INFO", "logger": "backend.app.services.ollama", "message": "No selected documents, retrieving from user-accessible documents", "module": "ollama", "function": "build_langchain_agent", "line": 47}
{"timestamp": "2025-06-25T10:56:22.704029", "level": "INFO", "logger": "backend.app.services.document_ingest", "message": "Retrieving 8 chunks for query: 'hi...', search_type: advanced_ensemble", "module": "document_ingest", "function": "retrieve_relevant_chunks", "line": 249}
{"timestamp": "2025-06-25T10:56:22.808878", "level": "INFO", "logger": "backend.app.services.document_ingest", "message": "Retrieved 8 chunks", "module": "document_ingest", "function": "_log_search_results", "line": 352}
{"timestamp": "2025-06-25T10:56:22.809028", "level": "INFO", "logger": "backend.app.services.document_ingest", "message": "Document IDs: [1, 1, 2, 2, 1, 2, 1, 1]", "module": "document_ingest", "function": "_log_search_results", "line": 359}
{"timestamp": "2025-06-25T10:56:22.809094", "level": "INFO", "logger": "backend.app.services.document_ingest", "message": "Sources: ['Solo-report_1_bcb0d2fd.pdf', 'Solo-report_1_bcb0d2fd.pdf', 'Letter_of_confirmation_student_interns_1_122774f3.pdf', 'Letter_of_confirmation_student_interns_1_122774f3.pdf', 'Solo-report_1_bcb0d2fd.pdf', 'Letter_of_confirmation_student_interns_1_122774f3.pdf', 'Solo-report_1_bcb0d2fd.pdf', 'Solo-report_1_bcb0d2fd.pdf']", "module": "document_ingest", "function": "_log_search_results", "line": 361}
{"timestamp": "2025-06-25T10:56:22.809158", "level": "INFO", "logger": "backend.app.services.document_ingest", "message": "Chunk 1: or   rated   highly   by   the   user).   Formally ,   if     is   the   set   of   top-   recommend...", "module": "document_ingest", "function": "_log_search_results", "line": 366}
{"timestamp": "2025-06-25T10:56:22.809208", "level": "INFO", "logger": "backend.app.services.document_ingest", "message": "Chunk 2: user   (using   cosine   or   Pearson   similarity   on   rating   vectors)   and   predicts   ratin...", "module": "document_ingest", "function": "_log_search_results", "line": 366}
{"timestamp": "2025-06-25T10:56:22.809256", "level": "INFO", "logger": "backend.app.services.ollama", "message": "Retrieved 8 context chunks", "module": "ollama", "function": "build_langchain_agent", "line": 58}
{"timestamp": "2025-06-25T10:56:22.809302", "level": "INFO", "logger": "backend.app.services.ollama", "message": "Chunk 1 source: Solo-report_1_bcb0d2fd.pdf", "module": "ollama", "function": "build_langchain_agent", "line": 60}
{"timestamp": "2025-06-25T10:56:22.809379", "level": "INFO", "logger": "backend.app.services.ollama", "message": "Chunk 1 document_id: 1", "module": "ollama", "function": "build_langchain_agent", "line": 61}
{"timestamp": "2025-06-25T10:56:22.809440", "level": "INFO", "logger": "backend.app.services.ollama", "message": "Chunk 1 user_id: 1", "module": "ollama", "function": "build_langchain_agent", "line": 62}
{"timestamp": "2025-06-25T10:56:22.809768", "level": "INFO", "logger": "backend.app.services.ollama", "message": "Chunk 1 preview: or\n \nrated\n \nhighly\n \nby\n \nthe\n \nuser).\n \nFormally ,\n \nif\n \n \nis\n \nthe\n \nset\n \nof\n \ntop-\n \nrecommend...", "module": "ollama", "function": "build_langchain_agent", "line": 63}
{"timestamp": "2025-06-25T10:56:22.809901", "level": "INFO", "logger": "backend.app.services.ollama", "message": "Chunk 2 source: Solo-report_1_bcb0d2fd.pdf", "module": "ollama", "function": "build_langchain_agent", "line": 60}
{"timestamp": "2025-06-25T10:56:22.810010", "level": "INFO", "logger": "backend.app.services.ollama", "message": "Chunk 2 document_id: 1", "module": "ollama", "function": "build_langchain_agent", "line": 61}
{"timestamp": "2025-06-25T10:56:22.810050", "level": "INFO", "logger": "backend.app.services.ollama", "message": "Chunk 2 user_id: 1", "module": "ollama", "function": "build_langchain_agent", "line": 62}
{"timestamp": "2025-06-25T10:56:22.810092", "level": "INFO", "logger": "backend.app.services.ollama", "message": "Chunk 2 preview: user\n \n(using\n \ncosine\n \nor\n \nPearson\n \nsimilarity\n \non\n \nrating\n \nvectors)\n \nand\n \npredicts\n \nratin...", "module": "ollama", "function": "build_langchain_agent", "line": 63}
{"timestamp": "2025-06-25T10:56:22.810130", "level": "INFO", "logger": "backend.app.services.ollama", "message": "Chunk 3 source: Letter_of_confirmation_student_interns_1_122774f3.pdf", "module": "ollama", "function": "build_langchain_agent", "line": 60}
{"timestamp": "2025-06-25T10:56:22.810230", "level": "INFO", "logger": "backend.app.services.ollama", "message": "Chunk 3 document_id: 2", "module": "ollama", "function": "build_langchain_agent", "line": 61}
{"timestamp": "2025-06-25T10:56:22.810410", "level": "INFO", "logger": "backend.app.services.ollama", "message": "Chunk 3 user_id: 1", "module": "ollama", "function": "build_langchain_agent", "line": 62}
{"timestamp": "2025-06-25T10:56:22.810488", "level": "INFO", "logger": "backend.app.services.ollama", "message": "Chunk 3 preview: on the student intern as provided in the Confirmation. \n1 \ufa0a\u78ba\u8a8d\u66f8\u9644\u8a3b 1\u3002 See footnote 1 in the Confirmati...", "module": "ollama", "function": "build_langchain_agent", "line": 63}
{"timestamp": "2025-06-25T10:56:22.810531", "level": "INFO", "logger": "backend.app.services.ollama", "message": "Chunk 4 source: Letter_of_confirmation_student_interns_1_122774f3.pdf", "module": "ollama", "function": "build_langchain_agent", "line": 60}
{"timestamp": "2025-06-25T10:56:22.810631", "level": "INFO", "logger": "backend.app.services.ollama", "message": "Chunk 4 document_id: 2", "module": "ollama", "function": "build_langchain_agent", "line": 61}
{"timestamp": "2025-06-25T10:56:22.810735", "level": "INFO", "logger": "backend.app.services.ollama", "message": "Chunk 4 user_id: 1", "module": "ollama", "function": "build_langchain_agent", "line": 62}
{"timestamp": "2025-06-25T10:56:22.810782", "level": "INFO", "logger": "backend.app.services.ollama", "message": "Chunk 4 preview: connection with a programme that is of a kind specified in the Minimum Wage Ordinance and being prov...", "module": "ollama", "function": "build_langchain_agent", "line": 63}
{"timestamp": "2025-06-25T10:56:22.810823", "level": "INFO", "logger": "backend.app.services.ollama", "message": "Chunk 5 source: Solo-report_1_bcb0d2fd.pdf", "module": "ollama", "function": "build_langchain_agent", "line": 60}
{"timestamp": "2025-06-25T10:56:22.810883", "level": "INFO", "logger": "backend.app.services.ollama", "message": "Chunk 5 document_id: 1", "module": "ollama", "function": "build_langchain_agent", "line": 61}
{"timestamp": "2025-06-25T10:56:22.810918", "level": "INFO", "logger": "backend.app.services.ollama", "message": "Chunk 5 user_id: 1", "module": "ollama", "function": "build_langchain_agent", "line": 62}
{"timestamp": "2025-06-25T10:56:22.810953", "level": "INFO", "logger": "backend.app.services.ollama", "message": "Chunk 5 preview: semantics.\n \n1.1.\n \nDataset\n \ndescription\n \nWe\n \nuse\n \nthe\n \nAmazon\n \nBooks\n \nReviews\n \nDataset\n \nfr...", "module": "ollama", "function": "build_langchain_agent", "line": 63}
{"timestamp": "2025-06-25T10:56:22.810988", "level": "INFO", "logger": "backend.app.services.ollama", "message": "Chunk 6 source: Letter_of_confirmation_student_interns_1_122774f3.pdf", "module": "ollama", "function": "build_langchain_agent", "line": 60}
{"timestamp": "2025-06-25T10:56:22.811022", "level": "INFO", "logger": "backend.app.services.ollama", "message": "Chunk 6 document_id: 2", "module": "ollama", "function": "build_langchain_agent", "line": 61}
{"timestamp": "2025-06-25T10:56:22.811216", "level": "INFO", "logger": "backend.app.services.ollama", "message": "Chunk 6 user_id: 1", "module": "ollama", "function": "build_langchain_agent", "line": 62}
{"timestamp": "2025-06-25T10:56:22.811477", "level": "INFO", "logger": "backend.app.services.ollama", "message": "Chunk 6 preview: (within the meaning of  that Ordinance). \n2 \u6839\u64da\u300a\u6700\u4f4e\u5de5\u8cc7\u689d\uf9b5\u300b \uff0c \u300c\u975e\u672c\u5730\u6559\u80b2\u8ab2\u7a0b\u300d\u6307\u9054\u81f4\u9812\u6388\u5c6c\u5b78\u4f4d\u6216\uf901\u9ad8\u7a0b\ufa01\u7684\u975e\u672c\u5730\u5b78\u8853\u8cc7\u683c\u7684\u5168\u65e5\u5236 \u6559\u80b2\u8ab2\u7a0b\u3002 \nT...", "module": "ollama", "function": "build_langchain_agent", "line": 63}
{"timestamp": "2025-06-25T10:56:22.811607", "level": "INFO", "logger": "backend.app.services.ollama", "message": "Chunk 7 source: Solo-report_1_bcb0d2fd.pdf", "module": "ollama", "function": "build_langchain_agent", "line": 60}
{"timestamp": "2025-06-25T10:56:22.811722", "level": "INFO", "logger": "backend.app.services.ollama", "message": "Chunk 7 document_id: 1", "module": "ollama", "function": "build_langchain_agent", "line": 61}
{"timestamp": "2025-06-25T10:56:22.811927", "level": "INFO", "logger": "backend.app.services.ollama", "message": "Chunk 7 user_id: 1", "module": "ollama", "function": "build_langchain_agent", "line": 62}
{"timestamp": "2025-06-25T10:56:22.812080", "level": "INFO", "logger": "backend.app.services.ollama", "message": "Chunk 7 preview: SDSC3002\n \nData\n \nMining\n \n \nBook\n \nRecommendation\n \nSystem\n \nUsing\n \nCollaborative\n \nFiltering\n \nMe...", "module": "ollama", "function": "build_langchain_agent", "line": 63}
{"timestamp": "2025-06-25T10:56:22.812152", "level": "INFO", "logger": "backend.app.services.ollama", "message": "Chunk 8 source: Solo-report_1_bcb0d2fd.pdf", "module": "ollama", "function": "build_langchain_agent", "line": 60}
{"timestamp": "2025-06-25T10:56:22.812186", "level": "INFO", "logger": "backend.app.services.ollama", "message": "Chunk 8 document_id: 1", "module": "ollama", "function": "build_langchain_agent", "line": 61}
{"timestamp": "2025-06-25T10:56:22.812293", "level": "INFO", "logger": "backend.app.services.ollama", "message": "Chunk 8 user_id: 1", "module": "ollama", "function": "build_langchain_agent", "line": 62}
{"timestamp": "2025-06-25T10:56:22.812365", "level": "INFO", "logger": "backend.app.services.ollama", "message": "Chunk 8 preview: measure\n \nthe\n \nfraction\n \n \n \n \n \nof\n \nrelevant\n \nitems\n \nin\n \nthe\n \ntop-\n \nrecommendations\n \nand\n ...", "module": "ollama", "function": "build_langchain_agent", "line": 63}
{"timestamp": "2025-06-25T10:56:22.812454", "level": "INFO", "logger": "backend.app.services.ollama", "message": "Total context length: 4411 characters", "module": "ollama", "function": "build_langchain_agent", "line": 76}
{"timestamp": "2025-06-25T10:56:22.833710", "level": "WARNING", "logger": "langchain_core.tracers.base", "message": "Parent run 025c13e0-281d-47e7-9277-65136026ae0a not found for run 9660bd67-b859-4e73-af48-16c475bfd192. Treating as a root run.", "module": "base", "function": "_start_trace", "line": 113}
{"timestamp": "2025-06-25T10:56:34.343540", "level": "WARNING", "logger": "langchain_core.callbacks.manager", "message": "Error in RootListenersTracer.on_chain_end callback: AttributeError(\"'SimpleChatHistory' object has no attribute 'add_messages'\")", "module": "manager", "function": "handle_event", "line": 282}
{"timestamp": "2025-06-25T10:56:34.372402", "level": "INFO", "logger": "backend.app.api.routes_chat", "message": "Found fewer references (0) than chunks (8), adding missing references", "module": "routes_chat", "function": "ask", "line": 292}
{"timestamp": "2025-06-25T10:57:19.092248", "level": "INFO", "logger": "backend.app.services.document_ingest", "message": "Deleted 96 chunks for document_id 1", "module": "document_ingest", "function": "delete_document_from_vectorstore", "line": 393}
{"timestamp": "2025-06-25T10:57:20.456266", "level": "INFO", "logger": "backend.app.services.document_ingest", "message": "Deleted 30 chunks for document_id 2", "module": "document_ingest", "function": "delete_document_from_vectorstore", "line": 393}
{"timestamp": "2025-06-25T11:10:39.202488", "level": "INFO", "logger": "root", "message": "Starting application", "module": "main", "function": "<module>", "line": 14}
{"timestamp": "2025-06-25T11:10:45.670360", "level": "INFO", "logger": "root", "message": "Starting application", "module": "main", "function": "<module>", "line": 14}
{"timestamp": "2025-06-25T11:10:49.954476", "level": "INFO", "logger": "root", "message": "Starting application", "module": "main", "function": "<module>", "line": 14}
{"timestamp": "2025-06-25T11:10:54.098943", "level": "INFO", "logger": "root", "message": "Starting application", "module": "main", "function": "<module>", "line": 14}
{"timestamp": "2025-06-25T11:10:55.956259", "level": "INFO", "logger": "root", "message": "Starting application", "module": "main", "function": "<module>", "line": 14}
{"timestamp": "2025-06-25T11:10:56.935381", "level": "INFO", "logger": "root", "message": "Starting application", "module": "main", "function": "<module>", "line": 14}
{"timestamp": "2025-06-25T11:10:59.187289", "level": "INFO", "logger": "root", "message": "Starting application", "module": "main", "function": "<module>", "line": 14}
{"timestamp": "2025-06-25T11:11:03.138563", "level": "INFO", "logger": "root", "message": "Starting application", "module": "main", "function": "<module>", "line": 14}
{"timestamp": "2025-06-25T11:11:06.248132", "level": "INFO", "logger": "root", "message": "Starting application", "module": "main", "function": "<module>", "line": 14}
{"timestamp": "2025-06-25T11:11:27.239336", "level": "INFO", "logger": "root", "message": "Starting application", "module": "main", "function": "<module>", "line": 14}
{"timestamp": "2025-06-25T11:11:30.896707", "level": "INFO", "logger": "root", "message": "Starting application", "module": "main", "function": "<module>", "line": 14}
{"timestamp": "2025-06-25T11:12:00.368994", "level": "INFO", "logger": "root", "message": "Starting application", "module": "main", "function": "<module>", "line": 14}
{"timestamp": "2025-06-25T11:12:04.224020", "level": "INFO", "logger": "root", "message": "Starting application", "module": "main", "function": "<module>", "line": 14}
{"timestamp": "2025-06-25T11:12:15.457308", "level": "INFO", "logger": "backend.app.api.routes_document", "message": "Successfully uploaded file: Letter_of_confirmation_student_interns_1_122774f3.pdf", "module": "routes_document", "function": "upload_user_documents", "line": 155}
{"timestamp": "2025-06-25T11:12:15.604290", "level": "INFO", "logger": "backend.app.services.document_ingest", "message": "Loaded 3 pages from Letter_of_confirmation_student_interns_1_122774f3.pdf", "module": "document_ingest", "function": "load_documents_from_pdfs", "line": 75}
{"timestamp": "2025-06-25T11:12:15.608876", "level": "INFO", "logger": "backend.app.services.document_ingest", "message": "Loaded 3 pages from Letter_of_confirmation_student_interns_1_122774f3.pdf", "module": "document_ingest", "function": "load_documents_from_pdfs", "line": 75}
{"timestamp": "2025-06-25T11:12:15.608957", "level": "INFO", "logger": "backend.app.services.document_ingest", "message": "Document 0: content length = 3274 chars", "module": "document_ingest", "function": "chunk_documents", "line": 118}
{"timestamp": "2025-06-25T11:12:15.609015", "level": "INFO", "logger": "backend.app.services.document_ingest", "message": "Document 0: content length = 3274 chars", "module": "document_ingest", "function": "chunk_documents", "line": 118}
{"timestamp": "2025-06-25T11:12:15.609066", "level": "INFO", "logger": "backend.app.services.document_ingest", "message": "Document 0 preview: \u300a\u6700\u4f4e\u5de5\u8cc7\u689d\uf9b5\u300b\uff08\u7b2c 608\u7ae0\uff09\u300c\u5be6\u7fd2\u5b78\u54e1\u300d\u8eab\u4efd\u78ba\u8a8d\u66f8   Confirmation of \u201cstudent intern\u201d status  under the Mini mum Wage Ordinance (Cap. 608) \u9808\u77e5\u4e8b\u9805 Note   1 \u300c\u5be6\u7fd2\u5b78\u54e1\u300d\u8eab\u4efd\u78ba\u8a8d\u66f8\uff08\u4e0b\u7a31\u300c\u78ba\u8a8d\u66f8\u300d\uff09\u9069\u7528\u65bc\u5c6c\u300a\u6700\u4f4e\u5de5\u8cc7\u689d\uf9b5\u300b\uff08\u7b2c 608\u7ae0\uff09\u6240\u6307\u7684\u5be6\u7fd2\u5b78\u54e1\u3002 \u300c\u5be6\u7fd2\u5b78\u54e1\u300d\u6307\u4e0b\uf99c\uf9d0\u5225\u7684\u5b78\u751f\uff1a (a) \u5728...", "module": "document_ingest", "function": "chunk_documents", "line": 121}
{"timestamp": "2025-06-25T11:12:15.609115", "level": "INFO", "logger": "backend.app.services.document_ingest", "message": "Document 0 preview: \u300a\u6700\u4f4e\u5de5\u8cc7\u689d\uf9b5\u300b\uff08\u7b2c 608\u7ae0\uff09\u300c\u5be6\u7fd2\u5b78\u54e1\u300d\u8eab\u4efd\u78ba\u8a8d\u66f8   Confirmation of \u201cstudent intern\u201d status  under the Mini mum Wage Ordinance (Cap. 608) \u9808\u77e5\u4e8b\u9805 Note   1 \u300c\u5be6\u7fd2\u5b78\u54e1\u300d\u8eab\u4efd\u78ba\u8a8d\u66f8\uff08\u4e0b\u7a31\u300c\u78ba\u8a8d\u66f8\u300d\uff09\u9069\u7528\u65bc\u5c6c\u300a\u6700\u4f4e\u5de5\u8cc7\u689d\uf9b5\u300b\uff08\u7b2c 608\u7ae0\uff09\u6240\u6307\u7684\u5be6\u7fd2\u5b78\u54e1\u3002 \u300c\u5be6\u7fd2\u5b78\u54e1\u300d\u6307\u4e0b\uf99c\uf9d0\u5225\u7684\u5b78\u751f\uff1a (a) \u5728...", "module": "document_ingest", "function": "chunk_documents", "line": 121}
{"timestamp": "2025-06-25T11:12:15.609167", "level": "INFO", "logger": "backend.app.services.document_ingest", "message": "Document 1: content length = 3669 chars", "module": "document_ingest", "function": "chunk_documents", "line": 118}
{"timestamp": "2025-06-25T11:12:15.609225", "level": "INFO", "logger": "backend.app.services.document_ingest", "message": "Document 1: content length = 3669 chars", "module": "document_ingest", "function": "chunk_documents", "line": 118}
{"timestamp": "2025-06-25T11:12:15.609328", "level": "INFO", "logger": "backend.app.services.document_ingest", "message": "Document 1 preview: \u300a\u6700\u4f4e\u5de5\u8cc7\u689d\uf9b5\u300b\uff08\u7b2c 608\u7ae0\uff09\u300c\u5be6\u7fd2\u5b78\u54e1\u300d\u8eab\u4efd\u78ba\u8a8d\u66f8   Confirmation of \u201cstudent intern\u201d status  under the Minimum Wage Ordinance (Cap. 608) \u00a0 \u8332\u78ba\u8a8d\u672c\u6559\u80b2\u6a5f\u69cb\u5b89\u6392\u6216\u8a8d\u53ef\u4ee5\u4e0b\u5b78\u751f\u65bc\u6307\u5b9a\u7684\u4e00\u6bb5\u671f\u9593\u5167\uff0c\u5728\u8207\u672c\u6559\u80b2\u6a5f\u69cb\u5411\u8a72\u540d\u5b78\u751f\u63d0\u4f9b\u300a\u6700\u4f4e\u5de5\u8cc7\u689d \uf9b5\u300b\u6240\u6307\u7684\u8ab2\u7a0b\uf9d0\u5225\u6709\u95dc\uf99a\u7684\u60c5\u6cc1\u4e0b\uff0c\u5728  _______________...", "module": "document_ingest", "function": "chunk_documents", "line": 121}
{"timestamp": "2025-06-25T11:12:15.609385", "level": "INFO", "logger": "backend.app.services.document_ingest", "message": "Document 1 preview: \u300a\u6700\u4f4e\u5de5\u8cc7\u689d\uf9b5\u300b\uff08\u7b2c 608\u7ae0\uff09\u300c\u5be6\u7fd2\u5b78\u54e1\u300d\u8eab\u4efd\u78ba\u8a8d\u66f8   Confirmation of \u201cstudent intern\u201d status  under the Minimum Wage Ordinance (Cap. 608) \u00a0 \u8332\u78ba\u8a8d\u672c\u6559\u80b2\u6a5f\u69cb\u5b89\u6392\u6216\u8a8d\u53ef\u4ee5\u4e0b\u5b78\u751f\u65bc\u6307\u5b9a\u7684\u4e00\u6bb5\u671f\u9593\u5167\uff0c\u5728\u8207\u672c\u6559\u80b2\u6a5f\u69cb\u5411\u8a72\u540d\u5b78\u751f\u63d0\u4f9b\u300a\u6700\u4f4e\u5de5\u8cc7\u689d \uf9b5\u300b\u6240\u6307\u7684\u8ab2\u7a0b\uf9d0\u5225\u6709\u95dc\uf99a\u7684\u60c5\u6cc1\u4e0b\uff0c\u5728  _______________...", "module": "document_ingest", "function": "chunk_documents", "line": 121}
{"timestamp": "2025-06-25T11:12:15.609451", "level": "INFO", "logger": "backend.app.services.document_ingest", "message": "Document 2: content length = 1915 chars", "module": "document_ingest", "function": "chunk_documents", "line": 118}
{"timestamp": "2025-06-25T11:12:15.609531", "level": "INFO", "logger": "backend.app.services.document_ingest", "message": "Document 2: content length = 1915 chars", "module": "document_ingest", "function": "chunk_documents", "line": 118}
{"timestamp": "2025-06-25T11:12:15.609614", "level": "INFO", "logger": "backend.app.services.document_ingest", "message": "Document 2 preview: \u300a\u6700\u4f4e\u5de5\u8cc7\u689d\uf9b5\u300b\u9644\u8868 1\u6307\u660e\u7684\u6559\u80b2\u6a5f\u69cb   Education institutions specified in Sc hedule 1 to the Minimum Wage Ordinance 1 \u7531\u300a\u9999\u6e2f\u6559\u80b2\u5927\u5b78\u689d\uf9b5\u300b\uff08\u7b2c 444 \u7ae0\uff09\u8a2d\uf9f7\u7684\u9999\u6e2f\u6559\u80b2\u5927\u5b78  The Education University of Hong Kong  established by The Education...", "module": "document_ingest", "function": "chunk_documents", "line": 121}
{"timestamp": "2025-06-25T11:12:15.609987", "level": "INFO", "logger": "backend.app.services.document_ingest", "message": "Document 2 preview: \u300a\u6700\u4f4e\u5de5\u8cc7\u689d\uf9b5\u300b\u9644\u8868 1\u6307\u660e\u7684\u6559\u80b2\u6a5f\u69cb   Education institutions specified in Sc hedule 1 to the Minimum Wage Ordinance 1 \u7531\u300a\u9999\u6e2f\u6559\u80b2\u5927\u5b78\u689d\uf9b5\u300b\uff08\u7b2c 444 \u7ae0\uff09\u8a2d\uf9f7\u7684\u9999\u6e2f\u6559\u80b2\u5927\u5b78  The Education University of Hong Kong  established by The Education...", "module": "document_ingest", "function": "chunk_documents", "line": 121}
{"timestamp": "2025-06-25T11:12:15.610213", "level": "INFO", "logger": "backend.app.services.document_ingest", "message": "Split 3 documents into 15 chunks with size=750, overlap=150", "module": "document_ingest", "function": "chunk_documents", "line": 141}
{"timestamp": "2025-06-25T11:12:15.610276", "level": "INFO", "logger": "backend.app.services.document_ingest", "message": "Split 3 documents into 15 chunks with size=750, overlap=150", "module": "document_ingest", "function": "chunk_documents", "line": 141}
{"timestamp": "2025-06-25T11:12:15.610354", "level": "INFO", "logger": "backend.app.services.document_ingest", "message": "Chunk 0: length = 718 chars, metadata = {'source': 'Letter_of_confirmation_student_interns_1_122774f3.pdf', 'page': 0, 'source_path': '/Users/talgatbaktybekov/Desktop/rag_app/data/user_documents/1/Letter_of_confirmation_student_interns_1_122774f3.pdf', 'user_id': 1, 'document_id': 3}", "module": "document_ingest", "function": "chunk_documents", "line": 146}
{"timestamp": "2025-06-25T11:12:15.610411", "level": "INFO", "logger": "backend.app.services.document_ingest", "message": "Chunk 0: length = 718 chars, metadata = {'source': 'Letter_of_confirmation_student_interns_1_122774f3.pdf', 'page': 0, 'source_path': '/Users/talgatbaktybekov/Desktop/rag_app/data/user_documents/1/Letter_of_confirmation_student_interns_1_122774f3.pdf', 'user_id': 1, 'document_id': 3}", "module": "document_ingest", "function": "chunk_documents", "line": 146}
{"timestamp": "2025-06-25T11:12:15.610466", "level": "INFO", "logger": "backend.app.services.document_ingest", "message": "Chunk 1: length = 732 chars, metadata = {'source': 'Letter_of_confirmation_student_interns_1_122774f3.pdf', 'page': 0, 'source_path': '/Users/talgatbaktybekov/Desktop/rag_app/data/user_documents/1/Letter_of_confirmation_student_interns_1_122774f3.pdf', 'user_id': 1, 'document_id': 3}", "module": "document_ingest", "function": "chunk_documents", "line": 146}
{"timestamp": "2025-06-25T11:12:15.610524", "level": "INFO", "logger": "backend.app.services.document_ingest", "message": "Chunk 1: length = 732 chars, metadata = {'source': 'Letter_of_confirmation_student_interns_1_122774f3.pdf', 'page': 0, 'source_path': '/Users/talgatbaktybekov/Desktop/rag_app/data/user_documents/1/Letter_of_confirmation_student_interns_1_122774f3.pdf', 'user_id': 1, 'document_id': 3}", "module": "document_ingest", "function": "chunk_documents", "line": 146}
{"timestamp": "2025-06-25T11:12:15.610574", "level": "INFO", "logger": "backend.app.services.document_ingest", "message": "Chunk 2: length = 747 chars, metadata = {'source': 'Letter_of_confirmation_student_interns_1_122774f3.pdf', 'page': 0, 'source_path': '/Users/talgatbaktybekov/Desktop/rag_app/data/user_documents/1/Letter_of_confirmation_student_interns_1_122774f3.pdf', 'user_id': 1, 'document_id': 3}", "module": "document_ingest", "function": "chunk_documents", "line": 146}
{"timestamp": "2025-06-25T11:12:15.610684", "level": "INFO", "logger": "backend.app.services.document_ingest", "message": "Chunk 2: length = 747 chars, metadata = {'source': 'Letter_of_confirmation_student_interns_1_122774f3.pdf', 'page': 0, 'source_path': '/Users/talgatbaktybekov/Desktop/rag_app/data/user_documents/1/Letter_of_confirmation_student_interns_1_122774f3.pdf', 'user_id': 1, 'document_id': 3}", "module": "document_ingest", "function": "chunk_documents", "line": 146}
{"timestamp": "2025-06-25T11:12:15.956228", "level": "INFO", "logger": "chromadb.telemetry.product.posthog", "message": "Anonymized telemetry enabled. See                     https://docs.trychroma.com/telemetry for more information.", "module": "posthog", "function": "__init__", "line": 20}
{"timestamp": "2025-06-25T11:12:15.956379", "level": "INFO", "logger": "chromadb.telemetry.product.posthog", "message": "Anonymized telemetry enabled. See                     https://docs.trychroma.com/telemetry for more information.", "module": "posthog", "function": "__init__", "line": 20}
{"timestamp": "2025-06-25T11:12:23.274810", "level": "INFO", "logger": "backend.app.api.routes_document", "message": "Setting document selection for conversation 2, user 1", "module": "routes_document", "function": "select_documents_for_conversation", "line": 252}
{"timestamp": "2025-06-25T11:12:23.275386", "level": "INFO", "logger": "backend.app.api.routes_document", "message": "Selected document IDs: [3]", "module": "routes_document", "function": "select_documents_for_conversation", "line": 253}
{"timestamp": "2025-06-25T11:12:23.293326", "level": "INFO", "logger": "backend.app.api.routes_document", "message": "Successfully saved 1 document selections for conversation 2", "module": "routes_document", "function": "select_documents_for_conversation", "line": 286}
{"timestamp": "2025-06-25T11:12:28.510292", "level": "INFO", "logger": "backend.app.api.routes_chat", "message": "Question does not need context: 'hi' (decision: 0)", "module": "routes_chat", "function": "ask", "line": 230}
{"timestamp": "2025-06-25T11:12:28.510832", "level": "INFO", "logger": "backend.app.services.ollama", "message": "Building langchain agent for conversation 2, user 1, needs_context=False", "module": "ollama", "function": "build_langchain_agent", "line": 16}
{"timestamp": "2025-06-25T11:12:28.537723", "level": "INFO", "logger": "backend.app.services.ollama", "message": "Selected document IDs: [3]", "module": "ollama", "function": "build_langchain_agent", "line": 29}
{"timestamp": "2025-06-25T11:12:28.537810", "level": "INFO", "logger": "backend.app.services.ollama", "message": "Retrieved 0 context chunks", "module": "ollama", "function": "build_langchain_agent", "line": 58}
{"timestamp": "2025-06-25T11:12:28.537856", "level": "INFO", "logger": "backend.app.services.ollama", "message": "Total context length: 0 characters", "module": "ollama", "function": "build_langchain_agent", "line": 76}
{"timestamp": "2025-06-25T11:12:28.558490", "level": "WARNING", "logger": "langchain_core.tracers.base", "message": "Parent run 54f9bcb7-f3d6-4497-b48d-77ab7b47c744 not found for run b40a21e3-9900-46e8-ac0e-3b10d2f35ee8. Treating as a root run.", "module": "base", "function": "_start_trace", "line": 113}
{"timestamp": "2025-06-25T11:12:30.418283", "level": "WARNING", "logger": "langchain_core.callbacks.manager", "message": "Error in RootListenersTracer.on_chain_end callback: AttributeError(\"'SimpleChatHistory' object has no attribute 'add_messages'\")", "module": "manager", "function": "handle_event", "line": 282}
{"timestamp": "2025-06-25T11:12:50.431756", "level": "INFO", "logger": "backend.app.api.routes_chat", "message": "Question does not need context: 'can you tell me about the conditions if there are any' (decision: 0)", "module": "routes_chat", "function": "ask", "line": 230}
{"timestamp": "2025-06-25T11:12:50.432167", "level": "INFO", "logger": "backend.app.services.ollama", "message": "Building langchain agent for conversation 2, user 1, needs_context=False", "module": "ollama", "function": "build_langchain_agent", "line": 16}
{"timestamp": "2025-06-25T11:12:50.451626", "level": "INFO", "logger": "backend.app.services.ollama", "message": "Selected document IDs: [3]", "module": "ollama", "function": "build_langchain_agent", "line": 29}
{"timestamp": "2025-06-25T11:12:50.451704", "level": "INFO", "logger": "backend.app.services.ollama", "message": "Retrieved 0 context chunks", "module": "ollama", "function": "build_langchain_agent", "line": 58}
{"timestamp": "2025-06-25T11:12:50.451746", "level": "INFO", "logger": "backend.app.services.ollama", "message": "Total context length: 0 characters", "module": "ollama", "function": "build_langchain_agent", "line": 76}
{"timestamp": "2025-06-25T11:12:50.462093", "level": "WARNING", "logger": "langchain_core.tracers.base", "message": "Parent run a6d270c5-4613-4419-819c-3361738da918 not found for run 0cc2e0ec-a3fb-4d52-939e-def8b6acdc8c. Treating as a root run.", "module": "base", "function": "_start_trace", "line": 113}
{"timestamp": "2025-06-25T11:12:53.881511", "level": "WARNING", "logger": "langchain_core.callbacks.manager", "message": "Error in RootListenersTracer.on_chain_end callback: AttributeError(\"'SimpleChatHistory' object has no attribute 'add_messages'\")", "module": "manager", "function": "handle_event", "line": 282}
{"timestamp": "2025-06-25T11:13:19.076783", "level": "INFO", "logger": "backend.app.api.routes_chat", "message": "Question does not need context: 'I'm talking about the document conditions.' (decision: 0)", "module": "routes_chat", "function": "ask", "line": 230}
{"timestamp": "2025-06-25T11:13:19.078447", "level": "INFO", "logger": "backend.app.services.ollama", "message": "Building langchain agent for conversation 2, user 1, needs_context=False", "module": "ollama", "function": "build_langchain_agent", "line": 16}
{"timestamp": "2025-06-25T11:13:19.089041", "level": "INFO", "logger": "backend.app.services.ollama", "message": "Selected document IDs: [3]", "module": "ollama", "function": "build_langchain_agent", "line": 29}
{"timestamp": "2025-06-25T11:13:19.089133", "level": "INFO", "logger": "backend.app.services.ollama", "message": "Retrieved 0 context chunks", "module": "ollama", "function": "build_langchain_agent", "line": 58}
{"timestamp": "2025-06-25T11:13:19.089188", "level": "INFO", "logger": "backend.app.services.ollama", "message": "Total context length: 0 characters", "module": "ollama", "function": "build_langchain_agent", "line": 76}
{"timestamp": "2025-06-25T11:13:19.099240", "level": "WARNING", "logger": "langchain_core.tracers.base", "message": "Parent run ad8d7c1d-85e0-40ed-b5f3-dcaeb497ba7a not found for run fe1b0c47-c880-4954-a874-fe3c58eb9fc3. Treating as a root run.", "module": "base", "function": "_start_trace", "line": 113}
{"timestamp": "2025-06-25T11:13:24.079702", "level": "WARNING", "logger": "langchain_core.callbacks.manager", "message": "Error in RootListenersTracer.on_chain_end callback: AttributeError(\"'SimpleChatHistory' object has no attribute 'add_messages'\")", "module": "manager", "function": "handle_event", "line": 282}
{"timestamp": "2025-06-25T11:15:09.917509", "level": "INFO", "logger": "root", "message": "Starting application", "module": "main", "function": "<module>", "line": 14}
{"timestamp": "2025-06-25T11:15:20.962587", "level": "INFO", "logger": "root", "message": "Starting application", "module": "main", "function": "<module>", "line": 14}
{"timestamp": "2025-06-25T11:15:25.378745", "level": "INFO", "logger": "backend.app.api.routes_chat", "message": "Question needs context: 'I'm talking about the document conditions'", "module": "routes_chat", "function": "ask", "line": 228}
{"timestamp": "2025-06-25T11:15:25.379281", "level": "INFO", "logger": "backend.app.services.ollama", "message": "Building langchain agent for conversation 2, user 1, needs_context=True", "module": "ollama", "function": "build_langchain_agent", "line": 16}
{"timestamp": "2025-06-25T11:15:25.413534", "level": "INFO", "logger": "backend.app.services.ollama", "message": "Selected document IDs: [3]", "module": "ollama", "function": "build_langchain_agent", "line": 29}
{"timestamp": "2025-06-25T11:15:25.413636", "level": "INFO", "logger": "backend.app.services.ollama", "message": "Retrieving chunks for 1 selected documents", "module": "ollama", "function": "build_langchain_agent", "line": 36}
{"timestamp": "2025-06-25T11:15:25.740938", "level": "INFO", "logger": "chromadb.telemetry.product.posthog", "message": "Anonymized telemetry enabled. See                     https://docs.trychroma.com/telemetry for more information.", "module": "posthog", "function": "__init__", "line": 20}
{"timestamp": "2025-06-25T11:15:25.818353", "level": "INFO", "logger": "backend.app.services.document_ingest", "message": "Retrieving 8 chunks for query: 'I'm talking about the document conditions...', search_type: advanced_ensemble", "module": "document_ingest", "function": "retrieve_relevant_chunks", "line": 249}
{"timestamp": "2025-06-25T11:15:26.010359", "level": "INFO", "logger": "backend.app.services.document_ingest", "message": "Retrieved 6 chunks", "module": "document_ingest", "function": "_log_search_results", "line": 352}
{"timestamp": "2025-06-25T11:15:26.010455", "level": "INFO", "logger": "backend.app.services.document_ingest", "message": "Document IDs: [3, 3, 3, 3, 3, 3]", "module": "document_ingest", "function": "_log_search_results", "line": 359}
{"timestamp": "2025-06-25T11:15:26.010502", "level": "INFO", "logger": "backend.app.services.document_ingest", "message": "Sources: ['Letter_of_confirmation_student_interns_1_122774f3.pdf', 'Letter_of_confirmation_student_interns_1_122774f3.pdf', 'Letter_of_confirmation_student_interns_1_122774f3.pdf', 'Letter_of_confirmation_student_interns_1_122774f3.pdf', 'Letter_of_confirmation_student_interns_1_122774f3.pdf', 'Letter_of_confirmation_student_interns_1_122774f3.pdf']", "module": "document_ingest", "function": "_log_search_results", "line": 361}
{"timestamp": "2025-06-25T11:15:26.010545", "level": "INFO", "logger": "backend.app.services.document_ingest", "message": "Chunk 1: to provide employees\u2019 information and records, includi ng the Confirmation (if applicable), for insp...", "module": "document_ingest", "function": "_log_search_results", "line": 366}
{"timestamp": "2025-06-25T11:15:26.010583", "level": "INFO", "logger": "backend.app.services.document_ingest", "message": "Chunk 2: (within the meaning of  that Ordinance).  2 \u6839\u64da\u300a\u6700\u4f4e\u5de5\u8cc7\u689d\uf9b5\u300b \uff0c \u300c\u975e\u672c\u5730\u6559\u80b2\u8ab2\u7a0b\u300d\u6307\u9054\u81f4\u9812\u6388\u5c6c\u5b78\u4f4d\u6216\uf901\u9ad8\u7a0b\ufa01\u7684\u975e\u672c\u5730\u5b78\u8853\u8cc7\u683c\u7684\u5168\u65e5\u5236 \u6559\u80b2\u8ab2\u7a0b\u3002  T...", "module": "document_ingest", "function": "_log_search_results", "line": 366}
{"timestamp": "2025-06-25T11:15:26.010626", "level": "INFO", "logger": "backend.app.services.ollama", "message": "Retrieved 6 context chunks", "module": "ollama", "function": "build_langchain_agent", "line": 58}
{"timestamp": "2025-06-25T11:15:26.010661", "level": "INFO", "logger": "backend.app.services.ollama", "message": "Chunk 1 source: Letter_of_confirmation_student_interns_1_122774f3.pdf", "module": "ollama", "function": "build_langchain_agent", "line": 60}
{"timestamp": "2025-06-25T11:15:26.010695", "level": "INFO", "logger": "backend.app.services.ollama", "message": "Chunk 1 document_id: 3", "module": "ollama", "function": "build_langchain_agent", "line": 61}
{"timestamp": "2025-06-25T11:15:26.010730", "level": "INFO", "logger": "backend.app.services.ollama", "message": "Chunk 1 user_id: 1", "module": "ollama", "function": "build_langchain_agent", "line": 62}
{"timestamp": "2025-06-25T11:15:26.010767", "level": "INFO", "logger": "backend.app.services.ollama", "message": "Chunk 1 preview: to provide employees\u2019 information and records, includi ng the Confirmation (if applicable), for insp...", "module": "ollama", "function": "build_langchain_agent", "line": 63}
{"timestamp": "2025-06-25T11:15:26.010809", "level": "INFO", "logger": "backend.app.services.ollama", "message": "Chunk 2 source: Letter_of_confirmation_student_interns_1_122774f3.pdf", "module": "ollama", "function": "build_langchain_agent", "line": 60}
{"timestamp": "2025-06-25T11:15:26.010845", "level": "INFO", "logger": "backend.app.services.ollama", "message": "Chunk 2 document_id: 3", "module": "ollama", "function": "build_langchain_agent", "line": 61}
{"timestamp": "2025-06-25T11:15:26.010879", "level": "INFO", "logger": "backend.app.services.ollama", "message": "Chunk 2 user_id: 1", "module": "ollama", "function": "build_langchain_agent", "line": 62}
{"timestamp": "2025-06-25T11:15:26.011092", "level": "INFO", "logger": "backend.app.services.ollama", "message": "Chunk 2 preview: (within the meaning of  that Ordinance). \n2 \u6839\u64da\u300a\u6700\u4f4e\u5de5\u8cc7\u689d\uf9b5\u300b \uff0c \u300c\u975e\u672c\u5730\u6559\u80b2\u8ab2\u7a0b\u300d\u6307\u9054\u81f4\u9812\u6388\u5c6c\u5b78\u4f4d\u6216\uf901\u9ad8\u7a0b\ufa01\u7684\u975e\u672c\u5730\u5b78\u8853\u8cc7\u683c\u7684\u5168\u65e5\u5236 \u6559\u80b2\u8ab2\u7a0b\u3002 \nT...", "module": "ollama", "function": "build_langchain_agent", "line": 63}
{"timestamp": "2025-06-25T11:15:26.011408", "level": "INFO", "logger": "backend.app.services.ollama", "message": "Chunk 3 source: Letter_of_confirmation_student_interns_1_122774f3.pdf", "module": "ollama", "function": "build_langchain_agent", "line": 60}
{"timestamp": "2025-06-25T11:15:26.011473", "level": "INFO", "logger": "backend.app.services.ollama", "message": "Chunk 3 document_id: 3", "module": "ollama", "function": "build_langchain_agent", "line": 61}
{"timestamp": "2025-06-25T11:15:26.011516", "level": "INFO", "logger": "backend.app.services.ollama", "message": "Chunk 3 user_id: 1", "module": "ollama", "function": "build_langchain_agent", "line": 62}
{"timestamp": "2025-06-25T11:15:26.011558", "level": "INFO", "logger": "backend.app.services.ollama", "message": "Chunk 3 preview: on the student intern as provided in the Confirmation. \n1 \ufa0a\u78ba\u8a8d\u66f8\u9644\u8a3b 1\u3002 See footnote 1 in the Confirmati...", "module": "ollama", "function": "build_langchain_agent", "line": 63}
{"timestamp": "2025-06-25T11:15:26.011595", "level": "INFO", "logger": "backend.app.services.ollama", "message": "Chunk 4 source: Letter_of_confirmation_student_interns_1_122774f3.pdf", "module": "ollama", "function": "build_langchain_agent", "line": 60}
{"timestamp": "2025-06-25T11:15:26.011631", "level": "INFO", "logger": "backend.app.services.ollama", "message": "Chunk 4 document_id: 3", "module": "ollama", "function": "build_langchain_agent", "line": 61}
{"timestamp": "2025-06-25T11:15:26.011666", "level": "INFO", "logger": "backend.app.services.ollama", "message": "Chunk 4 user_id: 1", "module": "ollama", "function": "build_langchain_agent", "line": 62}
{"timestamp": "2025-06-25T11:15:26.011706", "level": "INFO", "logger": "backend.app.services.ollama", "message": "Chunk 4 preview: \u6559\u80b2\u6a5f\u69cb\uf96b\u8003\uff0c\u4ee5\u78ba\u8a8d\u5be6\u7fd2\u5b78\u54e1\u7684\u8eab\u4efd\u53ca\u6240\u5b89\u6392\u6216\u8a8d\u53ef\u7684\u5de5\u4f5c\u7684\u8cc7\uf9be\u3002  \nStatutory Minimum Wage does not apply to a student intern.  Under ...", "module": "ollama", "function": "build_langchain_agent", "line": 63}
{"timestamp": "2025-06-25T11:15:26.011899", "level": "INFO", "logger": "backend.app.services.ollama", "message": "Chunk 5 source: Letter_of_confirmation_student_interns_1_122774f3.pdf", "module": "ollama", "function": "build_langchain_agent", "line": 60}
{"timestamp": "2025-06-25T11:15:26.011972", "level": "INFO", "logger": "backend.app.services.ollama", "message": "Chunk 5 document_id: 3", "module": "ollama", "function": "build_langchain_agent", "line": 61}
{"timestamp": "2025-06-25T11:15:26.012017", "level": "INFO", "logger": "backend.app.services.ollama", "message": "Chunk 5 user_id: 1", "module": "ollama", "function": "build_langchain_agent", "line": 62}
{"timestamp": "2025-06-25T11:15:26.012059", "level": "INFO", "logger": "backend.app.services.ollama", "message": "Chunk 5 preview: \u300a\u6700\u4f4e\u5de5\u8cc7\u689d\uf9b5\u300b\uff08\u7b2c 608\u7ae0\uff09\u300c\u5be6\u7fd2\u5b78\u54e1\u300d\u8eab\u4efd\u78ba\u8a8d\u66f8  \nConfirmation of \u201cstudent intern\u201d status  under the Mini mum Wage Ordin...", "module": "ollama", "function": "build_langchain_agent", "line": 63}
{"timestamp": "2025-06-25T11:15:26.012098", "level": "INFO", "logger": "backend.app.services.ollama", "message": "Chunk 6 source: Letter_of_confirmation_student_interns_1_122774f3.pdf", "module": "ollama", "function": "build_langchain_agent", "line": 60}
{"timestamp": "2025-06-25T11:15:26.012261", "level": "INFO", "logger": "backend.app.services.ollama", "message": "Chunk 6 document_id: 3", "module": "ollama", "function": "build_langchain_agent", "line": 61}
{"timestamp": "2025-06-25T11:15:26.012302", "level": "INFO", "logger": "backend.app.services.ollama", "message": "Chunk 6 user_id: 1", "module": "ollama", "function": "build_langchain_agent", "line": 62}
{"timestamp": "2025-06-25T11:15:26.012347", "level": "INFO", "logger": "backend.app.services.ollama", "message": "Chunk 6 preview: endorsed. \n3 \u9999\n\u6e2f\u7279\u5225\ufa08\u653f\u5340\u653f\u5e9c\uf92f\u5de5\u8655\u7684\u57f7\u6cd5\u4eba\u54e1\u6703\u524d\u5f80\uf967\u540c\u7684\u5de5\u4f5c\u5730\u9ede\u8996\u5bdf\uff0c\u4ee5\u78ba\u4fdd\u50f1\u4e3b\u9075\ufa08\u7531\uf92f\u5de5\u8655\u8ca0\u8cac\u57f7\ufa08\n\u7684\u6cd5\uf9b5\u3002\u5982\u6709\u9700\u8981\uff0c\u50f1\u7528\u5be6\u7fd2\u5b78\u54e1\u7684\u50f1\u4e3b\u9808\u6839\u64da\u300a\u50f1\u50ad\u689d\uf9b5\u300b\u7684\u8981\u6c42\uff0c\u51fa\u793a\u50f1\u54e1\u7684\u8cc7\uf9be\u53ca\u7d00...", "module": "ollama", "function": "build_langchain_agent", "line": 63}
{"timestamp": "2025-06-25T11:15:26.012396", "level": "INFO", "logger": "backend.app.services.ollama", "message": "Total context length: 3943 characters", "module": "ollama", "function": "build_langchain_agent", "line": 76}
{"timestamp": "2025-06-25T11:15:26.046009", "level": "WARNING", "logger": "langchain_core.tracers.base", "message": "Parent run eec833b4-301f-4d56-8334-6db5fdc15211 not found for run e74df524-3ba0-4af8-b5a1-35ba86726649. Treating as a root run.", "module": "base", "function": "_start_trace", "line": 113}
{"timestamp": "2025-06-25T11:15:41.873405", "level": "WARNING", "logger": "langchain_core.callbacks.manager", "message": "Error in RootListenersTracer.on_chain_end callback: AttributeError(\"'SimpleChatHistory' object has no attribute 'add_messages'\")", "module": "manager", "function": "handle_event", "line": 282}
{"timestamp": "2025-06-25T11:15:41.906237", "level": "INFO", "logger": "backend.app.api.routes_chat", "message": "Found fewer references (0) than chunks (6), adding missing references", "module": "routes_chat", "function": "ask", "line": 312}
{"timestamp": "2025-06-25T11:16:51.959243", "level": "INFO", "logger": "root", "message": "Starting application", "module": "main", "function": "<module>", "line": 14}
{"timestamp": "2025-06-25T11:16:53.645317", "level": "INFO", "logger": "root", "message": "Starting application", "module": "main", "function": "<module>", "line": 14}
{"timestamp": "2025-06-25T11:17:02.953894", "level": "INFO", "logger": "root", "message": "Starting application", "module": "main", "function": "<module>", "line": 14}
{"timestamp": "2025-06-25T11:20:38.662102", "level": "INFO", "logger": "root", "message": "Starting application", "module": "main", "function": "<module>", "line": 14}
{"timestamp": "2025-06-25T11:20:39.595194", "level": "INFO", "logger": "root", "message": "Starting application", "module": "main", "function": "<module>", "line": 14}
{"timestamp": "2025-06-25T11:20:42.924640", "level": "INFO", "logger": "root", "message": "Starting application", "module": "main", "function": "<module>", "line": 14}
{"timestamp": "2025-06-25T11:20:43.829307", "level": "INFO", "logger": "root", "message": "Starting application", "module": "main", "function": "<module>", "line": 14}
{"timestamp": "2025-06-25T11:20:47.378659", "level": "INFO", "logger": "root", "message": "Starting application", "module": "main", "function": "<module>", "line": 14}
{"timestamp": "2025-06-25T11:20:48.713579", "level": "INFO", "logger": "root", "message": "Starting application", "module": "main", "function": "<module>", "line": 14}
{"timestamp": "2025-06-25T11:20:52.834100", "level": "INFO", "logger": "root", "message": "Starting application", "module": "main", "function": "<module>", "line": 14}
{"timestamp": "2025-06-25T11:20:59.459229", "level": "INFO", "logger": "root", "message": "Starting application", "module": "main", "function": "<module>", "line": 14}
{"timestamp": "2025-06-25T11:21:03.145526", "level": "INFO", "logger": "root", "message": "Starting application", "module": "main", "function": "<module>", "line": 14}
{"timestamp": "2025-06-25T11:21:50.759210", "level": "INFO", "logger": "root", "message": "Starting application", "module": "main", "function": "<module>", "line": 14}
{"timestamp": "2025-06-25T11:21:54.146911", "level": "INFO", "logger": "root", "message": "Starting application", "module": "main", "function": "<module>", "line": 14}
{"timestamp": "2025-06-25T11:21:56.322133", "level": "INFO", "logger": "root", "message": "Starting application", "module": "main", "function": "<module>", "line": 14}
{"timestamp": "2025-06-25T11:22:00.984612", "level": "INFO", "logger": "root", "message": "Starting application", "module": "main", "function": "<module>", "line": 14}
{"timestamp": "2025-06-25T11:22:46.446445", "level": "INFO", "logger": "backend.app.api.routes_document", "message": "Successfully uploaded file: Solo-report_1_bcb0d2fd.pdf", "module": "routes_document", "function": "upload_user_documents", "line": 155}
{"timestamp": "2025-06-25T11:22:46.969742", "level": "INFO", "logger": "backend.app.services.document_ingest", "message": "Loaded 15 pages from Solo-report_1_bcb0d2fd.pdf", "module": "document_ingest", "function": "load_documents_from_pdfs", "line": 75}
{"timestamp": "2025-06-25T11:22:46.987005", "level": "INFO", "logger": "backend.app.services.document_ingest", "message": "Document 0: content length = 234 chars", "module": "document_ingest", "function": "chunk_documents", "line": 118}
{"timestamp": "2025-06-25T11:22:46.987504", "level": "INFO", "logger": "backend.app.services.document_ingest", "message": "Document 0 preview:       SDSC3002   Data   Mining     Book   Recommendation   System   Using   Collaborative   Filtering   Methods   Incorporating   Review   Sentiment   Scores           Team   \u201cSolo\u201d   Members:   BAKTY...", "module": "document_ingest", "function": "chunk_documents", "line": 121}
{"timestamp": "2025-06-25T11:22:46.992232", "level": "INFO", "logger": "backend.app.services.document_ingest", "message": "Loaded 15 pages from Solo-report_1_bcb0d2fd.pdf", "module": "document_ingest", "function": "load_documents_from_pdfs", "line": 75}
{"timestamp": "2025-06-25T11:22:46.992380", "level": "INFO", "logger": "backend.app.services.document_ingest", "message": "Document 1: content length = 349 chars", "module": "document_ingest", "function": "chunk_documents", "line": 118}
{"timestamp": "2025-06-25T11:22:46.992476", "level": "INFO", "logger": "backend.app.services.document_ingest", "message": "Document 0: content length = 234 chars", "module": "document_ingest", "function": "chunk_documents", "line": 118}
{"timestamp": "2025-06-25T11:22:46.992560", "level": "INFO", "logger": "backend.app.services.document_ingest", "message": "Document 1 preview: Table   of   Contents   1.   Introduction   3   1.1.   Dataset   description   3   2.   Methodology   4   2.1.   Task   Description   4   2.2.   Evaluation   Metrics   5   2.3.   Models   Used   6   2...", "module": "document_ingest", "function": "chunk_documents", "line": 121}
{"timestamp": "2025-06-25T11:22:46.992672", "level": "INFO", "logger": "backend.app.services.document_ingest", "message": "Document 0 preview:       SDSC3002   Data   Mining     Book   Recommendation   System   Using   Collaborative   Filtering   Methods   Incorporating   Review   Sentiment   Scores           Team   \u201cSolo\u201d   Members:   BAKTY...", "module": "document_ingest", "function": "chunk_documents", "line": 121}
{"timestamp": "2025-06-25T11:22:46.992733", "level": "INFO", "logger": "backend.app.services.document_ingest", "message": "Document 2: content length = 2911 chars", "module": "document_ingest", "function": "chunk_documents", "line": 118}
{"timestamp": "2025-06-25T11:22:46.992778", "level": "INFO", "logger": "backend.app.services.document_ingest", "message": "Document 2 preview: 1.   Introduction   Recommender   systems   play   a   central   role   in   modern   digital   platforms,   helping   users   discover   content,   products,   or   services   that   align   with   t...", "module": "document_ingest", "function": "chunk_documents", "line": 121}
{"timestamp": "2025-06-25T11:22:46.992816", "level": "INFO", "logger": "backend.app.services.document_ingest", "message": "Document 3: content length = 2876 chars", "module": "document_ingest", "function": "chunk_documents", "line": 118}
{"timestamp": "2025-06-25T11:22:46.992858", "level": "INFO", "logger": "backend.app.services.document_ingest", "message": "Document 3 preview: publishedDate,   categories,   ratingsCount .   Additionally,   a   sent iment   score   is   computed   for   each   review   using   a   pre-trained   PyTorch   neural   network   model   that   ana...", "module": "document_ingest", "function": "chunk_documents", "line": 121}
{"timestamp": "2025-06-25T11:22:46.992903", "level": "INFO", "logger": "backend.app.services.document_ingest", "message": "Document 4: content length = 1215 chars", "module": "document_ingest", "function": "chunk_documents", "line": 118}
{"timestamp": "2025-06-25T11:22:46.992970", "level": "INFO", "logger": "backend.app.services.document_ingest", "message": "Document 1: content length = 349 chars", "module": "document_ingest", "function": "chunk_documents", "line": 118}
{"timestamp": "2025-06-25T11:22:46.993068", "level": "INFO", "logger": "backend.app.services.document_ingest", "message": "Document 4 preview: 2.2.   Evaluation   Metrics   We   evaluate   both   prediction   accuracy   and   top- ranking   quality:   \u25cf   Root   Mean   Squar ed   Error   (RMSE):   Measures   the   accuracy   of   the   predi...", "module": "document_ingest", "function": "chunk_documents", "line": 121}
{"timestamp": "2025-06-25T11:22:46.993109", "level": "INFO", "logger": "backend.app.services.document_ingest", "message": "Document 5: content length = 3013 chars", "module": "document_ingest", "function": "chunk_documents", "line": 118}
{"timestamp": "2025-06-25T11:22:46.993196", "level": "INFO", "logger": "backend.app.services.document_ingest", "message": "Document 1 preview: Table   of   Contents   1.   Introduction   3   1.1.   Dataset   description   3   2.   Methodology   4   2.1.   Task   Description   4   2.2.   Evaluation   Metrics   5   2.3.   Models   Used   6   2...", "module": "document_ingest", "function": "chunk_documents", "line": 121}
{"timestamp": "2025-06-25T11:22:46.993265", "level": "INFO", "logger": "backend.app.services.document_ingest", "message": "Document 5 preview: We   report   precision@K   and   recall@K   for   .   In   summary ,   RMSE   assesses   rating   prediction   accuracy ,   while   Precision@K   and   Recall@K   measure   the   accuracy   and   com...", "module": "document_ingest", "function": "chunk_documents", "line": 121}
{"timestamp": "2025-06-25T11:22:46.993311", "level": "INFO", "logger": "backend.app.services.document_ingest", "message": "Document 6: content length = 3336 chars", "module": "document_ingest", "function": "chunk_documents", "line": 118}
{"timestamp": "2025-06-25T11:22:46.993361", "level": "INFO", "logger": "backend.app.services.document_ingest", "message": "Document 6 preview: only   add   up.   The   expected   benefit   is   twofold:   by   focusing   on   additive   (positive)   contributions,   NMF   can   reduce   noise   from   arbitrary   sign   interactions,   and  ...", "module": "document_ingest", "function": "chunk_documents", "line": 121}
{"timestamp": "2025-06-25T11:22:46.993440", "level": "INFO", "logger": "backend.app.services.document_ingest", "message": "Document 7: content length = 1980 chars", "module": "document_ingest", "function": "chunk_documents", "line": 118}
{"timestamp": "2025-06-25T11:22:46.993515", "level": "INFO", "logger": "backend.app.services.document_ingest", "message": "Document 2: content length = 2911 chars", "module": "document_ingest", "function": "chunk_documents", "line": 118}
{"timestamp": "2025-06-25T11:22:46.993565", "level": "INFO", "logger": "backend.app.services.document_ingest", "message": "Document 2 preview: 1.   Introduction   Recommender   systems   play   a   central   role   in   modern   digital   platforms,   helping   users   discover   content,   products,   or   services   that   align   with   t...", "module": "document_ingest", "function": "chunk_documents", "line": 121}
{"timestamp": "2025-06-25T11:22:46.993607", "level": "INFO", "logger": "backend.app.services.document_ingest", "message": "Document 3: content length = 2876 chars", "module": "document_ingest", "function": "chunk_documents", "line": 118}
{"timestamp": "2025-06-25T11:22:46.993672", "level": "INFO", "logger": "backend.app.services.document_ingest", "message": "Document 7 preview: data   from   sentiment.   We   expect   that   combining   these   approaches   will   yield   a   more   accurate   and   interpretable   book   recommender .   2.4.   Experiment   Setup   We   perf...", "module": "document_ingest", "function": "chunk_documents", "line": 121}
{"timestamp": "2025-06-25T11:22:46.993773", "level": "INFO", "logger": "backend.app.services.document_ingest", "message": "Document 3 preview: publishedDate,   categories,   ratingsCount .   Additionally,   a   sent iment   score   is   computed   for   each   review   using   a   pre-trained   PyTorch   neural   network   model   that   ana...", "module": "document_ingest", "function": "chunk_documents", "line": 121}
{"timestamp": "2025-06-25T11:22:46.993845", "level": "INFO", "logger": "backend.app.services.document_ingest", "message": "Document 8: content length = 925 chars", "module": "document_ingest", "function": "chunk_documents", "line": 118}
{"timestamp": "2025-06-25T11:22:46.993949", "level": "INFO", "logger": "backend.app.services.document_ingest", "message": "Document 4: content length = 1215 chars", "module": "document_ingest", "function": "chunk_documents", "line": 118}
{"timestamp": "2025-06-25T11:22:46.994049", "level": "INFO", "logger": "backend.app.services.document_ingest", "message": "Document 8 preview: RMSE   0.766   0.7388   0.8388   0.8214   0.7193   Precision@1   0.7697   0.7629   0.6821   0.8357   0.8227   Recall@1   0.351   0.3451   0.2957   0.3968   0.3899   Precision@3   0.5802   0.5752   0.4...", "module": "document_ingest", "function": "chunk_documents", "line": 121}
{"timestamp": "2025-06-25T11:22:46.994096", "level": "INFO", "logger": "backend.app.services.document_ingest", "message": "Document 9: content length = 999 chars", "module": "document_ingest", "function": "chunk_documents", "line": 118}
{"timestamp": "2025-06-25T11:22:46.994194", "level": "INFO", "logger": "backend.app.services.document_ingest", "message": "Document 4 preview: 2.2.   Evaluation   Metrics   We   evaluate   both   prediction   accuracy   and   top- ranking   quality:   \u25cf   Root   Mean   Squar ed   Error   (RMSE):   Measures   the   accuracy   of   the   predi...", "module": "document_ingest", "function": "chunk_documents", "line": 121}
{"timestamp": "2025-06-25T11:22:46.994265", "level": "INFO", "logger": "backend.app.services.document_ingest", "message": "Document 9 preview:   0   1   2   3   4   Model   SVD   SVD++   NMF   KNN-User   KNN-Item   RMSE   1.0411   1.0078   1.0864   1.0772   1.0076   Precision@1   0.2911   0.3295   0.3773   0.4175   0.4072   Recall@1   0.127 ...", "module": "document_ingest", "function": "chunk_documents", "line": 121}
{"timestamp": "2025-06-25T11:22:46.994313", "level": "INFO", "logger": "backend.app.services.document_ingest", "message": "Document 5: content length = 3013 chars", "module": "document_ingest", "function": "chunk_documents", "line": 118}
{"timestamp": "2025-06-25T11:22:46.994399", "level": "INFO", "logger": "backend.app.services.document_ingest", "message": "Document 10: content length = 78 chars", "module": "document_ingest", "function": "chunk_documents", "line": 118}
{"timestamp": "2025-06-25T11:22:46.994479", "level": "INFO", "logger": "backend.app.services.document_ingest", "message": "Document 5 preview: We   report   precision@K   and   recall@K   for   .   In   summary ,   RMSE   assesses   rating   prediction   accuracy ,   while   Precision@K   and   Recall@K   measure   the   accuracy   and   com...", "module": "document_ingest", "function": "chunk_documents", "line": 121}
{"timestamp": "2025-06-25T11:22:46.994567", "level": "INFO", "logger": "backend.app.services.document_ingest", "message": "Document 10 preview:       Figure   3.1.   Plots   of   a)   Precision@K   and   b)   Recall@K     ...", "module": "document_ingest", "function": "chunk_documents", "line": 121}
{"timestamp": "2025-06-25T11:22:46.994621", "level": "INFO", "logger": "backend.app.services.document_ingest", "message": "Document 11: content length = 1111 chars", "module": "document_ingest", "function": "chunk_documents", "line": 118}
{"timestamp": "2025-06-25T11:22:46.994692", "level": "INFO", "logger": "backend.app.services.document_ingest", "message": "Document 6: content length = 3336 chars", "module": "document_ingest", "function": "chunk_documents", "line": 118}
{"timestamp": "2025-06-25T11:22:46.994767", "level": "INFO", "logger": "backend.app.services.document_ingest", "message": "Document 6 preview: only   add   up.   The   expected   benefit   is   twofold:   by   focusing   on   additive   (positive)   contributions,   NMF   can   reduce   noise   from   arbitrary   sign   interactions,   and  ...", "module": "document_ingest", "function": "chunk_documents", "line": 121}
{"timestamp": "2025-06-25T11:22:46.994823", "level": "INFO", "logger": "backend.app.services.document_ingest", "message": "Document 11 preview:   Figure   3.1.   Sentiment   Adjusted   Plots   of   a)   Precision@K   and   b)   Recall@K   Tables   3.1   and   3.2   summarize   the   recommendation   accuracy   for   models   trained   on   or...", "module": "document_ingest", "function": "chunk_documents", "line": 121}
{"timestamp": "2025-06-25T11:22:46.994874", "level": "INFO", "logger": "backend.app.services.document_ingest", "message": "Document 7: content length = 1980 chars", "module": "document_ingest", "function": "chunk_documents", "line": 118}
{"timestamp": "2025-06-25T11:22:46.994929", "level": "INFO", "logger": "backend.app.services.document_ingest", "message": "Document 12: content length = 3324 chars", "module": "document_ingest", "function": "chunk_documents", "line": 118}
{"timestamp": "2025-06-25T11:22:46.995000", "level": "INFO", "logger": "backend.app.services.document_ingest", "message": "Document 7 preview: data   from   sentiment.   We   expect   that   combining   these   approaches   will   yield   a   more   accurate   and   interpretable   book   recommender .   2.4.   Experiment   Setup   We   perf...", "module": "document_ingest", "function": "chunk_documents", "line": 121}
{"timestamp": "2025-06-25T11:22:46.995061", "level": "INFO", "logger": "backend.app.services.document_ingest", "message": "Document 12 preview: By   comparison,   training   on   sentiment-scaled   ratings   substantially   degrades   performance.   Table   3.2   shows   that   all   models   incur   much   higher   RMSE   (for   instance,   ...", "module": "document_ingest", "function": "chunk_documents", "line": 121}
{"timestamp": "2025-06-25T11:22:46.995114", "level": "INFO", "logger": "backend.app.services.document_ingest", "message": "Document 8: content length = 925 chars", "module": "document_ingest", "function": "chunk_documents", "line": 118}
{"timestamp": "2025-06-25T11:22:46.995184", "level": "INFO", "logger": "backend.app.services.document_ingest", "message": "Document 13: content length = 2602 chars", "module": "document_ingest", "function": "chunk_documents", "line": 118}
{"timestamp": "2025-06-25T11:22:46.995256", "level": "INFO", "logger": "backend.app.services.document_ingest", "message": "Document 8 preview: RMSE   0.766   0.7388   0.8388   0.8214   0.7193   Precision@1   0.7697   0.7629   0.6821   0.8357   0.8227   Recall@1   0.351   0.3451   0.2957   0.3968   0.3899   Precision@3   0.5802   0.5752   0.4...", "module": "document_ingest", "function": "chunk_documents", "line": 121}
{"timestamp": "2025-06-25T11:22:46.995311", "level": "INFO", "logger": "backend.app.services.document_ingest", "message": "Document 13 preview: between   ratings   and   sentiment   scores.   In   effect,   adding   sentiment   as   side   information   imposes   an   extra   constraint   on   the   model.   This   illustrates   the   classic...", "module": "document_ingest", "function": "chunk_documents", "line": 121}
{"timestamp": "2025-06-25T11:22:46.995365", "level": "INFO", "logger": "backend.app.services.document_ingest", "message": "Document 9: content length = 999 chars", "module": "document_ingest", "function": "chunk_documents", "line": 118}
{"timestamp": "2025-06-25T11:22:46.995435", "level": "INFO", "logger": "backend.app.services.document_ingest", "message": "Document 14: content length = 379 chars", "module": "document_ingest", "function": "chunk_documents", "line": 118}
{"timestamp": "2025-06-25T11:22:46.995510", "level": "INFO", "logger": "backend.app.services.document_ingest", "message": "Document 9 preview:   0   1   2   3   4   Model   SVD   SVD++   NMF   KNN-User   KNN-Item   RMSE   1.0411   1.0078   1.0864   1.0772   1.0076   Precision@1   0.2911   0.3295   0.3773   0.4175   0.4072   Recall@1   0.127 ...", "module": "document_ingest", "function": "chunk_documents", "line": 121}
{"timestamp": "2025-06-25T11:22:46.995558", "level": "INFO", "logger": "backend.app.services.document_ingest", "message": "Document 14 preview: References   1.   Dang,   C.   N.,   Moreno-Garc\u00eda,   M.   N.,   &   Prieta,   F.   D.   L.   (2021).   An   approach   to   integrating   sentiment   analysis   into   recommender   systems.   Sensor...", "module": "document_ingest", "function": "chunk_documents", "line": 121}
{"timestamp": "2025-06-25T11:22:46.998797", "level": "INFO", "logger": "backend.app.services.document_ingest", "message": "Document 10: content length = 78 chars", "module": "document_ingest", "function": "chunk_documents", "line": 118}
{"timestamp": "2025-06-25T11:22:46.998838", "level": "INFO", "logger": "backend.app.services.document_ingest", "message": "Document 10 preview:       Figure   3.1.   Plots   of   a)   Precision@K   and   b)   Recall@K     ...", "module": "document_ingest", "function": "chunk_documents", "line": 121}
{"timestamp": "2025-06-25T11:22:46.998878", "level": "INFO", "logger": "backend.app.services.document_ingest", "message": "Split 15 documents into 48 chunks with size=750, overlap=150", "module": "document_ingest", "function": "chunk_documents", "line": 141}
{"timestamp": "2025-06-25T11:22:46.998929", "level": "INFO", "logger": "backend.app.services.document_ingest", "message": "Document 11: content length = 1111 chars", "module": "document_ingest", "function": "chunk_documents", "line": 118}
{"timestamp": "2025-06-25T11:22:46.999009", "level": "INFO", "logger": "backend.app.services.document_ingest", "message": "Chunk 0: length = 223 chars, metadata = {'source': 'Solo-report_1_bcb0d2fd.pdf', 'page': 0, 'source_path': '/Users/talgatbaktybekov/Desktop/rag_app/data/user_documents/1/Solo-report_1_bcb0d2fd.pdf', 'user_id': 1, 'document_id': 4}", "module": "document_ingest", "function": "chunk_documents", "line": 146}
{"timestamp": "2025-06-25T11:22:46.999073", "level": "INFO", "logger": "backend.app.services.document_ingest", "message": "Document 11 preview:   Figure   3.1.   Sentiment   Adjusted   Plots   of   a)   Precision@K   and   b)   Recall@K   Tables   3.1   and   3.2   summarize   the   recommendation   accuracy   for   models   trained   on   or...", "module": "document_ingest", "function": "chunk_documents", "line": 121}
{"timestamp": "2025-06-25T11:22:46.999160", "level": "INFO", "logger": "backend.app.services.document_ingest", "message": "Chunk 1: length = 345 chars, metadata = {'source': 'Solo-report_1_bcb0d2fd.pdf', 'page': 1, 'source_path': '/Users/talgatbaktybekov/Desktop/rag_app/data/user_documents/1/Solo-report_1_bcb0d2fd.pdf', 'user_id': 1, 'document_id': 4}", "module": "document_ingest", "function": "chunk_documents", "line": 146}
{"timestamp": "2025-06-25T11:22:46.999260", "level": "INFO", "logger": "backend.app.services.document_ingest", "message": "Document 12: content length = 3324 chars", "module": "document_ingest", "function": "chunk_documents", "line": 118}
{"timestamp": "2025-06-25T11:22:46.999345", "level": "INFO", "logger": "backend.app.services.document_ingest", "message": "Chunk 2: length = 745 chars, metadata = {'source': 'Solo-report_1_bcb0d2fd.pdf', 'page': 2, 'source_path': '/Users/talgatbaktybekov/Desktop/rag_app/data/user_documents/1/Solo-report_1_bcb0d2fd.pdf', 'user_id': 1, 'document_id': 4}", "module": "document_ingest", "function": "chunk_documents", "line": 146}
{"timestamp": "2025-06-25T11:22:46.999617", "level": "INFO", "logger": "backend.app.services.document_ingest", "message": "Document 12 preview: By   comparison,   training   on   sentiment-scaled   ratings   substantially   degrades   performance.   Table   3.2   shows   that   all   models   incur   much   higher   RMSE   (for   instance,   ...", "module": "document_ingest", "function": "chunk_documents", "line": 121}
{"timestamp": "2025-06-25T11:22:46.999672", "level": "INFO", "logger": "backend.app.services.document_ingest", "message": "Document 13: content length = 2602 chars", "module": "document_ingest", "function": "chunk_documents", "line": 118}
{"timestamp": "2025-06-25T11:22:46.999712", "level": "INFO", "logger": "backend.app.services.document_ingest", "message": "Document 13 preview: between   ratings   and   sentiment   scores.   In   effect,   adding   sentiment   as   side   information   imposes   an   extra   constraint   on   the   model.   This   illustrates   the   classic...", "module": "document_ingest", "function": "chunk_documents", "line": 121}
{"timestamp": "2025-06-25T11:22:46.999770", "level": "INFO", "logger": "backend.app.services.document_ingest", "message": "Document 14: content length = 379 chars", "module": "document_ingest", "function": "chunk_documents", "line": 118}
{"timestamp": "2025-06-25T11:22:46.999806", "level": "INFO", "logger": "backend.app.services.document_ingest", "message": "Document 14 preview: References   1.   Dang,   C.   N.,   Moreno-Garc\u00eda,   M.   N.,   &   Prieta,   F.   D.   L.   (2021).   An   approach   to   integrating   sentiment   analysis   into   recommender   systems.   Sensor...", "module": "document_ingest", "function": "chunk_documents", "line": 121}
{"timestamp": "2025-06-25T11:22:47.002900", "level": "INFO", "logger": "backend.app.services.document_ingest", "message": "Split 15 documents into 48 chunks with size=750, overlap=150", "module": "document_ingest", "function": "chunk_documents", "line": 141}
{"timestamp": "2025-06-25T11:22:47.003126", "level": "INFO", "logger": "backend.app.services.document_ingest", "message": "Chunk 0: length = 223 chars, metadata = {'source': 'Solo-report_1_bcb0d2fd.pdf', 'page': 0, 'source_path': '/Users/talgatbaktybekov/Desktop/rag_app/data/user_documents/1/Solo-report_1_bcb0d2fd.pdf', 'user_id': 1, 'document_id': 4}", "module": "document_ingest", "function": "chunk_documents", "line": 146}
{"timestamp": "2025-06-25T11:22:47.003196", "level": "INFO", "logger": "backend.app.services.document_ingest", "message": "Chunk 1: length = 345 chars, metadata = {'source': 'Solo-report_1_bcb0d2fd.pdf', 'page': 1, 'source_path': '/Users/talgatbaktybekov/Desktop/rag_app/data/user_documents/1/Solo-report_1_bcb0d2fd.pdf', 'user_id': 1, 'document_id': 4}", "module": "document_ingest", "function": "chunk_documents", "line": 146}
{"timestamp": "2025-06-25T11:22:47.003254", "level": "INFO", "logger": "backend.app.services.document_ingest", "message": "Chunk 2: length = 745 chars, metadata = {'source': 'Solo-report_1_bcb0d2fd.pdf', 'page': 2, 'source_path': '/Users/talgatbaktybekov/Desktop/rag_app/data/user_documents/1/Solo-report_1_bcb0d2fd.pdf', 'user_id': 1, 'document_id': 4}", "module": "document_ingest", "function": "chunk_documents", "line": 146}
{"timestamp": "2025-06-25T11:22:47.281861", "level": "INFO", "logger": "chromadb.telemetry.product.posthog", "message": "Anonymized telemetry enabled. See                     https://docs.trychroma.com/telemetry for more information.", "module": "posthog", "function": "__init__", "line": 20}
{"timestamp": "2025-06-25T11:23:31.132286", "level": "INFO", "logger": "backend.app.api.routes_document", "message": "Setting document selection for conversation 3, user 1", "module": "routes_document", "function": "select_documents_for_conversation", "line": 252}
{"timestamp": "2025-06-25T11:23:31.132549", "level": "INFO", "logger": "backend.app.api.routes_document", "message": "Selected document IDs: [4]", "module": "routes_document", "function": "select_documents_for_conversation", "line": 253}
{"timestamp": "2025-06-25T11:23:31.142380", "level": "INFO", "logger": "backend.app.api.routes_document", "message": "Successfully saved 1 document selections for conversation 3", "module": "routes_document", "function": "select_documents_for_conversation", "line": 286}
{"timestamp": "2025-06-25T11:23:36.828622", "level": "INFO", "logger": "backend.app.api.routes_chat", "message": "Question does not need context: 'can you tell me about the results of the project' (decision: 0)", "module": "routes_chat", "function": "ask", "line": 230}
{"timestamp": "2025-06-25T11:23:36.829224", "level": "INFO", "logger": "backend.app.services.ollama", "message": "Building langchain agent for conversation 3, user 1, needs_context=False", "module": "ollama", "function": "build_langchain_agent", "line": 16}
{"timestamp": "2025-06-25T11:23:36.850123", "level": "INFO", "logger": "backend.app.services.ollama", "message": "Selected document IDs: [4]", "module": "ollama", "function": "build_langchain_agent", "line": 29}
{"timestamp": "2025-06-25T11:23:36.850200", "level": "INFO", "logger": "backend.app.services.ollama", "message": "Total context length: 0 characters", "module": "ollama", "function": "build_langchain_agent", "line": 69}
{"timestamp": "2025-06-25T11:23:36.871587", "level": "WARNING", "logger": "langchain_core.tracers.base", "message": "Parent run cd2635a2-c329-41b0-9eb2-62d9aef1614b not found for run 35b6ef50-52f8-4eb2-b96c-6d3e19a18d56. Treating as a root run.", "module": "base", "function": "_start_trace", "line": 113}
{"timestamp": "2025-06-25T11:23:39.514267", "level": "WARNING", "logger": "langchain_core.callbacks.manager", "message": "Error in RootListenersTracer.on_chain_end callback: AttributeError(\"'SimpleChatHistory' object has no attribute 'add_messages'\")", "module": "manager", "function": "handle_event", "line": 282}
{"timestamp": "2025-06-25T11:23:46.754652", "level": "INFO", "logger": "backend.app.api.routes_document", "message": "Setting document selection for conversation 3, user 1", "module": "routes_document", "function": "select_documents_for_conversation", "line": 252}
{"timestamp": "2025-06-25T11:23:46.755282", "level": "INFO", "logger": "backend.app.api.routes_document", "message": "Selected document IDs: [4]", "module": "routes_document", "function": "select_documents_for_conversation", "line": 253}
{"timestamp": "2025-06-25T11:23:46.769838", "level": "INFO", "logger": "backend.app.api.routes_document", "message": "Successfully saved 1 document selections for conversation 3", "module": "routes_document", "function": "select_documents_for_conversation", "line": 286}
{"timestamp": "2025-06-25T11:24:49.956214", "level": "INFO", "logger": "root", "message": "Starting application", "module": "main", "function": "<module>", "line": 14}
{"timestamp": "2025-06-25T11:24:57.512364", "level": "INFO", "logger": "root", "message": "Starting application", "module": "main", "function": "<module>", "line": 14}
{"timestamp": "2025-06-25T11:25:02.649381", "level": "INFO", "logger": "root", "message": "Starting application", "module": "main", "function": "<module>", "line": 14}
{"timestamp": "2025-06-25T11:25:08.917529", "level": "INFO", "logger": "root", "message": "Starting application", "module": "main", "function": "<module>", "line": 14}
{"timestamp": "2025-06-25T11:25:10.504082", "level": "INFO", "logger": "root", "message": "Starting application", "module": "main", "function": "<module>", "line": 14}
{"timestamp": "2025-06-25T11:25:13.296419", "level": "INFO", "logger": "root", "message": "Starting application", "module": "main", "function": "<module>", "line": 14}
{"timestamp": "2025-06-25T11:25:16.575281", "level": "INFO", "logger": "root", "message": "Starting application", "module": "main", "function": "<module>", "line": 14}
{"timestamp": "2025-06-25T11:25:17.629000", "level": "INFO", "logger": "root", "message": "Starting application", "module": "main", "function": "<module>", "line": 14}
{"timestamp": "2025-06-25T11:25:18.545798", "level": "INFO", "logger": "root", "message": "Starting application", "module": "main", "function": "<module>", "line": 14}
{"timestamp": "2025-06-25T11:25:24.591591", "level": "INFO", "logger": "root", "message": "Starting application", "module": "main", "function": "<module>", "line": 14}
{"timestamp": "2025-06-25T11:25:27.872323", "level": "INFO", "logger": "root", "message": "Starting application", "module": "main", "function": "<module>", "line": 14}
{"timestamp": "2025-06-25T11:25:31.307559", "level": "INFO", "logger": "backend.app.api.routes_chat", "message": "Question does not need context: 'of the project' (decision: 0)", "module": "routes_chat", "function": "ask", "line": 230}
{"timestamp": "2025-06-25T11:25:31.307810", "level": "INFO", "logger": "backend.app.services.ollama", "message": "Building langchain agent for conversation 3, user 1, needs_context=False", "module": "ollama", "function": "build_langchain_agent", "line": 16}
{"timestamp": "2025-06-25T11:25:31.378651", "level": "INFO", "logger": "backend.app.services.ollama", "message": "Selected document IDs: [4]", "module": "ollama", "function": "build_langchain_agent", "line": 29}
{"timestamp": "2025-06-25T11:25:31.378739", "level": "INFO", "logger": "backend.app.services.ollama", "message": "Total context length: 0 characters", "module": "ollama", "function": "build_langchain_agent", "line": 69}
{"timestamp": "2025-06-25T11:25:31.414396", "level": "WARNING", "logger": "langchain_core.tracers.base", "message": "Parent run 82130993-b670-436a-b210-c55a2c625066 not found for run 3579a015-c346-48c4-95f7-533479b1761b. Treating as a root run.", "module": "base", "function": "_start_trace", "line": 113}
{"timestamp": "2025-06-25T11:25:35.923567", "level": "WARNING", "logger": "langchain_core.callbacks.manager", "message": "Error in RootListenersTracer.on_chain_end callback: AttributeError(\"'SimpleChatHistory' object has no attribute 'add_messages'\")", "module": "manager", "function": "handle_event", "line": 282}
{"timestamp": "2025-06-25T11:27:58.490695", "level": "INFO", "logger": "root", "message": "Starting application", "module": "main", "function": "<module>", "line": 14}
{"timestamp": "2025-06-25T11:28:06.450412", "level": "INFO", "logger": "backend.app.api.routes_chat", "message": "Question does not need context: 'of the project!!' (decision: 0)", "module": "routes_chat", "function": "ask", "line": 230}
{"timestamp": "2025-06-25T11:28:06.451531", "level": "INFO", "logger": "backend.app.services.ollama", "message": "Building langchain agent for conversation 3, user 1, needs_context=False", "module": "ollama", "function": "build_langchain_agent", "line": 16}
{"timestamp": "2025-06-25T11:28:06.494120", "level": "INFO", "logger": "backend.app.services.ollama", "message": "Selected document IDs: [4]", "module": "ollama", "function": "build_langchain_agent", "line": 29}
{"timestamp": "2025-06-25T11:28:06.494216", "level": "INFO", "logger": "backend.app.services.ollama", "message": "Total context length: 0 characters", "module": "ollama", "function": "build_langchain_agent", "line": 69}
{"timestamp": "2025-06-25T11:28:06.527385", "level": "WARNING", "logger": "langchain_core.tracers.base", "message": "Parent run 3d9da8c3-00f4-4abe-924a-02c18f49d475 not found for run ab32a823-9c95-4fd0-9583-f04476f1a336. Treating as a root run.", "module": "base", "function": "_start_trace", "line": 113}
{"timestamp": "2025-06-25T11:28:13.416031", "level": "WARNING", "logger": "langchain_core.callbacks.manager", "message": "Error in RootListenersTracer.on_chain_end callback: AttributeError(\"'SimpleChatHistory' object has no attribute 'add_messages'\")", "module": "manager", "function": "handle_event", "line": 282}
{"timestamp": "2025-06-25T11:28:14.678347", "level": "INFO", "logger": "root", "message": "Starting application", "module": "main", "function": "<module>", "line": 14}
{"timestamp": "2025-06-25T11:28:22.832323", "level": "INFO", "logger": "root", "message": "Starting application", "module": "main", "function": "<module>", "line": 14}
{"timestamp": "2025-06-25T11:28:36.881981", "level": "INFO", "logger": "backend.app.api.routes_chat", "message": "Question does not need context: 'I need the results of the project' (decision: 0)", "module": "routes_chat", "function": "ask", "line": 230}
{"timestamp": "2025-06-25T11:28:36.882501", "level": "INFO", "logger": "backend.app.services.ollama", "message": "Building langchain agent for conversation 3, user 1, needs_context=False", "module": "ollama", "function": "build_langchain_agent", "line": 16}
{"timestamp": "2025-06-25T11:28:36.890831", "level": "INFO", "logger": "backend.app.services.ollama", "message": "Selected document IDs: [4]", "module": "ollama", "function": "build_langchain_agent", "line": 29}
{"timestamp": "2025-06-25T11:28:36.890922", "level": "INFO", "logger": "backend.app.services.ollama", "message": "Total context length: 0 characters", "module": "ollama", "function": "build_langchain_agent", "line": 69}
{"timestamp": "2025-06-25T11:28:36.927765", "level": "WARNING", "logger": "langchain_core.tracers.base", "message": "Parent run 75cff27b-3c15-4b74-9721-70ea33bd96f0 not found for run ca3dfb6a-a989-4a97-8e80-f7d217a15b1b. Treating as a root run.", "module": "base", "function": "_start_trace", "line": 113}
{"timestamp": "2025-06-25T11:28:44.686035", "level": "WARNING", "logger": "langchain_core.callbacks.manager", "message": "Error in RootListenersTracer.on_chain_end callback: AttributeError(\"'SimpleChatHistory' object has no attribute 'add_messages'\")", "module": "manager", "function": "handle_event", "line": 282}
{"timestamp": "2025-06-25T11:35:00.223389", "level": "INFO", "logger": "root", "message": "Starting application", "module": "main", "function": "<module>", "line": 14}
{"timestamp": "2025-06-25T11:35:07.935805", "level": "INFO", "logger": "root", "message": "Starting application", "module": "main", "function": "<module>", "line": 14}
{"timestamp": "2025-06-25T11:38:52.411620", "level": "INFO", "logger": "backend.app.api.routes_chat", "message": "Question does not need context: 'can you give me the values of the evaluation metrics' (decision: I'm ready to evaluate!\n\nPlease provide the question, and I'll answer with either a '0' or a '1'.)", "module": "routes_chat", "function": "ask", "line": 230}
{"timestamp": "2025-06-25T11:38:52.415012", "level": "INFO", "logger": "backend.app.services.ollama", "message": "Building langchain agent for conversation 3, user 1, needs_context=False", "module": "ollama", "function": "build_langchain_agent", "line": 16}
{"timestamp": "2025-06-25T11:38:52.431770", "level": "INFO", "logger": "backend.app.services.ollama", "message": "Selected document IDs: [4]", "module": "ollama", "function": "build_langchain_agent", "line": 29}
{"timestamp": "2025-06-25T11:38:52.431847", "level": "INFO", "logger": "backend.app.services.ollama", "message": "Total context length: 0 characters", "module": "ollama", "function": "build_langchain_agent", "line": 69}
{"timestamp": "2025-06-25T11:38:52.450017", "level": "WARNING", "logger": "langchain_core.tracers.base", "message": "Parent run 35f5681f-32a2-4d0a-a2c9-e7a3c656e0ca not found for run 0e6d58bb-ac39-40cc-bcaa-639421ec512e. Treating as a root run.", "module": "base", "function": "_start_trace", "line": 113}
{"timestamp": "2025-06-25T11:39:00.501965", "level": "WARNING", "logger": "langchain_core.callbacks.manager", "message": "Error in RootListenersTracer.on_chain_end callback: AttributeError(\"'SimpleChatHistory' object has no attribute 'add_messages'\")", "module": "manager", "function": "handle_event", "line": 282}
{"timestamp": "2025-06-25T11:39:50.640156", "level": "INFO", "logger": "root", "message": "Starting application", "module": "main", "function": "<module>", "line": 14}
{"timestamp": "2025-06-25T11:40:00.059507", "level": "INFO", "logger": "root", "message": "Starting application", "module": "main", "function": "<module>", "line": 14}
{"timestamp": "2025-06-25T11:40:22.060639", "level": "INFO", "logger": "backend.app.api.routes_chat", "message": "Question needs context: 'can you give me the values of the evaluation metrics'", "module": "routes_chat", "function": "ask", "line": 228}
{"timestamp": "2025-06-25T11:40:22.062069", "level": "INFO", "logger": "backend.app.services.ollama", "message": "Building langchain agent for conversation 3, user 1, needs_context=True", "module": "ollama", "function": "build_langchain_agent", "line": 16}
{"timestamp": "2025-06-25T11:40:22.094884", "level": "INFO", "logger": "backend.app.services.ollama", "message": "Selected document IDs: [4]", "module": "ollama", "function": "build_langchain_agent", "line": 29}
{"timestamp": "2025-06-25T11:40:22.095014", "level": "INFO", "logger": "backend.app.services.ollama", "message": "Retrieving chunks for 1 selected documents", "module": "ollama", "function": "build_langchain_agent", "line": 36}
{"timestamp": "2025-06-25T11:40:22.390676", "level": "INFO", "logger": "chromadb.telemetry.product.posthog", "message": "Anonymized telemetry enabled. See                     https://docs.trychroma.com/telemetry for more information.", "module": "posthog", "function": "__init__", "line": 20}
{"timestamp": "2025-06-25T11:40:22.461802", "level": "INFO", "logger": "backend.app.services.document_ingest", "message": "Retrieving 8 chunks for query: 'can you give me the values of the evaluation metri...', search_type: advanced_ensemble", "module": "document_ingest", "function": "retrieve_relevant_chunks", "line": 249}
{"timestamp": "2025-06-25T11:40:23.212320", "level": "INFO", "logger": "backend.app.services.document_ingest", "message": "Retrieved 6 chunks", "module": "document_ingest", "function": "_log_search_results", "line": 352}
{"timestamp": "2025-06-25T11:40:23.212420", "level": "INFO", "logger": "backend.app.services.document_ingest", "message": "Document IDs: [4, 4, 4, 4, 4, 4]", "module": "document_ingest", "function": "_log_search_results", "line": 359}
{"timestamp": "2025-06-25T11:40:23.212473", "level": "INFO", "logger": "backend.app.services.document_ingest", "message": "Sources: ['Solo-report_1_bcb0d2fd.pdf', 'Solo-report_1_bcb0d2fd.pdf', 'Solo-report_1_bcb0d2fd.pdf', 'Solo-report_1_bcb0d2fd.pdf', 'Solo-report_1_bcb0d2fd.pdf', 'Solo-report_1_bcb0d2fd.pdf']", "module": "document_ingest", "function": "_log_search_results", "line": 361}
{"timestamp": "2025-06-25T11:40:23.212525", "level": "INFO", "logger": "backend.app.services.document_ingest", "message": "Chunk 1: measure   the   fraction           of   relevant   items   in   the   top-   recommendations   and  ...", "module": "document_ingest", "function": "_log_search_results", "line": 366}
{"timestamp": "2025-06-25T11:40:23.212576", "level": "INFO", "logger": "backend.app.services.document_ingest", "message": "Chunk 2: Ratings   Evaluation:   We   adjust   the   ratings   by   each   review\u2019 s   sentiment   score   be...", "module": "document_ingest", "function": "_log_search_results", "line": 366}
{"timestamp": "2025-06-25T11:40:23.212635", "level": "INFO", "logger": "backend.app.services.ollama", "message": "Total context length: 4026 characters", "module": "ollama", "function": "build_langchain_agent", "line": 69}
{"timestamp": "2025-06-25T11:40:23.236345", "level": "WARNING", "logger": "langchain_core.tracers.base", "message": "Parent run 230baef0-6f10-499c-a4bf-4a42465baf91 not found for run d3aab783-c2b4-4840-9e01-25c9aa0ef311. Treating as a root run.", "module": "base", "function": "_start_trace", "line": 113}
{"timestamp": "2025-06-25T11:40:49.456616", "level": "WARNING", "logger": "langchain_core.callbacks.manager", "message": "Error in RootListenersTracer.on_chain_end callback: AttributeError(\"'SimpleChatHistory' object has no attribute 'add_messages'\")", "module": "manager", "function": "handle_event", "line": 282}
{"timestamp": "2025-06-25T11:40:49.492516", "level": "INFO", "logger": "backend.app.api.routes_chat", "message": "Creating reference mapping for 6 chunks", "module": "routes_chat", "function": "ask", "line": 312}
{"timestamp": "2025-06-25T11:44:32.335805", "level": "INFO", "logger": "backend.app.api.routes_chat", "message": "Question needs context: 'What conclusion Talgat has drawn?'", "module": "routes_chat", "function": "ask", "line": 228}
{"timestamp": "2025-06-25T11:44:32.336366", "level": "INFO", "logger": "backend.app.services.ollama", "message": "Building langchain agent for conversation 3, user 1, needs_context=True", "module": "ollama", "function": "build_langchain_agent", "line": 16}
{"timestamp": "2025-06-25T11:44:32.358121", "level": "INFO", "logger": "backend.app.services.ollama", "message": "Selected document IDs: [4]", "module": "ollama", "function": "build_langchain_agent", "line": 29}
{"timestamp": "2025-06-25T11:44:32.358200", "level": "INFO", "logger": "backend.app.services.ollama", "message": "Retrieving chunks for 1 selected documents", "module": "ollama", "function": "build_langchain_agent", "line": 36}
{"timestamp": "2025-06-25T11:44:32.385376", "level": "INFO", "logger": "backend.app.services.document_ingest", "message": "Retrieving 8 chunks for query: 'What conclusion Talgat has drawn?...', search_type: advanced_ensemble", "module": "document_ingest", "function": "retrieve_relevant_chunks", "line": 249}
{"timestamp": "2025-06-25T11:44:32.553889", "level": "INFO", "logger": "backend.app.services.document_ingest", "message": "Retrieved 7 chunks", "module": "document_ingest", "function": "_log_search_results", "line": 352}
{"timestamp": "2025-06-25T11:44:32.553968", "level": "INFO", "logger": "backend.app.services.document_ingest", "message": "Document IDs: [4, 4, 4, 4, 4, 4, 4]", "module": "document_ingest", "function": "_log_search_results", "line": 359}
{"timestamp": "2025-06-25T11:44:32.554019", "level": "INFO", "logger": "backend.app.services.document_ingest", "message": "Sources: ['Solo-report_1_bcb0d2fd.pdf', 'Solo-report_1_bcb0d2fd.pdf', 'Solo-report_1_bcb0d2fd.pdf', 'Solo-report_1_bcb0d2fd.pdf', 'Solo-report_1_bcb0d2fd.pdf', 'Solo-report_1_bcb0d2fd.pdf', 'Solo-report_1_bcb0d2fd.pdf']", "module": "document_ingest", "function": "_log_search_results", "line": 361}
{"timestamp": "2025-06-25T11:44:32.554294", "level": "INFO", "logger": "backend.app.services.document_ingest", "message": "Chunk 1: and   Analysis   To   illustrate   the   findings,   we   prepare   several   plots   and   tables. ...", "module": "document_ingest", "function": "_log_search_results", "line": 366}
{"timestamp": "2025-06-25T11:44:32.554848", "level": "INFO", "logger": "backend.app.services.document_ingest", "message": "Chunk 2: using   Surprise\u2019 s   algorithms   (stochastic   gradient   descent   for   SVD,   SVD++,   NMF;   a...", "module": "document_ingest", "function": "_log_search_results", "line": 366}
{"timestamp": "2025-06-25T11:44:32.554941", "level": "INFO", "logger": "backend.app.services.ollama", "message": "Total context length: 3464 characters", "module": "ollama", "function": "build_langchain_agent", "line": 69}
{"timestamp": "2025-06-25T11:44:32.576647", "level": "WARNING", "logger": "langchain_core.tracers.base", "message": "Parent run c74e3d51-6d38-4fe5-a73c-b0a4f36edcb2 not found for run 30d3ae51-076d-4eb4-b786-32f440583e8e. Treating as a root run.", "module": "base", "function": "_start_trace", "line": 113}
{"timestamp": "2025-06-25T11:44:53.348900", "level": "WARNING", "logger": "langchain_core.callbacks.manager", "message": "Error in RootListenersTracer.on_chain_end callback: AttributeError(\"'SimpleChatHistory' object has no attribute 'add_messages'\")", "module": "manager", "function": "handle_event", "line": 282}
{"timestamp": "2025-06-25T11:44:53.403477", "level": "INFO", "logger": "backend.app.api.routes_chat", "message": "Creating reference mapping for 7 chunks", "module": "routes_chat", "function": "ask", "line": 312}
{"timestamp": "2025-06-25T11:46:16.532282", "level": "INFO", "logger": "root", "message": "Starting application", "module": "main", "function": "<module>", "line": 14}
{"timestamp": "2025-06-25T11:46:27.776912", "level": "INFO", "logger": "root", "message": "Starting application", "module": "main", "function": "<module>", "line": 14}
{"timestamp": "2025-06-25T11:46:48.681643", "level": "INFO", "logger": "root", "message": "Starting application", "module": "main", "function": "<module>", "line": 14}
{"timestamp": "2025-06-25T11:46:51.673616", "level": "INFO", "logger": "root", "message": "Starting application", "module": "main", "function": "<module>", "line": 14}
{"timestamp": "2025-06-25T11:51:14.974254", "level": "INFO", "logger": "root", "message": "Starting application", "module": "main", "function": "<module>", "line": 14}
{"timestamp": "2025-06-25T11:51:15.900316", "level": "INFO", "logger": "root", "message": "Starting application", "module": "main", "function": "<module>", "line": 14}
{"timestamp": "2025-06-25T11:51:16.795507", "level": "INFO", "logger": "root", "message": "Starting application", "module": "main", "function": "<module>", "line": 14}
{"timestamp": "2025-06-25T11:51:18.082597", "level": "INFO", "logger": "root", "message": "Starting application", "module": "main", "function": "<module>", "line": 14}
{"timestamp": "2025-06-25T11:51:19.852870", "level": "INFO", "logger": "root", "message": "Starting application", "module": "main", "function": "<module>", "line": 14}
{"timestamp": "2025-06-25T11:51:22.484295", "level": "INFO", "logger": "root", "message": "Starting application", "module": "main", "function": "<module>", "line": 14}
{"timestamp": "2025-06-25T11:53:04.788735", "level": "INFO", "logger": "backend.app.api.routes_chat", "message": "Question does not need context: 'can you give me more details' (decision: 0)", "module": "routes_chat", "function": "ask", "line": 230}
{"timestamp": "2025-06-25T11:53:04.789658", "level": "INFO", "logger": "backend.app.services.ollama", "message": "Building langchain agent for conversation 3, user 1, needs_context=False", "module": "ollama", "function": "build_langchain_agent", "line": 16}
{"timestamp": "2025-06-25T11:53:04.814674", "level": "INFO", "logger": "backend.app.services.ollama", "message": "Selected document IDs: [4]", "module": "ollama", "function": "build_langchain_agent", "line": 29}
{"timestamp": "2025-06-25T11:53:04.814748", "level": "INFO", "logger": "backend.app.services.ollama", "message": "Total context length: 0 characters", "module": "ollama", "function": "build_langchain_agent", "line": 69}
{"timestamp": "2025-06-25T11:53:04.832638", "level": "WARNING", "logger": "langchain_core.tracers.base", "message": "Parent run ee0eb8e3-9e77-45ea-9a2e-9abe8edb05c5 not found for run 4924208a-aea9-4f80-8c2c-5093ce6c629c. Treating as a root run.", "module": "base", "function": "_start_trace", "line": 113}
{"timestamp": "2025-06-25T11:53:15.290936", "level": "WARNING", "logger": "langchain_core.callbacks.manager", "message": "Error in RootListenersTracer.on_chain_end callback: AttributeError(\"'SimpleChatHistory' object has no attribute 'add_messages'\")", "module": "manager", "function": "handle_event", "line": 282}
{"timestamp": "2025-06-25T11:54:22.722534", "level": "INFO", "logger": "root", "message": "Starting application", "module": "main", "function": "<module>", "line": 14}
{"timestamp": "2025-06-25T11:54:28.033920", "level": "INFO", "logger": "root", "message": "Starting application", "module": "main", "function": "<module>", "line": 14}
{"timestamp": "2025-06-25T11:55:11.280230", "level": "INFO", "logger": "backend.app.api.routes_chat", "message": "Question needs context: 'can you give me more details about Talgat's conclusion regarding the effectiveness of sentiment information in recommender systems?'", "module": "routes_chat", "function": "ask", "line": 228}
{"timestamp": "2025-06-25T11:55:11.285464", "level": "INFO", "logger": "backend.app.services.ollama", "message": "Building langchain agent for conversation 3, user 1, needs_context=True", "module": "ollama", "function": "build_langchain_agent", "line": 16}
{"timestamp": "2025-06-25T11:55:11.295755", "level": "INFO", "logger": "backend.app.services.ollama", "message": "Selected document IDs: [4]", "module": "ollama", "function": "build_langchain_agent", "line": 29}
{"timestamp": "2025-06-25T11:55:11.295835", "level": "INFO", "logger": "backend.app.services.ollama", "message": "Retrieving chunks for 1 selected documents", "module": "ollama", "function": "build_langchain_agent", "line": 36}
{"timestamp": "2025-06-25T11:55:11.608354", "level": "INFO", "logger": "chromadb.telemetry.product.posthog", "message": "Anonymized telemetry enabled. See                     https://docs.trychroma.com/telemetry for more information.", "module": "posthog", "function": "__init__", "line": 20}
{"timestamp": "2025-06-25T11:55:11.676773", "level": "INFO", "logger": "backend.app.services.document_ingest", "message": "Retrieving 8 chunks for query: 'can you give me more details about Talgat's conclu...', search_type: advanced_ensemble", "module": "document_ingest", "function": "retrieve_relevant_chunks", "line": 249}
{"timestamp": "2025-06-25T11:55:12.514270", "level": "INFO", "logger": "backend.app.services.document_ingest", "message": "Retrieved 5 chunks", "module": "document_ingest", "function": "_log_search_results", "line": 352}
{"timestamp": "2025-06-25T11:55:12.514367", "level": "INFO", "logger": "backend.app.services.document_ingest", "message": "Document IDs: [4, 4, 4, 4, 4]", "module": "document_ingest", "function": "_log_search_results", "line": 359}
{"timestamp": "2025-06-25T11:55:12.514422", "level": "INFO", "logger": "backend.app.services.document_ingest", "message": "Sources: ['Solo-report_1_bcb0d2fd.pdf', 'Solo-report_1_bcb0d2fd.pdf', 'Solo-report_1_bcb0d2fd.pdf', 'Solo-report_1_bcb0d2fd.pdf', 'Solo-report_1_bcb0d2fd.pdf']", "module": "document_ingest", "function": "_log_search_results", "line": 361}
{"timestamp": "2025-06-25T11:55:12.514687", "level": "INFO", "logger": "backend.app.services.document_ingest", "message": "Chunk 1: Overall,   our   results   suggest   that   sentiment   information   can   enrich   recommender   s...", "module": "document_ingest", "function": "_log_search_results", "line": 366}
{"timestamp": "2025-06-25T11:55:12.514919", "level": "INFO", "logger": "backend.app.services.document_ingest", "message": "Chunk 2: a   rating.   In   this   project,   we   investigate   the   impact   of   incorporating   sentimen...", "module": "document_ingest", "function": "_log_search_results", "line": 366}
{"timestamp": "2025-06-25T11:55:12.514997", "level": "INFO", "logger": "backend.app.services.ollama", "message": "Total context length: 3389 characters", "module": "ollama", "function": "build_langchain_agent", "line": 69}
{"timestamp": "2025-06-25T11:55:12.532645", "level": "WARNING", "logger": "langchain_core.tracers.base", "message": "Parent run c99a5adc-b5d4-43ad-ac03-b9463547f8ab not found for run 5a05877f-7791-4e2b-88f8-3a791dd9ff6d. Treating as a root run.", "module": "base", "function": "_start_trace", "line": 113}
{"timestamp": "2025-06-25T11:55:41.116291", "level": "WARNING", "logger": "langchain_core.callbacks.manager", "message": "Error in RootListenersTracer.on_chain_end callback: AttributeError(\"'SimpleChatHistory' object has no attribute 'add_messages'\")", "module": "manager", "function": "handle_event", "line": 282}
{"timestamp": "2025-06-25T11:55:41.160196", "level": "INFO", "logger": "backend.app.api.routes_chat", "message": "Creating reference mapping for 5 chunks", "module": "routes_chat", "function": "ask", "line": 312}
{"timestamp": "2025-06-25T11:57:52.054884", "level": "INFO", "logger": "backend.app.api.routes_chat", "message": "Question needs context: 'What about the methodology used in the project to incorporate sentiment information into the recommender system?'", "module": "routes_chat", "function": "ask", "line": 228}
{"timestamp": "2025-06-25T11:57:52.055231", "level": "INFO", "logger": "backend.app.services.ollama", "message": "Building langchain agent for conversation 3, user 1, needs_context=True", "module": "ollama", "function": "build_langchain_agent", "line": 16}
{"timestamp": "2025-06-25T11:57:52.073193", "level": "INFO", "logger": "backend.app.services.ollama", "message": "Selected document IDs: [4]", "module": "ollama", "function": "build_langchain_agent", "line": 29}
{"timestamp": "2025-06-25T11:57:52.073267", "level": "INFO", "logger": "backend.app.services.ollama", "message": "Retrieving chunks for 1 selected documents", "module": "ollama", "function": "build_langchain_agent", "line": 36}
{"timestamp": "2025-06-25T11:57:52.089130", "level": "INFO", "logger": "backend.app.services.document_ingest", "message": "Retrieving 8 chunks for query: 'What about the methodology used in the project to ...', search_type: advanced_ensemble", "module": "document_ingest", "function": "retrieve_relevant_chunks", "line": 249}
{"timestamp": "2025-06-25T11:57:52.244933", "level": "INFO", "logger": "backend.app.services.document_ingest", "message": "Retrieved 7 chunks", "module": "document_ingest", "function": "_log_search_results", "line": 352}
{"timestamp": "2025-06-25T11:57:52.245015", "level": "INFO", "logger": "backend.app.services.document_ingest", "message": "Document IDs: [4, 4, 4, 4, 4, 4, 4]", "module": "document_ingest", "function": "_log_search_results", "line": 359}
{"timestamp": "2025-06-25T11:57:52.245062", "level": "INFO", "logger": "backend.app.services.document_ingest", "message": "Sources: ['Solo-report_1_bcb0d2fd.pdf', 'Solo-report_1_bcb0d2fd.pdf', 'Solo-report_1_bcb0d2fd.pdf', 'Solo-report_1_bcb0d2fd.pdf', 'Solo-report_1_bcb0d2fd.pdf', 'Solo-report_1_bcb0d2fd.pdf', 'Solo-report_1_bcb0d2fd.pdf']", "module": "document_ingest", "function": "_log_search_results", "line": 361}
{"timestamp": "2025-06-25T11:57:52.245260", "level": "INFO", "logger": "backend.app.services.document_ingest", "message": "Chunk 1: a   rating.   In   this   project,   we   investigate   the   impact   of   incorporating   sentimen...", "module": "document_ingest", "function": "_log_search_results", "line": 366}
{"timestamp": "2025-06-25T11:57:52.245320", "level": "INFO", "logger": "backend.app.services.document_ingest", "message": "Chunk 2: Overall,   our   results   suggest   that   sentiment   information   can   enrich   recommender   s...", "module": "document_ingest", "function": "_log_search_results", "line": 366}
{"timestamp": "2025-06-25T11:57:52.245374", "level": "INFO", "logger": "backend.app.services.ollama", "message": "Total context length: 4702 characters", "module": "ollama", "function": "build_langchain_agent", "line": 69}
{"timestamp": "2025-06-25T11:57:52.261340", "level": "WARNING", "logger": "langchain_core.tracers.base", "message": "Parent run 72213bea-f523-44ec-a4af-be0f58c15d11 not found for run ee891ce2-1310-44c5-a7e6-39bec890ed68. Treating as a root run.", "module": "base", "function": "_start_trace", "line": 113}
{"timestamp": "2025-06-25T11:58:20.589490", "level": "WARNING", "logger": "langchain_core.callbacks.manager", "message": "Error in RootListenersTracer.on_chain_end callback: AttributeError(\"'SimpleChatHistory' object has no attribute 'add_messages'\")", "module": "manager", "function": "handle_event", "line": 282}
{"timestamp": "2025-06-25T11:58:20.621686", "level": "INFO", "logger": "backend.app.api.routes_chat", "message": "Creating reference mapping for 7 chunks", "module": "routes_chat", "function": "ask", "line": 312}
{"timestamp": "2025-06-25T12:08:14.335778", "level": "INFO", "logger": "backend.app.api.routes_chat", "message": "Question needs context: 'What was the main objective or goal of the project that incorporated sentiment information into a recommender system?'", "module": "routes_chat", "function": "ask", "line": 228}
{"timestamp": "2025-06-25T12:08:14.336601", "level": "INFO", "logger": "backend.app.services.ollama", "message": "Building langchain agent for conversation 3, user 1, needs_context=True", "module": "ollama", "function": "build_langchain_agent", "line": 16}
{"timestamp": "2025-06-25T12:08:14.359978", "level": "INFO", "logger": "backend.app.services.ollama", "message": "Selected document IDs: [4]", "module": "ollama", "function": "build_langchain_agent", "line": 29}
{"timestamp": "2025-06-25T12:08:14.360057", "level": "INFO", "logger": "backend.app.services.ollama", "message": "Retrieving chunks for 1 selected documents", "module": "ollama", "function": "build_langchain_agent", "line": 36}
{"timestamp": "2025-06-25T12:08:14.380613", "level": "INFO", "logger": "backend.app.services.document_ingest", "message": "Retrieving 8 chunks for query: 'What was the main objective or goal of the project...', search_type: advanced_ensemble", "module": "document_ingest", "function": "retrieve_relevant_chunks", "line": 249}
{"timestamp": "2025-06-25T12:08:14.830891", "level": "INFO", "logger": "backend.app.services.document_ingest", "message": "Retrieved 8 chunks", "module": "document_ingest", "function": "_log_search_results", "line": 352}
{"timestamp": "2025-06-25T12:08:14.831178", "level": "INFO", "logger": "backend.app.services.document_ingest", "message": "Document IDs: [4, 4, 4, 4, 4, 4, 4, 4]", "module": "document_ingest", "function": "_log_search_results", "line": 359}
{"timestamp": "2025-06-25T12:08:14.831256", "level": "INFO", "logger": "backend.app.services.document_ingest", "message": "Sources: ['Solo-report_1_bcb0d2fd.pdf', 'Solo-report_1_bcb0d2fd.pdf', 'Solo-report_1_bcb0d2fd.pdf', 'Solo-report_1_bcb0d2fd.pdf', 'Solo-report_1_bcb0d2fd.pdf', 'Solo-report_1_bcb0d2fd.pdf', 'Solo-report_1_bcb0d2fd.pdf', 'Solo-report_1_bcb0d2fd.pdf']", "module": "document_ingest", "function": "_log_search_results", "line": 361}
{"timestamp": "2025-06-25T12:08:14.831316", "level": "INFO", "logger": "backend.app.services.document_ingest", "message": "Chunk 1: Overall,   our   results   suggest   that   sentiment   information   can   enrich   recommender   s...", "module": "document_ingest", "function": "_log_search_results", "line": 366}
{"timestamp": "2025-06-25T12:08:14.831468", "level": "INFO", "logger": "backend.app.services.document_ingest", "message": "Chunk 2: a   rating.   In   this   project,   we   investigate   the   impact   of   incorporating   sentimen...", "module": "document_ingest", "function": "_log_search_results", "line": 366}
{"timestamp": "2025-06-25T12:08:14.831540", "level": "INFO", "logger": "backend.app.services.ollama", "message": "Total context length: 5487 characters", "module": "ollama", "function": "build_langchain_agent", "line": 69}
{"timestamp": "2025-06-25T12:08:14.849543", "level": "WARNING", "logger": "langchain_core.tracers.base", "message": "Parent run 775c6045-d937-4ce8-9e14-658de55f897f not found for run c4d6f194-f4f8-4291-94b4-4fc7f8f1af9c. Treating as a root run.", "module": "base", "function": "_start_trace", "line": 113}
{"timestamp": "2025-06-25T12:08:39.161965", "level": "WARNING", "logger": "langchain_core.callbacks.manager", "message": "Error in RootListenersTracer.on_chain_end callback: AttributeError(\"'SimpleChatHistory' object has no attribute 'add_messages'\")", "module": "manager", "function": "handle_event", "line": 282}
{"timestamp": "2025-06-25T12:08:39.222258", "level": "INFO", "logger": "backend.app.api.routes_chat", "message": "Creating reference mapping for 8 chunks", "module": "routes_chat", "function": "ask", "line": 312}
{"timestamp": "2025-06-25T12:12:00.595085", "level": "INFO", "logger": "backend.app.api.routes_document", "message": "Setting document selection for conversation 4, user 1", "module": "routes_document", "function": "select_documents_for_conversation", "line": 252}
{"timestamp": "2025-06-25T12:12:00.595813", "level": "INFO", "logger": "backend.app.api.routes_document", "message": "Selected document IDs: [3]", "module": "routes_document", "function": "select_documents_for_conversation", "line": 253}
{"timestamp": "2025-06-25T12:12:00.623393", "level": "INFO", "logger": "backend.app.api.routes_document", "message": "Successfully saved 1 document selections for conversation 4", "module": "routes_document", "function": "select_documents_for_conversation", "line": 286}
{"timestamp": "2025-06-25T12:12:03.468492", "level": "INFO", "logger": "backend.app.api.routes_chat", "message": "Question needs context: 'What are the specific conditions described in the document that require attention?'", "module": "routes_chat", "function": "ask", "line": 228}
{"timestamp": "2025-06-25T12:12:03.468633", "level": "INFO", "logger": "backend.app.services.ollama", "message": "Building langchain agent for conversation 4, user 1, needs_context=True", "module": "ollama", "function": "build_langchain_agent", "line": 16}
{"timestamp": "2025-06-25T12:12:03.486957", "level": "INFO", "logger": "backend.app.services.ollama", "message": "Selected document IDs: [3]", "module": "ollama", "function": "build_langchain_agent", "line": 29}
{"timestamp": "2025-06-25T12:12:03.487599", "level": "INFO", "logger": "backend.app.services.ollama", "message": "Retrieving chunks for 1 selected documents", "module": "ollama", "function": "build_langchain_agent", "line": 36}
{"timestamp": "2025-06-25T12:12:03.528728", "level": "INFO", "logger": "backend.app.services.document_ingest", "message": "Retrieving 8 chunks for query: 'What are the specific conditions described in the ...', search_type: advanced_ensemble", "module": "document_ingest", "function": "retrieve_relevant_chunks", "line": 249}
{"timestamp": "2025-06-25T12:12:03.815153", "level": "INFO", "logger": "backend.app.services.document_ingest", "message": "Retrieved 6 chunks", "module": "document_ingest", "function": "_log_search_results", "line": 352}
{"timestamp": "2025-06-25T12:12:03.815418", "level": "INFO", "logger": "backend.app.services.document_ingest", "message": "Document IDs: [3, 3, 3, 3, 3, 3]", "module": "document_ingest", "function": "_log_search_results", "line": 359}
{"timestamp": "2025-06-25T12:12:03.815476", "level": "INFO", "logger": "backend.app.services.document_ingest", "message": "Sources: ['Letter_of_confirmation_student_interns_1_122774f3.pdf', 'Letter_of_confirmation_student_interns_1_122774f3.pdf', 'Letter_of_confirmation_student_interns_1_122774f3.pdf', 'Letter_of_confirmation_student_interns_1_122774f3.pdf', 'Letter_of_confirmation_student_interns_1_122774f3.pdf', 'Letter_of_confirmation_student_interns_1_122774f3.pdf']", "module": "document_ingest", "function": "_log_search_results", "line": 361}
{"timestamp": "2025-06-25T12:12:03.815756", "level": "INFO", "logger": "backend.app.services.document_ingest", "message": "Chunk 1: to provide employees\u2019 information and records, includi ng the Confirmation (if applicable), for insp...", "module": "document_ingest", "function": "_log_search_results", "line": 366}
{"timestamp": "2025-06-25T12:12:03.815825", "level": "INFO", "logger": "backend.app.services.document_ingest", "message": "Chunk 2: on the student intern as provided in the Confirmation.  1 \ufa0a\u78ba\u8a8d\u66f8\u9644\u8a3b 1\u3002 See footnote 1 in the Confirmati...", "module": "document_ingest", "function": "_log_search_results", "line": 366}
{"timestamp": "2025-06-25T12:12:03.815878", "level": "INFO", "logger": "backend.app.services.ollama", "message": "Total context length: 3927 characters", "module": "ollama", "function": "build_langchain_agent", "line": 69}
{"timestamp": "2025-06-25T12:12:03.831520", "level": "WARNING", "logger": "langchain_core.tracers.base", "message": "Parent run 100577ff-2282-4129-a8f2-1d386c194cc9 not found for run 9f23670a-d829-4f40-a734-34462e960365. Treating as a root run.", "module": "base", "function": "_start_trace", "line": 113}
{"timestamp": "2025-06-25T12:12:19.413404", "level": "WARNING", "logger": "langchain_core.callbacks.manager", "message": "Error in RootListenersTracer.on_chain_end callback: AttributeError(\"'SimpleChatHistory' object has no attribute 'add_messages'\")", "module": "manager", "function": "handle_event", "line": 282}
{"timestamp": "2025-06-25T12:12:19.454758", "level": "INFO", "logger": "backend.app.api.routes_chat", "message": "Creating reference mapping for 6 chunks", "module": "routes_chat", "function": "ask", "line": 312}
{"timestamp": "2025-06-25T13:36:59.143291", "level": "INFO", "logger": "backend.app.api.routes_chat", "message": "Question needs context: 'any other specific conditions described in the document that require attention?'", "module": "routes_chat", "function": "ask", "line": 228}
{"timestamp": "2025-06-25T13:36:59.143599", "level": "INFO", "logger": "backend.app.services.ollama", "message": "Building langchain agent for conversation 4, user 1, needs_context=True", "module": "ollama", "function": "build_langchain_agent", "line": 16}
{"timestamp": "2025-06-25T13:36:59.167769", "level": "INFO", "logger": "backend.app.services.ollama", "message": "Selected document IDs: [3]", "module": "ollama", "function": "build_langchain_agent", "line": 29}
{"timestamp": "2025-06-25T13:36:59.167851", "level": "INFO", "logger": "backend.app.services.ollama", "message": "Retrieving chunks for 1 selected documents", "module": "ollama", "function": "build_langchain_agent", "line": 36}
{"timestamp": "2025-06-25T13:36:59.192392", "level": "INFO", "logger": "backend.app.services.document_ingest", "message": "Retrieving 8 chunks for query: 'any other specific conditions described in the doc...', search_type: advanced_ensemble", "module": "document_ingest", "function": "retrieve_relevant_chunks", "line": 249}
{"timestamp": "2025-06-25T13:36:59.889403", "level": "INFO", "logger": "backend.app.services.document_ingest", "message": "Retrieved 6 chunks", "module": "document_ingest", "function": "_log_search_results", "line": 352}
{"timestamp": "2025-06-25T13:36:59.889946", "level": "INFO", "logger": "backend.app.services.document_ingest", "message": "Document IDs: [3, 3, 3, 3, 3, 3]", "module": "document_ingest", "function": "_log_search_results", "line": 359}
{"timestamp": "2025-06-25T13:36:59.890041", "level": "INFO", "logger": "backend.app.services.document_ingest", "message": "Sources: ['Letter_of_confirmation_student_interns_1_122774f3.pdf', 'Letter_of_confirmation_student_interns_1_122774f3.pdf', 'Letter_of_confirmation_student_interns_1_122774f3.pdf', 'Letter_of_confirmation_student_interns_1_122774f3.pdf', 'Letter_of_confirmation_student_interns_1_122774f3.pdf', 'Letter_of_confirmation_student_interns_1_122774f3.pdf']", "module": "document_ingest", "function": "_log_search_results", "line": 361}
{"timestamp": "2025-06-25T13:36:59.891713", "level": "INFO", "logger": "backend.app.services.document_ingest", "message": "Chunk 1: to provide employees\u2019 information and records, includi ng the Confirmation (if applicable), for insp...", "module": "document_ingest", "function": "_log_search_results", "line": 366}
{"timestamp": "2025-06-25T13:36:59.891797", "level": "INFO", "logger": "backend.app.services.document_ingest", "message": "Chunk 2: on the student intern as provided in the Confirmation.  1 \ufa0a\u78ba\u8a8d\u66f8\u9644\u8a3b 1\u3002 See footnote 1 in the Confirmati...", "module": "document_ingest", "function": "_log_search_results", "line": 366}
{"timestamp": "2025-06-25T13:36:59.891872", "level": "INFO", "logger": "backend.app.services.ollama", "message": "Total context length: 3927 characters", "module": "ollama", "function": "build_langchain_agent", "line": 69}
{"timestamp": "2025-06-25T13:36:59.906590", "level": "WARNING", "logger": "langchain_core.tracers.base", "message": "Parent run f6ab8020-db76-4c8e-b4f3-777fe2bd161a not found for run e62995ef-f7d2-44a1-9b86-4bfb8ce18ffd. Treating as a root run.", "module": "base", "function": "_start_trace", "line": 113}
{"timestamp": "2025-06-25T13:37:12.925486", "level": "WARNING", "logger": "langchain_core.callbacks.manager", "message": "Error in RootListenersTracer.on_chain_end callback: AttributeError(\"'SimpleChatHistory' object has no attribute 'add_messages'\")", "module": "manager", "function": "handle_event", "line": 282}
{"timestamp": "2025-06-25T13:37:12.957270", "level": "INFO", "logger": "backend.app.api.routes_chat", "message": "Creating reference mapping for 6 chunks", "module": "routes_chat", "function": "ask", "line": 312}
{"timestamp": "2025-06-25T13:37:14.528577", "level": "INFO", "logger": "backoff", "message": "Backing off send_request(...) for 0.4s (requests.exceptions.ReadTimeout: HTTPSConnectionPool(host='us.i.posthog.com', port=443): Read timed out. (read timeout=15))", "module": "_common", "function": "_log_backoff", "line": 105}
{"timestamp": "2025-06-25T13:37:32.007581", "level": "INFO", "logger": "root", "message": "Starting application", "module": "main", "function": "<module>", "line": 14}
{"timestamp": "2025-06-25T13:37:43.556036", "level": "INFO", "logger": "root", "message": "Starting application", "module": "main", "function": "<module>", "line": 14}
{"timestamp": "2025-06-25T13:45:05.507357", "level": "INFO", "logger": "root", "message": "Starting application", "module": "main", "function": "<module>", "line": 14}
{"timestamp": "2025-06-25T14:05:26.727644", "level": "INFO", "logger": "chromadb.telemetry.product.posthog", "message": "Anonymized telemetry enabled. See                     https://docs.trychroma.com/telemetry for more information.", "module": "posthog", "function": "__init__", "line": 20}
{"timestamp": "2025-06-25T14:05:26.854927", "level": "INFO", "logger": "backend.app.services.document_ingest", "message": "Deleted 96 chunks for document_id 4", "module": "document_ingest", "function": "delete_document_from_vectorstore", "line": 393}
{"timestamp": "2025-06-25T14:05:27.819178", "level": "INFO", "logger": "backend.app.services.document_ingest", "message": "Deleted 30 chunks for document_id 3", "module": "document_ingest", "function": "delete_document_from_vectorstore", "line": 393}
{"timestamp": "2025-06-25T14:32:26.368963", "level": "INFO", "logger": "backend.app.api.routes_document", "message": "Successfully uploaded file: Solo-report_1_bcb0d2fd.pdf", "module": "routes_document", "function": "upload_user_documents", "line": 155}
{"timestamp": "2025-06-25T14:32:27.010049", "level": "INFO", "logger": "backend.app.services.document_ingest", "message": "Loaded 15 pages from Solo-report_1_bcb0d2fd.pdf", "module": "document_ingest", "function": "load_documents_from_pdfs", "line": 75}
{"timestamp": "2025-06-25T14:32:27.010179", "level": "INFO", "logger": "backend.app.services.document_ingest", "message": "Document 0: content length = 234 chars", "module": "document_ingest", "function": "chunk_documents", "line": 118}
{"timestamp": "2025-06-25T14:32:27.015405", "level": "INFO", "logger": "backend.app.services.document_ingest", "message": "Document 0 preview:       SDSC3002   Data   Mining     Book   Recommendation   System   Using   Collaborative   Filtering   Methods   Incorporating   Review   Sentiment   Scores           Team   \u201cSolo\u201d   Members:   BAKTY...", "module": "document_ingest", "function": "chunk_documents", "line": 121}
{"timestamp": "2025-06-25T14:32:27.015462", "level": "INFO", "logger": "backend.app.services.document_ingest", "message": "Document 1: content length = 349 chars", "module": "document_ingest", "function": "chunk_documents", "line": 118}
{"timestamp": "2025-06-25T14:32:27.015588", "level": "INFO", "logger": "backend.app.services.document_ingest", "message": "Loaded 15 pages from Solo-report_1_bcb0d2fd.pdf", "module": "document_ingest", "function": "load_documents_from_pdfs", "line": 75}
{"timestamp": "2025-06-25T14:32:27.015706", "level": "INFO", "logger": "backend.app.services.document_ingest", "message": "Document 1 preview: Table   of   Contents   1.   Introduction   3   1.1.   Dataset   description   3   2.   Methodology   4   2.1.   Task   Description   4   2.2.   Evaluation   Metrics   5   2.3.   Models   Used   6   2...", "module": "document_ingest", "function": "chunk_documents", "line": 121}
{"timestamp": "2025-06-25T14:32:27.015784", "level": "INFO", "logger": "backend.app.services.document_ingest", "message": "Document 0: content length = 234 chars", "module": "document_ingest", "function": "chunk_documents", "line": 118}
{"timestamp": "2025-06-25T14:32:27.015888", "level": "INFO", "logger": "backend.app.services.document_ingest", "message": "Document 2: content length = 2911 chars", "module": "document_ingest", "function": "chunk_documents", "line": 118}
{"timestamp": "2025-06-25T14:32:27.015969", "level": "INFO", "logger": "backend.app.services.document_ingest", "message": "Document 0 preview:       SDSC3002   Data   Mining     Book   Recommendation   System   Using   Collaborative   Filtering   Methods   Incorporating   Review   Sentiment   Scores           Team   \u201cSolo\u201d   Members:   BAKTY...", "module": "document_ingest", "function": "chunk_documents", "line": 121}
{"timestamp": "2025-06-25T14:32:27.016043", "level": "INFO", "logger": "backend.app.services.document_ingest", "message": "Document 2 preview: 1.   Introduction   Recommender   systems   play   a   central   role   in   modern   digital   platforms,   helping   users   discover   content,   products,   or   services   that   align   with   t...", "module": "document_ingest", "function": "chunk_documents", "line": 121}
{"timestamp": "2025-06-25T14:32:27.016154", "level": "INFO", "logger": "backend.app.services.document_ingest", "message": "Document 1: content length = 349 chars", "module": "document_ingest", "function": "chunk_documents", "line": 118}
{"timestamp": "2025-06-25T14:32:27.016261", "level": "INFO", "logger": "backend.app.services.document_ingest", "message": "Document 3: content length = 2876 chars", "module": "document_ingest", "function": "chunk_documents", "line": 118}
{"timestamp": "2025-06-25T14:32:27.016321", "level": "INFO", "logger": "backend.app.services.document_ingest", "message": "Document 3 preview: publishedDate,   categories,   ratingsCount .   Additionally,   a   sent iment   score   is   computed   for   each   review   using   a   pre-trained   PyTorch   neural   network   model   that   ana...", "module": "document_ingest", "function": "chunk_documents", "line": 121}
{"timestamp": "2025-06-25T14:32:27.016398", "level": "INFO", "logger": "backend.app.services.document_ingest", "message": "Document 4: content length = 1215 chars", "module": "document_ingest", "function": "chunk_documents", "line": 118}
{"timestamp": "2025-06-25T14:32:27.016483", "level": "INFO", "logger": "backend.app.services.document_ingest", "message": "Document 1 preview: Table   of   Contents   1.   Introduction   3   1.1.   Dataset   description   3   2.   Methodology   4   2.1.   Task   Description   4   2.2.   Evaluation   Metrics   5   2.3.   Models   Used   6   2...", "module": "document_ingest", "function": "chunk_documents", "line": 121}
{"timestamp": "2025-06-25T14:32:27.016602", "level": "INFO", "logger": "backend.app.services.document_ingest", "message": "Document 4 preview: 2.2.   Evaluation   Metrics   We   evaluate   both   prediction   accuracy   and   top- ranking   quality:   \u25cf   Root   Mean   Squar ed   Error   (RMSE):   Measures   the   accuracy   of   the   predi...", "module": "document_ingest", "function": "chunk_documents", "line": 121}
{"timestamp": "2025-06-25T14:32:27.016686", "level": "INFO", "logger": "backend.app.services.document_ingest", "message": "Document 2: content length = 2911 chars", "module": "document_ingest", "function": "chunk_documents", "line": 118}
{"timestamp": "2025-06-25T14:32:27.016786", "level": "INFO", "logger": "backend.app.services.document_ingest", "message": "Document 5: content length = 3013 chars", "module": "document_ingest", "function": "chunk_documents", "line": 118}
{"timestamp": "2025-06-25T14:32:27.016858", "level": "INFO", "logger": "backend.app.services.document_ingest", "message": "Document 2 preview: 1.   Introduction   Recommender   systems   play   a   central   role   in   modern   digital   platforms,   helping   users   discover   content,   products,   or   services   that   align   with   t...", "module": "document_ingest", "function": "chunk_documents", "line": 121}
{"timestamp": "2025-06-25T14:32:27.016918", "level": "INFO", "logger": "backend.app.services.document_ingest", "message": "Document 5 preview: We   report   precision@K   and   recall@K   for   .   In   summary ,   RMSE   assesses   rating   prediction   accuracy ,   while   Precision@K   and   Recall@K   measure   the   accuracy   and   com...", "module": "document_ingest", "function": "chunk_documents", "line": 121}
{"timestamp": "2025-06-25T14:32:27.016963", "level": "INFO", "logger": "backend.app.services.document_ingest", "message": "Document 3: content length = 2876 chars", "module": "document_ingest", "function": "chunk_documents", "line": 118}
{"timestamp": "2025-06-25T14:32:27.017010", "level": "INFO", "logger": "backend.app.services.document_ingest", "message": "Document 3 preview: publishedDate,   categories,   ratingsCount .   Additionally,   a   sent iment   score   is   computed   for   each   review   using   a   pre-trained   PyTorch   neural   network   model   that   ana...", "module": "document_ingest", "function": "chunk_documents", "line": 121}
{"timestamp": "2025-06-25T14:32:27.017077", "level": "INFO", "logger": "backend.app.services.document_ingest", "message": "Document 4: content length = 1215 chars", "module": "document_ingest", "function": "chunk_documents", "line": 118}
{"timestamp": "2025-06-25T14:32:27.017156", "level": "INFO", "logger": "backend.app.services.document_ingest", "message": "Document 4 preview: 2.2.   Evaluation   Metrics   We   evaluate   both   prediction   accuracy   and   top- ranking   quality:   \u25cf   Root   Mean   Squar ed   Error   (RMSE):   Measures   the   accuracy   of   the   predi...", "module": "document_ingest", "function": "chunk_documents", "line": 121}
{"timestamp": "2025-06-25T14:32:27.017222", "level": "INFO", "logger": "backend.app.services.document_ingest", "message": "Document 6: content length = 3336 chars", "module": "document_ingest", "function": "chunk_documents", "line": 118}
{"timestamp": "2025-06-25T14:32:27.017288", "level": "INFO", "logger": "backend.app.services.document_ingest", "message": "Document 5: content length = 3013 chars", "module": "document_ingest", "function": "chunk_documents", "line": 118}
{"timestamp": "2025-06-25T14:32:27.017336", "level": "INFO", "logger": "backend.app.services.document_ingest", "message": "Document 5 preview: We   report   precision@K   and   recall@K   for   .   In   summary ,   RMSE   assesses   rating   prediction   accuracy ,   while   Precision@K   and   Recall@K   measure   the   accuracy   and   com...", "module": "document_ingest", "function": "chunk_documents", "line": 121}
{"timestamp": "2025-06-25T14:32:27.017391", "level": "INFO", "logger": "backend.app.services.document_ingest", "message": "Document 6 preview: only   add   up.   The   expected   benefit   is   twofold:   by   focusing   on   additive   (positive)   contributions,   NMF   can   reduce   noise   from   arbitrary   sign   interactions,   and  ...", "module": "document_ingest", "function": "chunk_documents", "line": 121}
{"timestamp": "2025-06-25T14:32:27.017437", "level": "INFO", "logger": "backend.app.services.document_ingest", "message": "Document 6: content length = 3336 chars", "module": "document_ingest", "function": "chunk_documents", "line": 118}
{"timestamp": "2025-06-25T14:32:27.017491", "level": "INFO", "logger": "backend.app.services.document_ingest", "message": "Document 7: content length = 1980 chars", "module": "document_ingest", "function": "chunk_documents", "line": 118}
{"timestamp": "2025-06-25T14:32:27.017586", "level": "INFO", "logger": "backend.app.services.document_ingest", "message": "Document 6 preview: only   add   up.   The   expected   benefit   is   twofold:   by   focusing   on   additive   (positive)   contributions,   NMF   can   reduce   noise   from   arbitrary   sign   interactions,   and  ...", "module": "document_ingest", "function": "chunk_documents", "line": 121}
{"timestamp": "2025-06-25T14:32:27.017694", "level": "INFO", "logger": "backend.app.services.document_ingest", "message": "Document 7 preview: data   from   sentiment.   We   expect   that   combining   these   approaches   will   yield   a   more   accurate   and   interpretable   book   recommender .   2.4.   Experiment   Setup   We   perf...", "module": "document_ingest", "function": "chunk_documents", "line": 121}
{"timestamp": "2025-06-25T14:32:27.017776", "level": "INFO", "logger": "backend.app.services.document_ingest", "message": "Document 7: content length = 1980 chars", "module": "document_ingest", "function": "chunk_documents", "line": 118}
{"timestamp": "2025-06-25T14:32:27.017820", "level": "INFO", "logger": "backend.app.services.document_ingest", "message": "Document 7 preview: data   from   sentiment.   We   expect   that   combining   these   approaches   will   yield   a   more   accurate   and   interpretable   book   recommender .   2.4.   Experiment   Setup   We   perf...", "module": "document_ingest", "function": "chunk_documents", "line": 121}
{"timestamp": "2025-06-25T14:32:27.017862", "level": "INFO", "logger": "backend.app.services.document_ingest", "message": "Document 8: content length = 925 chars", "module": "document_ingest", "function": "chunk_documents", "line": 118}
{"timestamp": "2025-06-25T14:32:27.017911", "level": "INFO", "logger": "backend.app.services.document_ingest", "message": "Document 8: content length = 925 chars", "module": "document_ingest", "function": "chunk_documents", "line": 118}
{"timestamp": "2025-06-25T14:32:27.018004", "level": "INFO", "logger": "backend.app.services.document_ingest", "message": "Document 8 preview: RMSE   0.766   0.7388   0.8388   0.8214   0.7193   Precision@1   0.7697   0.7629   0.6821   0.8357   0.8227   Recall@1   0.351   0.3451   0.2957   0.3968   0.3899   Precision@3   0.5802   0.5752   0.4...", "module": "document_ingest", "function": "chunk_documents", "line": 121}
{"timestamp": "2025-06-25T14:32:27.018101", "level": "INFO", "logger": "backend.app.services.document_ingest", "message": "Document 8 preview: RMSE   0.766   0.7388   0.8388   0.8214   0.7193   Precision@1   0.7697   0.7629   0.6821   0.8357   0.8227   Recall@1   0.351   0.3451   0.2957   0.3968   0.3899   Precision@3   0.5802   0.5752   0.4...", "module": "document_ingest", "function": "chunk_documents", "line": 121}
{"timestamp": "2025-06-25T14:32:27.018162", "level": "INFO", "logger": "backend.app.services.document_ingest", "message": "Document 9: content length = 999 chars", "module": "document_ingest", "function": "chunk_documents", "line": 118}
{"timestamp": "2025-06-25T14:32:27.018241", "level": "INFO", "logger": "backend.app.services.document_ingest", "message": "Document 9: content length = 999 chars", "module": "document_ingest", "function": "chunk_documents", "line": 118}
{"timestamp": "2025-06-25T14:32:27.018368", "level": "INFO", "logger": "backend.app.services.document_ingest", "message": "Document 9 preview:   0   1   2   3   4   Model   SVD   SVD++   NMF   KNN-User   KNN-Item   RMSE   1.0411   1.0078   1.0864   1.0772   1.0076   Precision@1   0.2911   0.3295   0.3773   0.4175   0.4072   Recall@1   0.127 ...", "module": "document_ingest", "function": "chunk_documents", "line": 121}
{"timestamp": "2025-06-25T14:32:27.018452", "level": "INFO", "logger": "backend.app.services.document_ingest", "message": "Document 9 preview:   0   1   2   3   4   Model   SVD   SVD++   NMF   KNN-User   KNN-Item   RMSE   1.0411   1.0078   1.0864   1.0772   1.0076   Precision@1   0.2911   0.3295   0.3773   0.4175   0.4072   Recall@1   0.127 ...", "module": "document_ingest", "function": "chunk_documents", "line": 121}
{"timestamp": "2025-06-25T14:32:27.018500", "level": "INFO", "logger": "backend.app.services.document_ingest", "message": "Document 10: content length = 78 chars", "module": "document_ingest", "function": "chunk_documents", "line": 118}
{"timestamp": "2025-06-25T14:32:27.018577", "level": "INFO", "logger": "backend.app.services.document_ingest", "message": "Document 10: content length = 78 chars", "module": "document_ingest", "function": "chunk_documents", "line": 118}
{"timestamp": "2025-06-25T14:32:27.018676", "level": "INFO", "logger": "backend.app.services.document_ingest", "message": "Document 10 preview:       Figure   3.1.   Plots   of   a)   Precision@K   and   b)   Recall@K     ...", "module": "document_ingest", "function": "chunk_documents", "line": 121}
{"timestamp": "2025-06-25T14:32:27.018779", "level": "INFO", "logger": "backend.app.services.document_ingest", "message": "Document 10 preview:       Figure   3.1.   Plots   of   a)   Precision@K   and   b)   Recall@K     ...", "module": "document_ingest", "function": "chunk_documents", "line": 121}
{"timestamp": "2025-06-25T14:32:27.018852", "level": "INFO", "logger": "backend.app.services.document_ingest", "message": "Document 11: content length = 1111 chars", "module": "document_ingest", "function": "chunk_documents", "line": 118}
{"timestamp": "2025-06-25T14:32:27.018908", "level": "INFO", "logger": "backend.app.services.document_ingest", "message": "Document 11: content length = 1111 chars", "module": "document_ingest", "function": "chunk_documents", "line": 118}
{"timestamp": "2025-06-25T14:32:27.018955", "level": "INFO", "logger": "backend.app.services.document_ingest", "message": "Document 11 preview:   Figure   3.1.   Sentiment   Adjusted   Plots   of   a)   Precision@K   and   b)   Recall@K   Tables   3.1   and   3.2   summarize   the   recommendation   accuracy   for   models   trained   on   or...", "module": "document_ingest", "function": "chunk_documents", "line": 121}
{"timestamp": "2025-06-25T14:32:27.019007", "level": "INFO", "logger": "backend.app.services.document_ingest", "message": "Document 11 preview:   Figure   3.1.   Sentiment   Adjusted   Plots   of   a)   Precision@K   and   b)   Recall@K   Tables   3.1   and   3.2   summarize   the   recommendation   accuracy   for   models   trained   on   or...", "module": "document_ingest", "function": "chunk_documents", "line": 121}
{"timestamp": "2025-06-25T14:32:27.019047", "level": "INFO", "logger": "backend.app.services.document_ingest", "message": "Document 12: content length = 3324 chars", "module": "document_ingest", "function": "chunk_documents", "line": 118}
{"timestamp": "2025-06-25T14:32:27.019094", "level": "INFO", "logger": "backend.app.services.document_ingest", "message": "Document 12: content length = 3324 chars", "module": "document_ingest", "function": "chunk_documents", "line": 118}
{"timestamp": "2025-06-25T14:32:27.019150", "level": "INFO", "logger": "backend.app.services.document_ingest", "message": "Document 12 preview: By   comparison,   training   on   sentiment-scaled   ratings   substantially   degrades   performance.   Table   3.2   shows   that   all   models   incur   much   higher   RMSE   (for   instance,   ...", "module": "document_ingest", "function": "chunk_documents", "line": 121}
{"timestamp": "2025-06-25T14:32:27.019233", "level": "INFO", "logger": "backend.app.services.document_ingest", "message": "Document 12 preview: By   comparison,   training   on   sentiment-scaled   ratings   substantially   degrades   performance.   Table   3.2   shows   that   all   models   incur   much   higher   RMSE   (for   instance,   ...", "module": "document_ingest", "function": "chunk_documents", "line": 121}
{"timestamp": "2025-06-25T14:32:27.019303", "level": "INFO", "logger": "backend.app.services.document_ingest", "message": "Document 13: content length = 2602 chars", "module": "document_ingest", "function": "chunk_documents", "line": 118}
{"timestamp": "2025-06-25T14:32:27.019406", "level": "INFO", "logger": "backend.app.services.document_ingest", "message": "Document 13: content length = 2602 chars", "module": "document_ingest", "function": "chunk_documents", "line": 118}
{"timestamp": "2025-06-25T14:32:27.019458", "level": "INFO", "logger": "backend.app.services.document_ingest", "message": "Document 13 preview: between   ratings   and   sentiment   scores.   In   effect,   adding   sentiment   as   side   information   imposes   an   extra   constraint   on   the   model.   This   illustrates   the   classic...", "module": "document_ingest", "function": "chunk_documents", "line": 121}
{"timestamp": "2025-06-25T14:32:27.019508", "level": "INFO", "logger": "backend.app.services.document_ingest", "message": "Document 13 preview: between   ratings   and   sentiment   scores.   In   effect,   adding   sentiment   as   side   information   imposes   an   extra   constraint   on   the   model.   This   illustrates   the   classic...", "module": "document_ingest", "function": "chunk_documents", "line": 121}
{"timestamp": "2025-06-25T14:32:27.019548", "level": "INFO", "logger": "backend.app.services.document_ingest", "message": "Document 14: content length = 379 chars", "module": "document_ingest", "function": "chunk_documents", "line": 118}
{"timestamp": "2025-06-25T14:32:27.019647", "level": "INFO", "logger": "backend.app.services.document_ingest", "message": "Document 14: content length = 379 chars", "module": "document_ingest", "function": "chunk_documents", "line": 118}
{"timestamp": "2025-06-25T14:32:27.019759", "level": "INFO", "logger": "backend.app.services.document_ingest", "message": "Document 14 preview: References   1.   Dang,   C.   N.,   Moreno-Garc\u00eda,   M.   N.,   &   Prieta,   F.   D.   L.   (2021).   An   approach   to   integrating   sentiment   analysis   into   recommender   systems.   Sensor...", "module": "document_ingest", "function": "chunk_documents", "line": 121}
{"timestamp": "2025-06-25T14:32:27.023060", "level": "INFO", "logger": "backend.app.services.document_ingest", "message": "Document 14 preview: References   1.   Dang,   C.   N.,   Moreno-Garc\u00eda,   M.   N.,   &   Prieta,   F.   D.   L.   (2021).   An   approach   to   integrating   sentiment   analysis   into   recommender   systems.   Sensor...", "module": "document_ingest", "function": "chunk_documents", "line": 121}
{"timestamp": "2025-06-25T14:32:27.026065", "level": "INFO", "logger": "backend.app.services.document_ingest", "message": "Split 15 documents into 48 chunks with size=750, overlap=150", "module": "document_ingest", "function": "chunk_documents", "line": 141}
{"timestamp": "2025-06-25T14:32:27.026171", "level": "INFO", "logger": "backend.app.services.document_ingest", "message": "Split 15 documents into 48 chunks with size=750, overlap=150", "module": "document_ingest", "function": "chunk_documents", "line": 141}
{"timestamp": "2025-06-25T14:32:27.026259", "level": "INFO", "logger": "backend.app.services.document_ingest", "message": "Chunk 0: length = 223 chars, metadata = {'source': 'Solo-report_1_bcb0d2fd.pdf', 'page': 0, 'source_path': '/Users/talgatbaktybekov/Desktop/rag_app/data/user_documents/1/Solo-report_1_bcb0d2fd.pdf', 'user_id': 1, 'document_id': 5}", "module": "document_ingest", "function": "chunk_documents", "line": 146}
{"timestamp": "2025-06-25T14:32:27.026358", "level": "INFO", "logger": "backend.app.services.document_ingest", "message": "Chunk 0: length = 223 chars, metadata = {'source': 'Solo-report_1_bcb0d2fd.pdf', 'page': 0, 'source_path': '/Users/talgatbaktybekov/Desktop/rag_app/data/user_documents/1/Solo-report_1_bcb0d2fd.pdf', 'user_id': 1, 'document_id': 5}", "module": "document_ingest", "function": "chunk_documents", "line": 146}
{"timestamp": "2025-06-25T14:32:27.026431", "level": "INFO", "logger": "backend.app.services.document_ingest", "message": "Chunk 1: length = 345 chars, metadata = {'source': 'Solo-report_1_bcb0d2fd.pdf', 'page': 1, 'source_path': '/Users/talgatbaktybekov/Desktop/rag_app/data/user_documents/1/Solo-report_1_bcb0d2fd.pdf', 'user_id': 1, 'document_id': 5}", "module": "document_ingest", "function": "chunk_documents", "line": 146}
{"timestamp": "2025-06-25T14:32:27.026514", "level": "INFO", "logger": "backend.app.services.document_ingest", "message": "Chunk 1: length = 345 chars, metadata = {'source': 'Solo-report_1_bcb0d2fd.pdf', 'page': 1, 'source_path': '/Users/talgatbaktybekov/Desktop/rag_app/data/user_documents/1/Solo-report_1_bcb0d2fd.pdf', 'user_id': 1, 'document_id': 5}", "module": "document_ingest", "function": "chunk_documents", "line": 146}
{"timestamp": "2025-06-25T14:32:27.026600", "level": "INFO", "logger": "backend.app.services.document_ingest", "message": "Chunk 2: length = 745 chars, metadata = {'source': 'Solo-report_1_bcb0d2fd.pdf', 'page': 2, 'source_path': '/Users/talgatbaktybekov/Desktop/rag_app/data/user_documents/1/Solo-report_1_bcb0d2fd.pdf', 'user_id': 1, 'document_id': 5}", "module": "document_ingest", "function": "chunk_documents", "line": 146}
{"timestamp": "2025-06-25T14:32:27.027869", "level": "INFO", "logger": "backend.app.services.document_ingest", "message": "Chunk 2: length = 745 chars, metadata = {'source': 'Solo-report_1_bcb0d2fd.pdf', 'page': 2, 'source_path': '/Users/talgatbaktybekov/Desktop/rag_app/data/user_documents/1/Solo-report_1_bcb0d2fd.pdf', 'user_id': 1, 'document_id': 5}", "module": "document_ingest", "function": "chunk_documents", "line": 146}
{"timestamp": "2025-06-25T14:33:31.711353", "level": "INFO", "logger": "backend.app.api.routes_document", "message": "Setting document selection for conversation 5, user 1", "module": "routes_document", "function": "select_documents_for_conversation", "line": 252}
{"timestamp": "2025-06-25T14:33:31.712085", "level": "INFO", "logger": "backend.app.api.routes_document", "message": "Selected document IDs: [5]", "module": "routes_document", "function": "select_documents_for_conversation", "line": 253}
{"timestamp": "2025-06-25T14:33:31.723574", "level": "INFO", "logger": "backend.app.api.routes_document", "message": "Successfully saved 1 document selections for conversation 5", "module": "routes_document", "function": "select_documents_for_conversation", "line": 286}
{"timestamp": "2025-06-25T14:33:40.993097", "level": "INFO", "logger": "backend.app.api.routes_chat", "message": "Question needs context: 'What conclusions has Talgat drawn from his research on [specific topic or context mentioned in the chat history]?'", "module": "routes_chat", "function": "ask", "line": 228}
{"timestamp": "2025-06-25T14:33:40.994208", "level": "INFO", "logger": "backend.app.services.ollama", "message": "Building langchain agent for conversation 5, user 1, needs_context=True", "module": "ollama", "function": "build_langchain_agent", "line": 16}
{"timestamp": "2025-06-25T14:33:41.006919", "level": "INFO", "logger": "backend.app.services.ollama", "message": "Selected document IDs: [5]", "module": "ollama", "function": "build_langchain_agent", "line": 29}
{"timestamp": "2025-06-25T14:33:41.006997", "level": "INFO", "logger": "backend.app.services.ollama", "message": "Retrieving chunks for 1 selected documents", "module": "ollama", "function": "build_langchain_agent", "line": 36}
{"timestamp": "2025-06-25T14:33:41.023130", "level": "INFO", "logger": "backend.app.services.document_ingest", "message": "Retrieving 8 chunks for query: 'What conclusions has Talgat drawn from his researc...', search_type: advanced_ensemble", "module": "document_ingest", "function": "retrieve_relevant_chunks", "line": 249}
{"timestamp": "2025-06-25T14:33:41.174334", "level": "INFO", "logger": "backend.app.services.document_ingest", "message": "Retrieved 7 chunks", "module": "document_ingest", "function": "_log_search_results", "line": 352}
{"timestamp": "2025-06-25T14:33:41.174439", "level": "INFO", "logger": "backend.app.services.document_ingest", "message": "Document IDs: [5, 5, 5, 5, 5, 5, 5]", "module": "document_ingest", "function": "_log_search_results", "line": 359}
{"timestamp": "2025-06-25T14:33:41.174505", "level": "INFO", "logger": "backend.app.services.document_ingest", "message": "Sources: ['Solo-report_1_bcb0d2fd.pdf', 'Solo-report_1_bcb0d2fd.pdf', 'Solo-report_1_bcb0d2fd.pdf', 'Solo-report_1_bcb0d2fd.pdf', 'Solo-report_1_bcb0d2fd.pdf', 'Solo-report_1_bcb0d2fd.pdf', 'Solo-report_1_bcb0d2fd.pdf']", "module": "document_ingest", "function": "_log_search_results", "line": 361}
{"timestamp": "2025-06-25T14:33:41.175038", "level": "INFO", "logger": "backend.app.services.document_ingest", "message": "Chunk 1: sentiment   analysis   adds   contextual   text-driven   information   to   the   input   data.   To...", "module": "document_ingest", "function": "_log_search_results", "line": 366}
{"timestamp": "2025-06-25T14:33:41.175438", "level": "INFO", "logger": "backend.app.services.document_ingest", "message": "Chunk 2: SDSC3002   Data   Mining     Book   Recommendation   System   Using   Collaborative   Filtering   Me...", "module": "document_ingest", "function": "_log_search_results", "line": 366}
{"timestamp": "2025-06-25T14:33:41.175759", "level": "INFO", "logger": "backend.app.services.ollama", "message": "Total context length: 3450 characters", "module": "ollama", "function": "build_langchain_agent", "line": 69}
{"timestamp": "2025-06-25T14:33:41.199497", "level": "WARNING", "logger": "langchain_core.tracers.base", "message": "Parent run c0537871-eeeb-4028-9a8b-c08a54b0582a not found for run dcc6b4ee-aa74-45ff-8781-cc7e90d3e0eb. Treating as a root run.", "module": "base", "function": "_start_trace", "line": 113}
{"timestamp": "2025-06-25T14:33:51.615118", "level": "WARNING", "logger": "langchain_core.callbacks.manager", "message": "Error in RootListenersTracer.on_chain_end callback: AttributeError(\"'SimpleChatHistory' object has no attribute 'add_messages'\")", "module": "manager", "function": "handle_event", "line": 282}
{"timestamp": "2025-06-25T14:33:51.650510", "level": "INFO", "logger": "backend.app.api.routes_chat", "message": "Creating reference mapping for 7 chunks", "module": "routes_chat", "function": "ask", "line": 312}
{"timestamp": "2025-06-25T14:35:01.028987", "level": "INFO", "logger": "backend.app.api.routes_chat", "message": "Question does not need context: 'Since the AI cannot provide information about a specific individual's research without their permission, the reformulated question would be:\n\nCan I draw my own conclusions based on my own work?' (decision: 0)", "module": "routes_chat", "function": "ask", "line": 230}
{"timestamp": "2025-06-25T14:35:01.029287", "level": "INFO", "logger": "backend.app.services.ollama", "message": "Building langchain agent for conversation 5, user 1, needs_context=False", "module": "ollama", "function": "build_langchain_agent", "line": 16}
{"timestamp": "2025-06-25T14:35:01.046175", "level": "INFO", "logger": "backend.app.services.ollama", "message": "Selected document IDs: [5]", "module": "ollama", "function": "build_langchain_agent", "line": 29}
{"timestamp": "2025-06-25T14:35:01.046317", "level": "INFO", "logger": "backend.app.services.ollama", "message": "Total context length: 0 characters", "module": "ollama", "function": "build_langchain_agent", "line": 69}
{"timestamp": "2025-06-25T14:35:01.059472", "level": "WARNING", "logger": "langchain_core.tracers.base", "message": "Parent run a651f010-c8d8-4cb9-bc0d-879cd4ca0e58 not found for run 36696d5b-24f5-48c7-8de7-4086798b441f. Treating as a root run.", "module": "base", "function": "_start_trace", "line": 113}
{"timestamp": "2025-06-25T14:35:03.716184", "level": "WARNING", "logger": "langchain_core.callbacks.manager", "message": "Error in RootListenersTracer.on_chain_end callback: AttributeError(\"'SimpleChatHistory' object has no attribute 'add_messages'\")", "module": "manager", "function": "handle_event", "line": 282}
{"timestamp": "2025-06-25T14:37:11.899139", "level": "INFO", "logger": "backend.app.api.routes_document", "message": "Setting document selection for conversation 6, user 1", "module": "routes_document", "function": "select_documents_for_conversation", "line": 252}
{"timestamp": "2025-06-25T14:37:11.899814", "level": "INFO", "logger": "backend.app.api.routes_document", "message": "Selected document IDs: [5]", "module": "routes_document", "function": "select_documents_for_conversation", "line": 253}
{"timestamp": "2025-06-25T14:37:11.919279", "level": "INFO", "logger": "backend.app.api.routes_document", "message": "Successfully saved 1 document selections for conversation 6", "module": "routes_document", "function": "select_documents_for_conversation", "line": 286}
{"timestamp": "2025-06-25T14:37:15.390105", "level": "INFO", "logger": "backend.app.api.routes_chat", "message": "Question needs context: 'What are the methodologies used to develop the features in the project?'", "module": "routes_chat", "function": "ask", "line": 228}
{"timestamp": "2025-06-25T14:37:15.390332", "level": "INFO", "logger": "backend.app.services.ollama", "message": "Building langchain agent for conversation 6, user 1, needs_context=True", "module": "ollama", "function": "build_langchain_agent", "line": 16}
{"timestamp": "2025-06-25T14:37:15.411568", "level": "INFO", "logger": "backend.app.services.ollama", "message": "Selected document IDs: [5]", "module": "ollama", "function": "build_langchain_agent", "line": 29}
{"timestamp": "2025-06-25T14:37:15.411654", "level": "INFO", "logger": "backend.app.services.ollama", "message": "Retrieving chunks for 1 selected documents", "module": "ollama", "function": "build_langchain_agent", "line": 36}
{"timestamp": "2025-06-25T14:37:15.422837", "level": "INFO", "logger": "backend.app.services.document_ingest", "message": "Retrieving 8 chunks for query: 'What are the methodologies used to develop the fea...', search_type: advanced_ensemble", "module": "document_ingest", "function": "retrieve_relevant_chunks", "line": 249}
{"timestamp": "2025-06-25T14:37:15.564800", "level": "INFO", "logger": "backend.app.services.document_ingest", "message": "Retrieved 6 chunks", "module": "document_ingest", "function": "_log_search_results", "line": 352}
{"timestamp": "2025-06-25T14:37:15.564879", "level": "INFO", "logger": "backend.app.services.document_ingest", "message": "Document IDs: [5, 5, 5, 5, 5, 5]", "module": "document_ingest", "function": "_log_search_results", "line": 359}
{"timestamp": "2025-06-25T14:37:15.564923", "level": "INFO", "logger": "backend.app.services.document_ingest", "message": "Sources: ['Solo-report_1_bcb0d2fd.pdf', 'Solo-report_1_bcb0d2fd.pdf', 'Solo-report_1_bcb0d2fd.pdf', 'Solo-report_1_bcb0d2fd.pdf', 'Solo-report_1_bcb0d2fd.pdf', 'Solo-report_1_bcb0d2fd.pdf']", "module": "document_ingest", "function": "_log_search_results", "line": 361}
{"timestamp": "2025-06-25T14:37:15.565059", "level": "INFO", "logger": "backend.app.services.document_ingest", "message": "Chunk 1: using   Surprise\u2019 s   algorithms   (stochastic   gradient   descent   for   SVD,   SVD++,   NMF;   a...", "module": "document_ingest", "function": "_log_search_results", "line": 366}
{"timestamp": "2025-06-25T14:37:15.565098", "level": "INFO", "logger": "backend.app.services.document_ingest", "message": "Chunk 2: methods   implemented   in   the   Surprise   library .   Each   technique   offers   complementary ...", "module": "document_ingest", "function": "_log_search_results", "line": 366}
{"timestamp": "2025-06-25T14:37:15.565142", "level": "INFO", "logger": "backend.app.services.ollama", "message": "Total context length: 4031 characters", "module": "ollama", "function": "build_langchain_agent", "line": 69}
{"timestamp": "2025-06-25T14:37:15.590037", "level": "WARNING", "logger": "langchain_core.tracers.base", "message": "Parent run e66cba86-3692-4814-a805-572306b91dc8 not found for run d89c588c-1e2a-4cbc-ba3a-dafa276f8926. Treating as a root run.", "module": "base", "function": "_start_trace", "line": 113}
{"timestamp": "2025-06-25T14:37:34.637347", "level": "WARNING", "logger": "langchain_core.callbacks.manager", "message": "Error in RootListenersTracer.on_chain_end callback: AttributeError(\"'SimpleChatHistory' object has no attribute 'add_messages'\")", "module": "manager", "function": "handle_event", "line": 282}
{"timestamp": "2025-06-25T14:37:34.684407", "level": "INFO", "logger": "backend.app.api.routes_chat", "message": "Creating reference mapping for 6 chunks", "module": "routes_chat", "function": "ask", "line": 312}
{"timestamp": "2025-06-25T14:47:03.645809", "level": "INFO", "logger": "root", "message": "Starting application", "module": "main", "function": "<module>", "line": 14}
{"timestamp": "2025-06-25T14:54:30.420368", "level": "INFO", "logger": "backend.app.api.routes_chat", "message": "Question needs context: 'can you tell me about the evaluation results of the methodologies used in the Surprise library project?'", "module": "routes_chat", "function": "ask", "line": 228}
{"timestamp": "2025-06-25T14:54:30.422391", "level": "INFO", "logger": "backend.app.services.ollama", "message": "Building langchain agent for conversation 6, user 1, needs_context=True", "module": "ollama", "function": "build_langchain_agent", "line": 16}
{"timestamp": "2025-06-25T14:54:30.441025", "level": "INFO", "logger": "backend.app.services.ollama", "message": "Selected document IDs: [5]", "module": "ollama", "function": "build_langchain_agent", "line": 29}
{"timestamp": "2025-06-25T14:54:30.441098", "level": "INFO", "logger": "backend.app.services.ollama", "message": "Retrieving chunks for 1 selected documents", "module": "ollama", "function": "build_langchain_agent", "line": 36}
{"timestamp": "2025-06-25T14:54:30.866581", "level": "INFO", "logger": "chromadb.telemetry.product.posthog", "message": "Anonymized telemetry enabled. See                     https://docs.trychroma.com/telemetry for more information.", "module": "posthog", "function": "__init__", "line": 20}
{"timestamp": "2025-06-25T14:54:30.943132", "level": "INFO", "logger": "backend.app.services.document_ingest", "message": "Retrieving 8 chunks for query: 'can you tell me about the evaluation results of th...', search_type: advanced_ensemble", "module": "document_ingest", "function": "retrieve_relevant_chunks", "line": 249}
{"timestamp": "2025-06-25T14:54:31.829909", "level": "INFO", "logger": "backend.app.services.document_ingest", "message": "Retrieved 5 chunks", "module": "document_ingest", "function": "_log_search_results", "line": 352}
{"timestamp": "2025-06-25T14:54:31.830194", "level": "INFO", "logger": "backend.app.services.document_ingest", "message": "Document IDs: [5, 5, 5, 5, 5]", "module": "document_ingest", "function": "_log_search_results", "line": 359}
{"timestamp": "2025-06-25T14:54:31.830253", "level": "INFO", "logger": "backend.app.services.document_ingest", "message": "Sources: ['Solo-report_1_bcb0d2fd.pdf', 'Solo-report_1_bcb0d2fd.pdf', 'Solo-report_1_bcb0d2fd.pdf', 'Solo-report_1_bcb0d2fd.pdf', 'Solo-report_1_bcb0d2fd.pdf']", "module": "document_ingest", "function": "_log_search_results", "line": 361}
{"timestamp": "2025-06-25T14:54:31.832302", "level": "INFO", "logger": "backend.app.services.document_ingest", "message": "Chunk 1: methods   implemented   in   the   Surprise   library .   Each   technique   offers   complementary ...", "module": "document_ingest", "function": "_log_search_results", "line": 366}
{"timestamp": "2025-06-25T14:54:31.832609", "level": "INFO", "logger": "backend.app.services.document_ingest", "message": "Chunk 2: a   rating.   In   this   project,   we   investigate   the   impact   of   incorporating   sentimen...", "module": "document_ingest", "function": "_log_search_results", "line": 366}
{"timestamp": "2025-06-25T14:54:31.833878", "level": "INFO", "logger": "backend.app.services.ollama", "message": "Total context length: 3669 characters", "module": "ollama", "function": "build_langchain_agent", "line": 69}
{"timestamp": "2025-06-25T14:54:31.862735", "level": "WARNING", "logger": "langchain_core.tracers.base", "message": "Parent run fd7c0188-19bd-416c-9c29-f348f2b0de52 not found for run 974d3864-8191-430e-86f4-d998f29149ae. Treating as a root run.", "module": "base", "function": "_start_trace", "line": 113}
{"timestamp": "2025-06-25T14:54:56.934363", "level": "WARNING", "logger": "langchain_core.callbacks.manager", "message": "Error in RootListenersTracer.on_chain_end callback: AttributeError(\"'SimpleChatHistory' object has no attribute 'add_messages'\")", "module": "manager", "function": "handle_event", "line": 282}
{"timestamp": "2025-06-25T14:54:56.998270", "level": "INFO", "logger": "backend.app.api.routes_chat", "message": "Creating reference mapping for 5 chunks", "module": "routes_chat", "function": "ask", "line": 312}
{"timestamp": "2025-06-25T14:59:15.577219", "level": "INFO", "logger": "root", "message": "Starting application", "module": "main", "function": "<module>", "line": 14}
{"timestamp": "2025-06-25T14:59:26.570704", "level": "INFO", "logger": "root", "message": "Starting application", "module": "main", "function": "<module>", "line": 14}
{"timestamp": "2025-06-25T15:00:57.007544", "level": "INFO", "logger": "backend.app.api.routes_document", "message": "PDF request received - Raw filename: 'Solo-report_1_bcb0d2fd.pdf'", "module": "routes_document", "function": "serve_pdf", "line": 360}
{"timestamp": "2025-06-25T15:00:57.008366", "level": "INFO", "logger": "backend.app.api.routes_document", "message": "PDF request - Decoded: 'Solo-report_1_bcb0d2fd.pdf', Clean: 'Solo-report_1_bcb0d2fd.pdf'", "module": "routes_document", "function": "serve_pdf", "line": 367}
{"timestamp": "2025-06-25T15:00:57.008444", "level": "INFO", "logger": "backend.app.api.routes_document", "message": "PDF request - Looking for file at: '/Users/talgatbaktybekov/Desktop/rag_app/data/user_documents/1/Solo-report_1_bcb0d2fd.pdf'", "module": "routes_document", "function": "serve_pdf", "line": 375}
{"timestamp": "2025-06-25T15:00:57.008705", "level": "INFO", "logger": "backend.app.api.routes_document", "message": "PDF request - File exists: True", "module": "routes_document", "function": "serve_pdf", "line": 376}
{"timestamp": "2025-06-25T15:00:57.008778", "level": "INFO", "logger": "backend.app.api.routes_document", "message": "PDF request - Serving file: '/Users/talgatbaktybekov/Desktop/rag_app/data/user_documents/1/Solo-report_1_bcb0d2fd.pdf'", "module": "routes_document", "function": "serve_pdf", "line": 381}
{"timestamp": "2025-06-26T06:02:01.955767", "level": "INFO", "logger": "root", "message": "Starting application", "module": "main", "function": "<module>", "line": 14}
{"timestamp": "2025-06-26T06:03:46.036358", "level": "INFO", "logger": "backend.app.api.routes_document", "message": "Successfully uploaded file: Solo-report_1_bcb0d2fd.pdf", "module": "routes_document", "function": "upload_user_documents", "line": 155}
{"timestamp": "2025-06-26T06:03:46.596457", "level": "INFO", "logger": "backend.app.services.document_ingest", "message": "Loaded 15 pages from Solo-report_1_bcb0d2fd.pdf", "module": "document_ingest", "function": "load_documents_from_pdfs", "line": 75}
{"timestamp": "2025-06-26T06:03:46.596639", "level": "INFO", "logger": "backend.app.services.document_ingest", "message": "Document 0: content length = 234 chars", "module": "document_ingest", "function": "chunk_documents", "line": 118}
{"timestamp": "2025-06-26T06:03:46.601495", "level": "INFO", "logger": "backend.app.services.document_ingest", "message": "Document 0 preview:       SDSC3002   Data   Mining     Book   Recommendation   System   Using   Collaborative   Filtering   Methods   Incorporating   Review   Sentiment   Scores           Team   \u201cSolo\u201d   Members:   BAKTY...", "module": "document_ingest", "function": "chunk_documents", "line": 121}
{"timestamp": "2025-06-26T06:03:46.601793", "level": "INFO", "logger": "backend.app.services.document_ingest", "message": "Document 1: content length = 349 chars", "module": "document_ingest", "function": "chunk_documents", "line": 118}
{"timestamp": "2025-06-26T06:03:46.607458", "level": "INFO", "logger": "backend.app.services.document_ingest", "message": "Document 1 preview: Table   of   Contents   1.   Introduction   3   1.1.   Dataset   description   3   2.   Methodology   4   2.1.   Task   Description   4   2.2.   Evaluation   Metrics   5   2.3.   Models   Used   6   2...", "module": "document_ingest", "function": "chunk_documents", "line": 121}
{"timestamp": "2025-06-26T06:03:46.607619", "level": "INFO", "logger": "backend.app.services.document_ingest", "message": "Loaded 15 pages from Solo-report_1_bcb0d2fd.pdf", "module": "document_ingest", "function": "load_documents_from_pdfs", "line": 75}
{"timestamp": "2025-06-26T06:03:46.607722", "level": "INFO", "logger": "backend.app.services.document_ingest", "message": "Document 2: content length = 2911 chars", "module": "document_ingest", "function": "chunk_documents", "line": 118}
{"timestamp": "2025-06-26T06:03:46.607806", "level": "INFO", "logger": "backend.app.services.document_ingest", "message": "Document 0: content length = 234 chars", "module": "document_ingest", "function": "chunk_documents", "line": 118}
{"timestamp": "2025-06-26T06:03:46.607882", "level": "INFO", "logger": "backend.app.services.document_ingest", "message": "Document 2 preview: 1.   Introduction   Recommender   systems   play   a   central   role   in   modern   digital   platforms,   helping   users   discover   content,   products,   or   services   that   align   with   t...", "module": "document_ingest", "function": "chunk_documents", "line": 121}
{"timestamp": "2025-06-26T06:03:46.607962", "level": "INFO", "logger": "backend.app.services.document_ingest", "message": "Document 0 preview:       SDSC3002   Data   Mining     Book   Recommendation   System   Using   Collaborative   Filtering   Methods   Incorporating   Review   Sentiment   Scores           Team   \u201cSolo\u201d   Members:   BAKTY...", "module": "document_ingest", "function": "chunk_documents", "line": 121}
{"timestamp": "2025-06-26T06:03:46.608025", "level": "INFO", "logger": "backend.app.services.document_ingest", "message": "Document 3: content length = 2876 chars", "module": "document_ingest", "function": "chunk_documents", "line": 118}
{"timestamp": "2025-06-26T06:03:46.608140", "level": "INFO", "logger": "backend.app.services.document_ingest", "message": "Document 1: content length = 349 chars", "module": "document_ingest", "function": "chunk_documents", "line": 118}
{"timestamp": "2025-06-26T06:03:46.608244", "level": "INFO", "logger": "backend.app.services.document_ingest", "message": "Document 3 preview: publishedDate,   categories,   ratingsCount .   Additionally,   a   sent iment   score   is   computed   for   each   review   using   a   pre-trained   PyTorch   neural   network   model   that   ana...", "module": "document_ingest", "function": "chunk_documents", "line": 121}
{"timestamp": "2025-06-26T06:03:46.608299", "level": "INFO", "logger": "backend.app.services.document_ingest", "message": "Document 1 preview: Table   of   Contents   1.   Introduction   3   1.1.   Dataset   description   3   2.   Methodology   4   2.1.   Task   Description   4   2.2.   Evaluation   Metrics   5   2.3.   Models   Used   6   2...", "module": "document_ingest", "function": "chunk_documents", "line": 121}
{"timestamp": "2025-06-26T06:03:46.608353", "level": "INFO", "logger": "backend.app.services.document_ingest", "message": "Document 4: content length = 1215 chars", "module": "document_ingest", "function": "chunk_documents", "line": 118}
{"timestamp": "2025-06-26T06:03:46.608395", "level": "INFO", "logger": "backend.app.services.document_ingest", "message": "Document 2: content length = 2911 chars", "module": "document_ingest", "function": "chunk_documents", "line": 118}
{"timestamp": "2025-06-26T06:03:46.608448", "level": "INFO", "logger": "backend.app.services.document_ingest", "message": "Document 4 preview: 2.2.   Evaluation   Metrics   We   evaluate   both   prediction   accuracy   and   top- ranking   quality:   \u25cf   Root   Mean   Squar ed   Error   (RMSE):   Measures   the   accuracy   of   the   predi...", "module": "document_ingest", "function": "chunk_documents", "line": 121}
{"timestamp": "2025-06-26T06:03:46.608499", "level": "INFO", "logger": "backend.app.services.document_ingest", "message": "Document 2 preview: 1.   Introduction   Recommender   systems   play   a   central   role   in   modern   digital   platforms,   helping   users   discover   content,   products,   or   services   that   align   with   t...", "module": "document_ingest", "function": "chunk_documents", "line": 121}
{"timestamp": "2025-06-26T06:03:46.608564", "level": "INFO", "logger": "backend.app.services.document_ingest", "message": "Document 5: content length = 3013 chars", "module": "document_ingest", "function": "chunk_documents", "line": 118}
{"timestamp": "2025-06-26T06:03:46.608649", "level": "INFO", "logger": "backend.app.services.document_ingest", "message": "Document 3: content length = 2876 chars", "module": "document_ingest", "function": "chunk_documents", "line": 118}
{"timestamp": "2025-06-26T06:03:46.608724", "level": "INFO", "logger": "backend.app.services.document_ingest", "message": "Document 5 preview: We   report   precision@K   and   recall@K   for   .   In   summary ,   RMSE   assesses   rating   prediction   accuracy ,   while   Precision@K   and   Recall@K   measure   the   accuracy   and   com...", "module": "document_ingest", "function": "chunk_documents", "line": 121}
{"timestamp": "2025-06-26T06:03:46.608803", "level": "INFO", "logger": "backend.app.services.document_ingest", "message": "Document 3 preview: publishedDate,   categories,   ratingsCount .   Additionally,   a   sent iment   score   is   computed   for   each   review   using   a   pre-trained   PyTorch   neural   network   model   that   ana...", "module": "document_ingest", "function": "chunk_documents", "line": 121}
{"timestamp": "2025-06-26T06:03:46.608918", "level": "INFO", "logger": "backend.app.services.document_ingest", "message": "Document 6: content length = 3336 chars", "module": "document_ingest", "function": "chunk_documents", "line": 118}
{"timestamp": "2025-06-26T06:03:46.608992", "level": "INFO", "logger": "backend.app.services.document_ingest", "message": "Document 4: content length = 1215 chars", "module": "document_ingest", "function": "chunk_documents", "line": 118}
{"timestamp": "2025-06-26T06:03:46.609056", "level": "INFO", "logger": "backend.app.services.document_ingest", "message": "Document 6 preview: only   add   up.   The   expected   benefit   is   twofold:   by   focusing   on   additive   (positive)   contributions,   NMF   can   reduce   noise   from   arbitrary   sign   interactions,   and  ...", "module": "document_ingest", "function": "chunk_documents", "line": 121}
{"timestamp": "2025-06-26T06:03:46.609127", "level": "INFO", "logger": "backend.app.services.document_ingest", "message": "Document 4 preview: 2.2.   Evaluation   Metrics   We   evaluate   both   prediction   accuracy   and   top- ranking   quality:   \u25cf   Root   Mean   Squar ed   Error   (RMSE):   Measures   the   accuracy   of   the   predi...", "module": "document_ingest", "function": "chunk_documents", "line": 121}
{"timestamp": "2025-06-26T06:03:46.609188", "level": "INFO", "logger": "backend.app.services.document_ingest", "message": "Document 7: content length = 1980 chars", "module": "document_ingest", "function": "chunk_documents", "line": 118}
{"timestamp": "2025-06-26T06:03:46.609254", "level": "INFO", "logger": "backend.app.services.document_ingest", "message": "Document 5: content length = 3013 chars", "module": "document_ingest", "function": "chunk_documents", "line": 118}
{"timestamp": "2025-06-26T06:03:46.609324", "level": "INFO", "logger": "backend.app.services.document_ingest", "message": "Document 7 preview: data   from   sentiment.   We   expect   that   combining   these   approaches   will   yield   a   more   accurate   and   interpretable   book   recommender .   2.4.   Experiment   Setup   We   perf...", "module": "document_ingest", "function": "chunk_documents", "line": 121}
{"timestamp": "2025-06-26T06:03:46.609381", "level": "INFO", "logger": "backend.app.services.document_ingest", "message": "Document 5 preview: We   report   precision@K   and   recall@K   for   .   In   summary ,   RMSE   assesses   rating   prediction   accuracy ,   while   Precision@K   and   Recall@K   measure   the   accuracy   and   com...", "module": "document_ingest", "function": "chunk_documents", "line": 121}
{"timestamp": "2025-06-26T06:03:46.609444", "level": "INFO", "logger": "backend.app.services.document_ingest", "message": "Document 8: content length = 925 chars", "module": "document_ingest", "function": "chunk_documents", "line": 118}
{"timestamp": "2025-06-26T06:03:46.609496", "level": "INFO", "logger": "backend.app.services.document_ingest", "message": "Document 6: content length = 3336 chars", "module": "document_ingest", "function": "chunk_documents", "line": 118}
{"timestamp": "2025-06-26T06:03:46.609540", "level": "INFO", "logger": "backend.app.services.document_ingest", "message": "Document 8 preview: RMSE   0.766   0.7388   0.8388   0.8214   0.7193   Precision@1   0.7697   0.7629   0.6821   0.8357   0.8227   Recall@1   0.351   0.3451   0.2957   0.3968   0.3899   Precision@3   0.5802   0.5752   0.4...", "module": "document_ingest", "function": "chunk_documents", "line": 121}
{"timestamp": "2025-06-26T06:03:46.609605", "level": "INFO", "logger": "backend.app.services.document_ingest", "message": "Document 6 preview: only   add   up.   The   expected   benefit   is   twofold:   by   focusing   on   additive   (positive)   contributions,   NMF   can   reduce   noise   from   arbitrary   sign   interactions,   and  ...", "module": "document_ingest", "function": "chunk_documents", "line": 121}
{"timestamp": "2025-06-26T06:03:46.609666", "level": "INFO", "logger": "backend.app.services.document_ingest", "message": "Document 9: content length = 999 chars", "module": "document_ingest", "function": "chunk_documents", "line": 118}
{"timestamp": "2025-06-26T06:03:46.609727", "level": "INFO", "logger": "backend.app.services.document_ingest", "message": "Document 7: content length = 1980 chars", "module": "document_ingest", "function": "chunk_documents", "line": 118}
{"timestamp": "2025-06-26T06:03:46.609804", "level": "INFO", "logger": "backend.app.services.document_ingest", "message": "Document 9 preview:   0   1   2   3   4   Model   SVD   SVD++   NMF   KNN-User   KNN-Item   RMSE   1.0411   1.0078   1.0864   1.0772   1.0076   Precision@1   0.2911   0.3295   0.3773   0.4175   0.4072   Recall@1   0.127 ...", "module": "document_ingest", "function": "chunk_documents", "line": 121}
{"timestamp": "2025-06-26T06:03:46.609872", "level": "INFO", "logger": "backend.app.services.document_ingest", "message": "Document 7 preview: data   from   sentiment.   We   expect   that   combining   these   approaches   will   yield   a   more   accurate   and   interpretable   book   recommender .   2.4.   Experiment   Setup   We   perf...", "module": "document_ingest", "function": "chunk_documents", "line": 121}
{"timestamp": "2025-06-26T06:03:46.609922", "level": "INFO", "logger": "backend.app.services.document_ingest", "message": "Document 10: content length = 78 chars", "module": "document_ingest", "function": "chunk_documents", "line": 118}
{"timestamp": "2025-06-26T06:03:46.609966", "level": "INFO", "logger": "backend.app.services.document_ingest", "message": "Document 8: content length = 925 chars", "module": "document_ingest", "function": "chunk_documents", "line": 118}
{"timestamp": "2025-06-26T06:03:46.610014", "level": "INFO", "logger": "backend.app.services.document_ingest", "message": "Document 10 preview:       Figure   3.1.   Plots   of   a)   Precision@K   and   b)   Recall@K     ...", "module": "document_ingest", "function": "chunk_documents", "line": 121}
{"timestamp": "2025-06-26T06:03:46.610059", "level": "INFO", "logger": "backend.app.services.document_ingest", "message": "Document 8 preview: RMSE   0.766   0.7388   0.8388   0.8214   0.7193   Precision@1   0.7697   0.7629   0.6821   0.8357   0.8227   Recall@1   0.351   0.3451   0.2957   0.3968   0.3899   Precision@3   0.5802   0.5752   0.4...", "module": "document_ingest", "function": "chunk_documents", "line": 121}
{"timestamp": "2025-06-26T06:03:46.610100", "level": "INFO", "logger": "backend.app.services.document_ingest", "message": "Document 11: content length = 1111 chars", "module": "document_ingest", "function": "chunk_documents", "line": 118}
{"timestamp": "2025-06-26T06:03:46.610140", "level": "INFO", "logger": "backend.app.services.document_ingest", "message": "Document 9: content length = 999 chars", "module": "document_ingest", "function": "chunk_documents", "line": 118}
{"timestamp": "2025-06-26T06:03:46.610183", "level": "INFO", "logger": "backend.app.services.document_ingest", "message": "Document 11 preview:   Figure   3.1.   Sentiment   Adjusted   Plots   of   a)   Precision@K   and   b)   Recall@K   Tables   3.1   and   3.2   summarize   the   recommendation   accuracy   for   models   trained   on   or...", "module": "document_ingest", "function": "chunk_documents", "line": 121}
{"timestamp": "2025-06-26T06:03:46.610277", "level": "INFO", "logger": "backend.app.services.document_ingest", "message": "Document 9 preview:   0   1   2   3   4   Model   SVD   SVD++   NMF   KNN-User   KNN-Item   RMSE   1.0411   1.0078   1.0864   1.0772   1.0076   Precision@1   0.2911   0.3295   0.3773   0.4175   0.4072   Recall@1   0.127 ...", "module": "document_ingest", "function": "chunk_documents", "line": 121}
{"timestamp": "2025-06-26T06:03:46.610340", "level": "INFO", "logger": "backend.app.services.document_ingest", "message": "Document 12: content length = 3324 chars", "module": "document_ingest", "function": "chunk_documents", "line": 118}
{"timestamp": "2025-06-26T06:03:46.610383", "level": "INFO", "logger": "backend.app.services.document_ingest", "message": "Document 10: content length = 78 chars", "module": "document_ingest", "function": "chunk_documents", "line": 118}
{"timestamp": "2025-06-26T06:03:46.610426", "level": "INFO", "logger": "backend.app.services.document_ingest", "message": "Document 12 preview: By   comparison,   training   on   sentiment-scaled   ratings   substantially   degrades   performance.   Table   3.2   shows   that   all   models   incur   much   higher   RMSE   (for   instance,   ...", "module": "document_ingest", "function": "chunk_documents", "line": 121}
{"timestamp": "2025-06-26T06:03:46.610486", "level": "INFO", "logger": "backend.app.services.document_ingest", "message": "Document 10 preview:       Figure   3.1.   Plots   of   a)   Precision@K   and   b)   Recall@K     ...", "module": "document_ingest", "function": "chunk_documents", "line": 121}
{"timestamp": "2025-06-26T06:03:46.610559", "level": "INFO", "logger": "backend.app.services.document_ingest", "message": "Document 13: content length = 2602 chars", "module": "document_ingest", "function": "chunk_documents", "line": 118}
{"timestamp": "2025-06-26T06:03:46.610635", "level": "INFO", "logger": "backend.app.services.document_ingest", "message": "Document 11: content length = 1111 chars", "module": "document_ingest", "function": "chunk_documents", "line": 118}
{"timestamp": "2025-06-26T06:03:46.610698", "level": "INFO", "logger": "backend.app.services.document_ingest", "message": "Document 13 preview: between   ratings   and   sentiment   scores.   In   effect,   adding   sentiment   as   side   information   imposes   an   extra   constraint   on   the   model.   This   illustrates   the   classic...", "module": "document_ingest", "function": "chunk_documents", "line": 121}
{"timestamp": "2025-06-26T06:03:46.610747", "level": "INFO", "logger": "backend.app.services.document_ingest", "message": "Document 11 preview:   Figure   3.1.   Sentiment   Adjusted   Plots   of   a)   Precision@K   and   b)   Recall@K   Tables   3.1   and   3.2   summarize   the   recommendation   accuracy   for   models   trained   on   or...", "module": "document_ingest", "function": "chunk_documents", "line": 121}
{"timestamp": "2025-06-26T06:03:46.610798", "level": "INFO", "logger": "backend.app.services.document_ingest", "message": "Document 14: content length = 379 chars", "module": "document_ingest", "function": "chunk_documents", "line": 118}
{"timestamp": "2025-06-26T06:03:46.610845", "level": "INFO", "logger": "backend.app.services.document_ingest", "message": "Document 12: content length = 3324 chars", "module": "document_ingest", "function": "chunk_documents", "line": 118}
{"timestamp": "2025-06-26T06:03:46.610891", "level": "INFO", "logger": "backend.app.services.document_ingest", "message": "Document 14 preview: References   1.   Dang,   C.   N.,   Moreno-Garc\u00eda,   M.   N.,   &   Prieta,   F.   D.   L.   (2021).   An   approach   to   integrating   sentiment   analysis   into   recommender   systems.   Sensor...", "module": "document_ingest", "function": "chunk_documents", "line": 121}
{"timestamp": "2025-06-26T06:03:46.614198", "level": "INFO", "logger": "backend.app.services.document_ingest", "message": "Document 12 preview: By   comparison,   training   on   sentiment-scaled   ratings   substantially   degrades   performance.   Table   3.2   shows   that   all   models   incur   much   higher   RMSE   (for   instance,   ...", "module": "document_ingest", "function": "chunk_documents", "line": 121}
{"timestamp": "2025-06-26T06:03:46.614280", "level": "INFO", "logger": "backend.app.services.document_ingest", "message": "Split 15 documents into 48 chunks with size=750, overlap=150", "module": "document_ingest", "function": "chunk_documents", "line": 141}
{"timestamp": "2025-06-26T06:03:46.614338", "level": "INFO", "logger": "backend.app.services.document_ingest", "message": "Document 13: content length = 2602 chars", "module": "document_ingest", "function": "chunk_documents", "line": 118}
{"timestamp": "2025-06-26T06:03:46.614403", "level": "INFO", "logger": "backend.app.services.document_ingest", "message": "Chunk 0: length = 223 chars, metadata = {'source': 'Solo-report_1_bcb0d2fd.pdf', 'page': 0, 'source_path': '/Users/talgatbaktybekov/Desktop/rag_app/data/user_documents/1/Solo-report_1_bcb0d2fd.pdf', 'user_id': 1, 'document_id': 6}", "module": "document_ingest", "function": "chunk_documents", "line": 146}
{"timestamp": "2025-06-26T06:03:46.615650", "level": "INFO", "logger": "backend.app.services.document_ingest", "message": "Document 13 preview: between   ratings   and   sentiment   scores.   In   effect,   adding   sentiment   as   side   information   imposes   an   extra   constraint   on   the   model.   This   illustrates   the   classic...", "module": "document_ingest", "function": "chunk_documents", "line": 121}
{"timestamp": "2025-06-26T06:03:46.615711", "level": "INFO", "logger": "backend.app.services.document_ingest", "message": "Chunk 1: length = 345 chars, metadata = {'source': 'Solo-report_1_bcb0d2fd.pdf', 'page': 1, 'source_path': '/Users/talgatbaktybekov/Desktop/rag_app/data/user_documents/1/Solo-report_1_bcb0d2fd.pdf', 'user_id': 1, 'document_id': 6}", "module": "document_ingest", "function": "chunk_documents", "line": 146}
{"timestamp": "2025-06-26T06:03:46.615786", "level": "INFO", "logger": "backend.app.services.document_ingest", "message": "Document 14: content length = 379 chars", "module": "document_ingest", "function": "chunk_documents", "line": 118}
{"timestamp": "2025-06-26T06:03:46.615854", "level": "INFO", "logger": "backend.app.services.document_ingest", "message": "Chunk 2: length = 745 chars, metadata = {'source': 'Solo-report_1_bcb0d2fd.pdf', 'page': 2, 'source_path': '/Users/talgatbaktybekov/Desktop/rag_app/data/user_documents/1/Solo-report_1_bcb0d2fd.pdf', 'user_id': 1, 'document_id': 6}", "module": "document_ingest", "function": "chunk_documents", "line": 146}
{"timestamp": "2025-06-26T06:03:46.616007", "level": "INFO", "logger": "backend.app.services.document_ingest", "message": "Document 14 preview: References   1.   Dang,   C.   N.,   Moreno-Garc\u00eda,   M.   N.,   &   Prieta,   F.   D.   L.   (2021).   An   approach   to   integrating   sentiment   analysis   into   recommender   systems.   Sensor...", "module": "document_ingest", "function": "chunk_documents", "line": 121}
{"timestamp": "2025-06-26T06:03:46.619265", "level": "INFO", "logger": "backend.app.services.document_ingest", "message": "Split 15 documents into 48 chunks with size=750, overlap=150", "module": "document_ingest", "function": "chunk_documents", "line": 141}
{"timestamp": "2025-06-26T06:03:46.619362", "level": "INFO", "logger": "backend.app.services.document_ingest", "message": "Chunk 0: length = 223 chars, metadata = {'source': 'Solo-report_1_bcb0d2fd.pdf', 'page': 0, 'source_path': '/Users/talgatbaktybekov/Desktop/rag_app/data/user_documents/1/Solo-report_1_bcb0d2fd.pdf', 'user_id': 1, 'document_id': 6}", "module": "document_ingest", "function": "chunk_documents", "line": 146}
{"timestamp": "2025-06-26T06:03:46.619441", "level": "INFO", "logger": "backend.app.services.document_ingest", "message": "Chunk 1: length = 345 chars, metadata = {'source': 'Solo-report_1_bcb0d2fd.pdf', 'page': 1, 'source_path': '/Users/talgatbaktybekov/Desktop/rag_app/data/user_documents/1/Solo-report_1_bcb0d2fd.pdf', 'user_id': 1, 'document_id': 6}", "module": "document_ingest", "function": "chunk_documents", "line": 146}
{"timestamp": "2025-06-26T06:03:46.619488", "level": "INFO", "logger": "backend.app.services.document_ingest", "message": "Chunk 2: length = 745 chars, metadata = {'source': 'Solo-report_1_bcb0d2fd.pdf', 'page': 2, 'source_path': '/Users/talgatbaktybekov/Desktop/rag_app/data/user_documents/1/Solo-report_1_bcb0d2fd.pdf', 'user_id': 1, 'document_id': 6}", "module": "document_ingest", "function": "chunk_documents", "line": 146}
{"timestamp": "2025-06-26T06:03:47.051628", "level": "INFO", "logger": "chromadb.telemetry.product.posthog", "message": "Anonymized telemetry enabled. See                     https://docs.trychroma.com/telemetry for more information.", "module": "posthog", "function": "__init__", "line": 20}
{"timestamp": "2025-06-26T06:04:16.440743", "level": "INFO", "logger": "backend.app.api.routes_document", "message": "Successfully uploaded file: CV_1_fdecd883.pdf", "module": "routes_document", "function": "upload_user_documents", "line": 155}
{"timestamp": "2025-06-26T06:04:16.475126", "level": "INFO", "logger": "backend.app.services.document_ingest", "message": "Loaded 1 pages from CV_1_fdecd883.pdf", "module": "document_ingest", "function": "load_documents_from_pdfs", "line": 75}
{"timestamp": "2025-06-26T06:04:16.475340", "level": "INFO", "logger": "backend.app.services.document_ingest", "message": "Document 0: content length = 3444 chars", "module": "document_ingest", "function": "chunk_documents", "line": 118}
{"timestamp": "2025-06-26T06:04:16.475853", "level": "INFO", "logger": "backend.app.services.document_ingest", "message": "Document 0 preview: Talgat Baktybekov +852 9742 0054 |tbaktybek4-c@my.cityu.edu.hk |LinkedIn |GitHub Education City University of Hong Kong Hong Kong BSc in Data Science, GPA: 3.6/4.3 2022\u20132026 Academic Achievements \u2022Hon...", "module": "document_ingest", "function": "chunk_documents", "line": 121}
{"timestamp": "2025-06-26T06:04:16.476204", "level": "INFO", "logger": "backend.app.services.document_ingest", "message": "Split 1 documents into 6 chunks with size=750, overlap=150", "module": "document_ingest", "function": "chunk_documents", "line": 141}
{"timestamp": "2025-06-26T06:04:16.476263", "level": "INFO", "logger": "backend.app.services.document_ingest", "message": "Chunk 0: length = 681 chars, metadata = {'source': 'CV_1_fdecd883.pdf', 'page': 0, 'source_path': '/Users/talgatbaktybekov/Desktop/rag_app/data/user_documents/1/CV_1_fdecd883.pdf', 'user_id': 1, 'document_id': 7}", "module": "document_ingest", "function": "chunk_documents", "line": 146}
{"timestamp": "2025-06-26T06:04:16.476333", "level": "INFO", "logger": "backend.app.services.document_ingest", "message": "Chunk 1: length = 706 chars, metadata = {'source': 'CV_1_fdecd883.pdf', 'page': 0, 'source_path': '/Users/talgatbaktybekov/Desktop/rag_app/data/user_documents/1/CV_1_fdecd883.pdf', 'user_id': 1, 'document_id': 7}", "module": "document_ingest", "function": "chunk_documents", "line": 146}
{"timestamp": "2025-06-26T06:04:16.476427", "level": "INFO", "logger": "backend.app.services.document_ingest", "message": "Chunk 2: length = 672 chars, metadata = {'source': 'CV_1_fdecd883.pdf', 'page': 0, 'source_path': '/Users/talgatbaktybekov/Desktop/rag_app/data/user_documents/1/CV_1_fdecd883.pdf', 'user_id': 1, 'document_id': 7}", "module": "document_ingest", "function": "chunk_documents", "line": 146}
{"timestamp": "2025-06-26T06:04:16.497188", "level": "INFO", "logger": "backend.app.services.document_ingest", "message": "Loaded 1 pages from CV_1_fdecd883.pdf", "module": "document_ingest", "function": "load_documents_from_pdfs", "line": 75}
{"timestamp": "2025-06-26T06:04:16.498190", "level": "INFO", "logger": "backend.app.services.document_ingest", "message": "Document 0: content length = 3444 chars", "module": "document_ingest", "function": "chunk_documents", "line": 118}
{"timestamp": "2025-06-26T06:04:16.498238", "level": "INFO", "logger": "backend.app.services.document_ingest", "message": "Document 0 preview: Talgat Baktybekov +852 9742 0054 |tbaktybek4-c@my.cityu.edu.hk |LinkedIn |GitHub Education City University of Hong Kong Hong Kong BSc in Data Science, GPA: 3.6/4.3 2022\u20132026 Academic Achievements \u2022Hon...", "module": "document_ingest", "function": "chunk_documents", "line": 121}
{"timestamp": "2025-06-26T06:04:16.498594", "level": "INFO", "logger": "backend.app.services.document_ingest", "message": "Split 1 documents into 6 chunks with size=750, overlap=150", "module": "document_ingest", "function": "chunk_documents", "line": 141}
{"timestamp": "2025-06-26T06:04:16.498669", "level": "INFO", "logger": "backend.app.services.document_ingest", "message": "Chunk 0: length = 681 chars, metadata = {'source': 'CV_1_fdecd883.pdf', 'page': 0, 'source_path': '/Users/talgatbaktybekov/Desktop/rag_app/data/user_documents/1/CV_1_fdecd883.pdf', 'user_id': 1, 'document_id': 7}", "module": "document_ingest", "function": "chunk_documents", "line": 146}
{"timestamp": "2025-06-26T06:04:16.498723", "level": "INFO", "logger": "backend.app.services.document_ingest", "message": "Chunk 1: length = 706 chars, metadata = {'source': 'CV_1_fdecd883.pdf', 'page': 0, 'source_path': '/Users/talgatbaktybekov/Desktop/rag_app/data/user_documents/1/CV_1_fdecd883.pdf', 'user_id': 1, 'document_id': 7}", "module": "document_ingest", "function": "chunk_documents", "line": 146}
{"timestamp": "2025-06-26T06:04:16.499212", "level": "INFO", "logger": "backend.app.services.document_ingest", "message": "Chunk 2: length = 672 chars, metadata = {'source': 'CV_1_fdecd883.pdf', 'page': 0, 'source_path': '/Users/talgatbaktybekov/Desktop/rag_app/data/user_documents/1/CV_1_fdecd883.pdf', 'user_id': 1, 'document_id': 7}", "module": "document_ingest", "function": "chunk_documents", "line": 146}
{"timestamp": "2025-06-26T06:04:25.376158", "level": "INFO", "logger": "backend.app.api.routes_document", "message": "Setting document selection for conversation 6, user 1", "module": "routes_document", "function": "select_documents_for_conversation", "line": 252}
{"timestamp": "2025-06-26T06:04:25.377325", "level": "INFO", "logger": "backend.app.api.routes_document", "message": "Selected document IDs: [5]", "module": "routes_document", "function": "select_documents_for_conversation", "line": 253}
{"timestamp": "2025-06-26T06:04:25.405040", "level": "INFO", "logger": "backend.app.api.routes_document", "message": "Successfully saved 1 document selections for conversation 6", "module": "routes_document", "function": "select_documents_for_conversation", "line": 286}
{"timestamp": "2025-06-26T06:04:38.822674", "level": "INFO", "logger": "backend.app.api.routes_document", "message": "Setting document selection for conversation 7, user 1", "module": "routes_document", "function": "select_documents_for_conversation", "line": 252}
{"timestamp": "2025-06-26T06:04:38.823028", "level": "INFO", "logger": "backend.app.api.routes_document", "message": "Selected document IDs: [5]", "module": "routes_document", "function": "select_documents_for_conversation", "line": 253}
{"timestamp": "2025-06-26T06:04:38.833866", "level": "INFO", "logger": "backend.app.api.routes_document", "message": "Successfully saved 1 document selections for conversation 7", "module": "routes_document", "function": "select_documents_for_conversation", "line": 286}
{"timestamp": "2025-06-26T06:04:42.214917", "level": "INFO", "logger": "backend.app.api.routes_chat", "message": "Question needs context: 'tell me more about the results presented during the project presentation'", "module": "routes_chat", "function": "ask", "line": 228}
{"timestamp": "2025-06-26T06:04:42.215016", "level": "INFO", "logger": "backend.app.services.ollama", "message": "Building langchain agent for conversation 7, user 1, needs_context=True", "module": "ollama", "function": "build_langchain_agent", "line": 16}
{"timestamp": "2025-06-26T06:04:42.222360", "level": "INFO", "logger": "backend.app.services.ollama", "message": "Selected document IDs: [5]", "module": "ollama", "function": "build_langchain_agent", "line": 29}
{"timestamp": "2025-06-26T06:04:42.222416", "level": "INFO", "logger": "backend.app.services.ollama", "message": "Retrieving chunks for 1 selected documents", "module": "ollama", "function": "build_langchain_agent", "line": 36}
{"timestamp": "2025-06-26T06:04:42.227027", "level": "INFO", "logger": "backend.app.services.document_ingest", "message": "Retrieving 8 chunks for query: 'tell me more about the results presented during th...', search_type: advanced_ensemble", "module": "document_ingest", "function": "retrieve_relevant_chunks", "line": 249}
{"timestamp": "2025-06-26T06:04:42.421734", "level": "INFO", "logger": "backend.app.services.document_ingest", "message": "Retrieved 8 chunks", "module": "document_ingest", "function": "_log_search_results", "line": 352}
{"timestamp": "2025-06-26T06:04:42.421818", "level": "INFO", "logger": "backend.app.services.document_ingest", "message": "Document IDs: [5, 5, 5, 5, 5, 5, 5, 5]", "module": "document_ingest", "function": "_log_search_results", "line": 359}
{"timestamp": "2025-06-26T06:04:42.421862", "level": "INFO", "logger": "backend.app.services.document_ingest", "message": "Sources: ['Solo-report_1_bcb0d2fd.pdf', 'Solo-report_1_bcb0d2fd.pdf', 'Solo-report_1_bcb0d2fd.pdf', 'Solo-report_1_bcb0d2fd.pdf', 'Solo-report_1_bcb0d2fd.pdf', 'Solo-report_1_bcb0d2fd.pdf', 'Solo-report_1_bcb0d2fd.pdf', 'Solo-report_1_bcb0d2fd.pdf']", "module": "document_ingest", "function": "_log_search_results", "line": 361}
{"timestamp": "2025-06-26T06:04:42.421906", "level": "INFO", "logger": "backend.app.services.document_ingest", "message": "Chunk 1: methods   implemented   in   the   Surprise   library .   Each   technique   offers   complementary ...", "module": "document_ingest", "function": "_log_search_results", "line": 366}
{"timestamp": "2025-06-26T06:04:42.421944", "level": "INFO", "logger": "backend.app.services.document_ingest", "message": "Chunk 2: and   Analysis   To   illustrate   the   findings,   we   prepare   several   plots   and   tables. ...", "module": "document_ingest", "function": "_log_search_results", "line": 366}
{"timestamp": "2025-06-26T06:04:42.421995", "level": "INFO", "logger": "backend.app.services.ollama", "message": "Total context length: 5738 characters", "module": "ollama", "function": "build_langchain_agent", "line": 69}
{"timestamp": "2025-06-26T06:04:42.439087", "level": "WARNING", "logger": "langchain_core.tracers.base", "message": "Parent run e4b27e27-9645-4c7b-aa0e-ffe513a2738c not found for run a97fc60c-3bad-4779-a6a3-f185a8f4a7a1. Treating as a root run.", "module": "base", "function": "_start_trace", "line": 113}
{"timestamp": "2025-06-26T06:05:15.295733", "level": "WARNING", "logger": "langchain_core.callbacks.manager", "message": "Error in RootListenersTracer.on_chain_end callback: AttributeError(\"'SimpleChatHistory' object has no attribute 'add_messages'\")", "module": "manager", "function": "handle_event", "line": 282}
{"timestamp": "2025-06-26T06:05:15.331855", "level": "INFO", "logger": "backend.app.api.routes_chat", "message": "Creating reference mapping for 8 chunks", "module": "routes_chat", "function": "ask", "line": 312}
{"timestamp": "2025-07-08T09:22:01.761370", "level": "INFO", "logger": "root", "message": "Starting application", "module": "main", "function": "<module>", "line": 14}
{"timestamp": "2025-07-08T09:30:21.642162", "level": "INFO", "logger": "root", "message": "Starting application", "module": "main", "function": "<module>", "line": 14}
{"timestamp": "2025-07-08T09:31:28.161751", "level": "INFO", "logger": "backend.app.api.routes_document", "message": "Successfully uploaded file: EOEN-5006733-22TheGovernmentoftheHongKong_1_429c891d.pdf", "module": "routes_document", "function": "upload_user_documents", "line": 155}
{"timestamp": "2025-07-08T09:31:28.266895", "level": "INFO", "logger": "backend.app.services.document_ingest", "message": "Loaded 2 pages from EOEN-5006733-22TheGovernmentoftheHongKong_1_429c891d.pdf", "module": "document_ingest", "function": "load_documents_from_pdfs", "line": 75}
{"timestamp": "2025-07-08T09:31:28.267003", "level": "INFO", "logger": "backend.app.services.document_ingest", "message": "Loaded 2 pages from EOEN-5006733-22TheGovernmentoftheHongKong_1_429c891d.pdf", "module": "document_ingest", "function": "load_documents_from_pdfs", "line": 75}
{"timestamp": "2025-07-08T09:31:28.267061", "level": "INFO", "logger": "backend.app.services.document_ingest", "message": "Document 0: content length = 1621 chars", "module": "document_ingest", "function": "chunk_documents", "line": 118}
{"timestamp": "2025-07-08T09:31:28.267131", "level": "INFO", "logger": "backend.app.services.document_ingest", "message": "Document 0: content length = 1621 chars", "module": "document_ingest", "function": "chunk_documents", "line": 118}
{"timestamp": "2025-07-08T09:31:28.267236", "level": "INFO", "logger": "backend.app.services.document_ingest", "message": "Document 0 preview:       \u96fb\u8a71Tel 2829 3100 \u50b3\u771fFax  2586 1431 \u9999\u6e2f\u7279\u5225\u884c\u653f\u5340\u653f\u5e9c \u8986\u51fd\u8acb\u8a3b\u660e\u672c\u8655\u6a94\u865f In reply please quote this ref \u5165\u5883\u4e8b\u52d9\u8655 Immigration Department EOEN-5006733-22 The Government of the Hong Kong Special Administrative Region  BA...", "module": "document_ingest", "function": "chunk_documents", "line": 121}
{"timestamp": "2025-07-08T09:31:28.267536", "level": "INFO", "logger": "backend.app.services.document_ingest", "message": "Document 1: content length = 1079 chars", "module": "document_ingest", "function": "chunk_documents", "line": 118}
{"timestamp": "2025-07-08T09:31:28.267626", "level": "INFO", "logger": "backend.app.services.document_ingest", "message": "Document 1 preview:    Please note that the Director of Immigration\u2019s stance of no objection to your taking up employment set out in this letter will only apply on the condition that you have a valid permission to remain...", "module": "document_ingest", "function": "chunk_documents", "line": 121}
{"timestamp": "2025-07-08T09:31:28.267946", "level": "INFO", "logger": "backend.app.services.document_ingest", "message": "Document 0 preview:       \u96fb\u8a71Tel 2829 3100 \u50b3\u771fFax  2586 1431 \u9999\u6e2f\u7279\u5225\u884c\u653f\u5340\u653f\u5e9c \u8986\u51fd\u8acb\u8a3b\u660e\u672c\u8655\u6a94\u865f In reply please quote this ref \u5165\u5883\u4e8b\u52d9\u8655 Immigration Department EOEN-5006733-22 The Government of the Hong Kong Special Administrative Region  BA...", "module": "document_ingest", "function": "chunk_documents", "line": 121}
{"timestamp": "2025-07-08T09:31:28.268009", "level": "INFO", "logger": "backend.app.services.document_ingest", "message": "Split 2 documents into 6 chunks with size=750, overlap=150", "module": "document_ingest", "function": "chunk_documents", "line": 141}
{"timestamp": "2025-07-08T09:31:28.268078", "level": "INFO", "logger": "backend.app.services.document_ingest", "message": "Document 1: content length = 1079 chars", "module": "document_ingest", "function": "chunk_documents", "line": 118}
{"timestamp": "2025-07-08T09:31:28.268168", "level": "INFO", "logger": "backend.app.services.document_ingest", "message": "Document 1 preview:    Please note that the Director of Immigration\u2019s stance of no objection to your taking up employment set out in this letter will only apply on the condition that you have a valid permission to remain...", "module": "document_ingest", "function": "chunk_documents", "line": 121}
{"timestamp": "2025-07-08T09:31:28.268365", "level": "INFO", "logger": "backend.app.services.document_ingest", "message": "Chunk 0: length = 739 chars, metadata = {'source': 'EOEN-5006733-22TheGovernmentoftheHongKong_1_429c891d.pdf', 'page': 0, 'source_path': '/Users/talgatbaktybekov/Desktop/rag_app/data/user_documents/1/EOEN-5006733-22TheGovernmentoftheHongKong_1_429c891d.pdf', 'user_id': 1, 'document_id': 8}", "module": "document_ingest", "function": "chunk_documents", "line": 146}
{"timestamp": "2025-07-08T09:31:28.268445", "level": "INFO", "logger": "backend.app.services.document_ingest", "message": "Split 2 documents into 6 chunks with size=750, overlap=150", "module": "document_ingest", "function": "chunk_documents", "line": 141}
{"timestamp": "2025-07-08T09:31:28.268524", "level": "INFO", "logger": "backend.app.services.document_ingest", "message": "Chunk 1: length = 507 chars, metadata = {'source': 'EOEN-5006733-22TheGovernmentoftheHongKong_1_429c891d.pdf', 'page': 0, 'source_path': '/Users/talgatbaktybekov/Desktop/rag_app/data/user_documents/1/EOEN-5006733-22TheGovernmentoftheHongKong_1_429c891d.pdf', 'user_id': 1, 'document_id': 8}", "module": "document_ingest", "function": "chunk_documents", "line": 146}
{"timestamp": "2025-07-08T09:31:28.268596", "level": "INFO", "logger": "backend.app.services.document_ingest", "message": "Chunk 0: length = 739 chars, metadata = {'source': 'EOEN-5006733-22TheGovernmentoftheHongKong_1_429c891d.pdf', 'page': 0, 'source_path': '/Users/talgatbaktybekov/Desktop/rag_app/data/user_documents/1/EOEN-5006733-22TheGovernmentoftheHongKong_1_429c891d.pdf', 'user_id': 1, 'document_id': 8}", "module": "document_ingest", "function": "chunk_documents", "line": 146}
{"timestamp": "2025-07-08T09:31:28.268647", "level": "INFO", "logger": "backend.app.services.document_ingest", "message": "Chunk 2: length = 388 chars, metadata = {'source': 'EOEN-5006733-22TheGovernmentoftheHongKong_1_429c891d.pdf', 'page': 0, 'source_path': '/Users/talgatbaktybekov/Desktop/rag_app/data/user_documents/1/EOEN-5006733-22TheGovernmentoftheHongKong_1_429c891d.pdf', 'user_id': 1, 'document_id': 8}", "module": "document_ingest", "function": "chunk_documents", "line": 146}
{"timestamp": "2025-07-08T09:31:28.268773", "level": "INFO", "logger": "backend.app.services.document_ingest", "message": "Chunk 1: length = 507 chars, metadata = {'source': 'EOEN-5006733-22TheGovernmentoftheHongKong_1_429c891d.pdf', 'page': 0, 'source_path': '/Users/talgatbaktybekov/Desktop/rag_app/data/user_documents/1/EOEN-5006733-22TheGovernmentoftheHongKong_1_429c891d.pdf', 'user_id': 1, 'document_id': 8}", "module": "document_ingest", "function": "chunk_documents", "line": 146}
{"timestamp": "2025-07-08T09:31:28.268815", "level": "INFO", "logger": "backend.app.services.document_ingest", "message": "Chunk 2: length = 388 chars, metadata = {'source': 'EOEN-5006733-22TheGovernmentoftheHongKong_1_429c891d.pdf', 'page': 0, 'source_path': '/Users/talgatbaktybekov/Desktop/rag_app/data/user_documents/1/EOEN-5006733-22TheGovernmentoftheHongKong_1_429c891d.pdf', 'user_id': 1, 'document_id': 8}", "module": "document_ingest", "function": "chunk_documents", "line": 146}
{"timestamp": "2025-07-08T09:31:29.680096", "level": "INFO", "logger": "chromadb.telemetry.product.posthog", "message": "Anonymized telemetry enabled. See                     https://docs.trychroma.com/telemetry for more information.", "module": "posthog", "function": "__init__", "line": 20}
{"timestamp": "2025-07-08T09:38:36.734126", "level": "INFO", "logger": "backend.app.services.document_ingest", "message": "Deleted 6 chunks for document_id 8", "module": "document_ingest", "function": "delete_document_from_vectorstore", "line": 393}
{"timestamp": "2025-07-08T09:38:38.776168", "level": "WARNING", "logger": "backend.app.services.document_ingest", "message": "No chunks found for document_id 7 (tried both int and str formats)", "module": "document_ingest", "function": "delete_document_from_vectorstore", "line": 396}
{"timestamp": "2025-07-08T09:38:40.391874", "level": "WARNING", "logger": "backend.app.services.document_ingest", "message": "No chunks found for document_id 6 (tried both int and str formats)", "module": "document_ingest", "function": "delete_document_from_vectorstore", "line": 396}
{"timestamp": "2025-07-08T09:38:42.156941", "level": "WARNING", "logger": "backend.app.services.document_ingest", "message": "No chunks found for document_id 5 (tried both int and str formats)", "module": "document_ingest", "function": "delete_document_from_vectorstore", "line": 396}
{"timestamp": "2025-07-08T09:39:10.819345", "level": "INFO", "logger": "backend.app.api.routes_document", "message": "Successfully uploaded file: Solo-report_1_bcb0d2fd.pdf", "module": "routes_document", "function": "upload_user_documents", "line": 155}
{"timestamp": "2025-07-08T09:39:11.300447", "level": "INFO", "logger": "backend.app.services.document_ingest", "message": "Loaded 15 pages from Solo-report_1_bcb0d2fd.pdf", "module": "document_ingest", "function": "load_documents_from_pdfs", "line": 75}
{"timestamp": "2025-07-08T09:39:11.300555", "level": "INFO", "logger": "backend.app.services.document_ingest", "message": "Document 0: content length = 234 chars", "module": "document_ingest", "function": "chunk_documents", "line": 118}
{"timestamp": "2025-07-08T09:39:11.300617", "level": "INFO", "logger": "backend.app.services.document_ingest", "message": "Document 0 preview:       SDSC3002   Data   Mining     Book   Recommendation   System   Using   Collaborative   Filtering   Methods   Incorporating   Review   Sentiment   Scores           Team   \u201cSolo\u201d   Members:   BAKTY...", "module": "document_ingest", "function": "chunk_documents", "line": 121}
{"timestamp": "2025-07-08T09:39:11.308919", "level": "INFO", "logger": "backend.app.services.document_ingest", "message": "Document 1: content length = 349 chars", "module": "document_ingest", "function": "chunk_documents", "line": 118}
{"timestamp": "2025-07-08T09:39:11.309019", "level": "INFO", "logger": "backend.app.services.document_ingest", "message": "Document 1 preview: Table   of   Contents   1.   Introduction   3   1.1.   Dataset   description   3   2.   Methodology   4   2.1.   Task   Description   4   2.2.   Evaluation   Metrics   5   2.3.   Models   Used   6   2...", "module": "document_ingest", "function": "chunk_documents", "line": 121}
{"timestamp": "2025-07-08T09:39:11.309069", "level": "INFO", "logger": "backend.app.services.document_ingest", "message": "Document 2: content length = 2911 chars", "module": "document_ingest", "function": "chunk_documents", "line": 118}
{"timestamp": "2025-07-08T09:39:11.328094", "level": "INFO", "logger": "backend.app.services.document_ingest", "message": "Document 2 preview: 1.   Introduction   Recommender   systems   play   a   central   role   in   modern   digital   platforms,   helping   users   discover   content,   products,   or   services   that   align   with   t...", "module": "document_ingest", "function": "chunk_documents", "line": 121}
{"timestamp": "2025-07-08T09:39:11.330806", "level": "INFO", "logger": "backend.app.services.document_ingest", "message": "Document 3: content length = 2876 chars", "module": "document_ingest", "function": "chunk_documents", "line": 118}
{"timestamp": "2025-07-08T09:39:11.342906", "level": "INFO", "logger": "backend.app.services.document_ingest", "message": "Document 3 preview: publishedDate,   categories,   ratingsCount .   Additionally,   a   sent iment   score   is   computed   for   each   review   using   a   pre-trained   PyTorch   neural   network   model   that   ana...", "module": "document_ingest", "function": "chunk_documents", "line": 121}
{"timestamp": "2025-07-08T09:39:11.352528", "level": "INFO", "logger": "backend.app.services.document_ingest", "message": "Document 4: content length = 1215 chars", "module": "document_ingest", "function": "chunk_documents", "line": 118}
{"timestamp": "2025-07-08T09:39:11.352599", "level": "INFO", "logger": "backend.app.services.document_ingest", "message": "Loaded 15 pages from Solo-report_1_bcb0d2fd.pdf", "module": "document_ingest", "function": "load_documents_from_pdfs", "line": 75}
{"timestamp": "2025-07-08T09:39:11.352747", "level": "INFO", "logger": "backend.app.services.document_ingest", "message": "Document 4 preview: 2.2.   Evaluation   Metrics   We   evaluate   both   prediction   accuracy   and   top- ranking   quality:   \u25cf   Root   Mean   Squar ed   Error   (RMSE):   Measures   the   accuracy   of   the   predi...", "module": "document_ingest", "function": "chunk_documents", "line": 121}
{"timestamp": "2025-07-08T09:39:11.352820", "level": "INFO", "logger": "backend.app.services.document_ingest", "message": "Document 0: content length = 234 chars", "module": "document_ingest", "function": "chunk_documents", "line": 118}
{"timestamp": "2025-07-08T09:39:11.352865", "level": "INFO", "logger": "backend.app.services.document_ingest", "message": "Document 0 preview:       SDSC3002   Data   Mining     Book   Recommendation   System   Using   Collaborative   Filtering   Methods   Incorporating   Review   Sentiment   Scores           Team   \u201cSolo\u201d   Members:   BAKTY...", "module": "document_ingest", "function": "chunk_documents", "line": 121}
{"timestamp": "2025-07-08T09:39:11.352907", "level": "INFO", "logger": "backend.app.services.document_ingest", "message": "Document 5: content length = 3013 chars", "module": "document_ingest", "function": "chunk_documents", "line": 118}
{"timestamp": "2025-07-08T09:39:11.352950", "level": "INFO", "logger": "backend.app.services.document_ingest", "message": "Document 1: content length = 349 chars", "module": "document_ingest", "function": "chunk_documents", "line": 118}
{"timestamp": "2025-07-08T09:39:11.353003", "level": "INFO", "logger": "backend.app.services.document_ingest", "message": "Document 5 preview: We   report   precision@K   and   recall@K   for   .   In   summary ,   RMSE   assesses   rating   prediction   accuracy ,   while   Precision@K   and   Recall@K   measure   the   accuracy   and   com...", "module": "document_ingest", "function": "chunk_documents", "line": 121}
{"timestamp": "2025-07-08T09:39:11.353039", "level": "INFO", "logger": "backend.app.services.document_ingest", "message": "Document 6: content length = 3336 chars", "module": "document_ingest", "function": "chunk_documents", "line": 118}
{"timestamp": "2025-07-08T09:39:11.353094", "level": "INFO", "logger": "backend.app.services.document_ingest", "message": "Document 1 preview: Table   of   Contents   1.   Introduction   3   1.1.   Dataset   description   3   2.   Methodology   4   2.1.   Task   Description   4   2.2.   Evaluation   Metrics   5   2.3.   Models   Used   6   2...", "module": "document_ingest", "function": "chunk_documents", "line": 121}
{"timestamp": "2025-07-08T09:39:11.353136", "level": "INFO", "logger": "backend.app.services.document_ingest", "message": "Document 6 preview: only   add   up.   The   expected   benefit   is   twofold:   by   focusing   on   additive   (positive)   contributions,   NMF   can   reduce   noise   from   arbitrary   sign   interactions,   and  ...", "module": "document_ingest", "function": "chunk_documents", "line": 121}
{"timestamp": "2025-07-08T09:39:11.353202", "level": "INFO", "logger": "backend.app.services.document_ingest", "message": "Document 2: content length = 2911 chars", "module": "document_ingest", "function": "chunk_documents", "line": 118}
{"timestamp": "2025-07-08T09:39:11.353282", "level": "INFO", "logger": "backend.app.services.document_ingest", "message": "Document 7: content length = 1980 chars", "module": "document_ingest", "function": "chunk_documents", "line": 118}
{"timestamp": "2025-07-08T09:39:11.353384", "level": "INFO", "logger": "backend.app.services.document_ingest", "message": "Document 2 preview: 1.   Introduction   Recommender   systems   play   a   central   role   in   modern   digital   platforms,   helping   users   discover   content,   products,   or   services   that   align   with   t...", "module": "document_ingest", "function": "chunk_documents", "line": 121}
{"timestamp": "2025-07-08T09:39:11.353437", "level": "INFO", "logger": "backend.app.services.document_ingest", "message": "Document 7 preview: data   from   sentiment.   We   expect   that   combining   these   approaches   will   yield   a   more   accurate   and   interpretable   book   recommender .   2.4.   Experiment   Setup   We   perf...", "module": "document_ingest", "function": "chunk_documents", "line": 121}
{"timestamp": "2025-07-08T09:39:11.353490", "level": "INFO", "logger": "backend.app.services.document_ingest", "message": "Document 3: content length = 2876 chars", "module": "document_ingest", "function": "chunk_documents", "line": 118}
{"timestamp": "2025-07-08T09:39:11.353553", "level": "INFO", "logger": "backend.app.services.document_ingest", "message": "Document 3 preview: publishedDate,   categories,   ratingsCount .   Additionally,   a   sent iment   score   is   computed   for   each   review   using   a   pre-trained   PyTorch   neural   network   model   that   ana...", "module": "document_ingest", "function": "chunk_documents", "line": 121}
{"timestamp": "2025-07-08T09:39:11.353651", "level": "INFO", "logger": "backend.app.services.document_ingest", "message": "Document 8: content length = 925 chars", "module": "document_ingest", "function": "chunk_documents", "line": 118}
{"timestamp": "2025-07-08T09:39:11.353781", "level": "INFO", "logger": "backend.app.services.document_ingest", "message": "Document 4: content length = 1215 chars", "module": "document_ingest", "function": "chunk_documents", "line": 118}
{"timestamp": "2025-07-08T09:39:11.353866", "level": "INFO", "logger": "backend.app.services.document_ingest", "message": "Document 8 preview: RMSE   0.766   0.7388   0.8388   0.8214   0.7193   Precision@1   0.7697   0.7629   0.6821   0.8357   0.8227   Recall@1   0.351   0.3451   0.2957   0.3968   0.3899   Precision@3   0.5802   0.5752   0.4...", "module": "document_ingest", "function": "chunk_documents", "line": 121}
{"timestamp": "2025-07-08T09:39:11.353943", "level": "INFO", "logger": "backend.app.services.document_ingest", "message": "Document 4 preview: 2.2.   Evaluation   Metrics   We   evaluate   both   prediction   accuracy   and   top- ranking   quality:   \u25cf   Root   Mean   Squar ed   Error   (RMSE):   Measures   the   accuracy   of   the   predi...", "module": "document_ingest", "function": "chunk_documents", "line": 121}
{"timestamp": "2025-07-08T09:39:11.354024", "level": "INFO", "logger": "backend.app.services.document_ingest", "message": "Document 9: content length = 999 chars", "module": "document_ingest", "function": "chunk_documents", "line": 118}
{"timestamp": "2025-07-08T09:39:11.354105", "level": "INFO", "logger": "backend.app.services.document_ingest", "message": "Document 5: content length = 3013 chars", "module": "document_ingest", "function": "chunk_documents", "line": 118}
{"timestamp": "2025-07-08T09:39:11.354212", "level": "INFO", "logger": "backend.app.services.document_ingest", "message": "Document 9 preview:   0   1   2   3   4   Model   SVD   SVD++   NMF   KNN-User   KNN-Item   RMSE   1.0411   1.0078   1.0864   1.0772   1.0076   Precision@1   0.2911   0.3295   0.3773   0.4175   0.4072   Recall@1   0.127 ...", "module": "document_ingest", "function": "chunk_documents", "line": 121}
{"timestamp": "2025-07-08T09:39:11.354308", "level": "INFO", "logger": "backend.app.services.document_ingest", "message": "Document 5 preview: We   report   precision@K   and   recall@K   for   .   In   summary ,   RMSE   assesses   rating   prediction   accuracy ,   while   Precision@K   and   Recall@K   measure   the   accuracy   and   com...", "module": "document_ingest", "function": "chunk_documents", "line": 121}
{"timestamp": "2025-07-08T09:39:11.354411", "level": "INFO", "logger": "backend.app.services.document_ingest", "message": "Document 10: content length = 78 chars", "module": "document_ingest", "function": "chunk_documents", "line": 118}
{"timestamp": "2025-07-08T09:39:11.354492", "level": "INFO", "logger": "backend.app.services.document_ingest", "message": "Document 6: content length = 3336 chars", "module": "document_ingest", "function": "chunk_documents", "line": 118}
{"timestamp": "2025-07-08T09:39:11.354577", "level": "INFO", "logger": "backend.app.services.document_ingest", "message": "Document 10 preview:       Figure   3.1.   Plots   of   a)   Precision@K   and   b)   Recall@K     ...", "module": "document_ingest", "function": "chunk_documents", "line": 121}
{"timestamp": "2025-07-08T09:39:11.354654", "level": "INFO", "logger": "backend.app.services.document_ingest", "message": "Document 6 preview: only   add   up.   The   expected   benefit   is   twofold:   by   focusing   on   additive   (positive)   contributions,   NMF   can   reduce   noise   from   arbitrary   sign   interactions,   and  ...", "module": "document_ingest", "function": "chunk_documents", "line": 121}
{"timestamp": "2025-07-08T09:39:11.354725", "level": "INFO", "logger": "backend.app.services.document_ingest", "message": "Document 11: content length = 1111 chars", "module": "document_ingest", "function": "chunk_documents", "line": 118}
{"timestamp": "2025-07-08T09:39:11.354809", "level": "INFO", "logger": "backend.app.services.document_ingest", "message": "Document 7: content length = 1980 chars", "module": "document_ingest", "function": "chunk_documents", "line": 118}
{"timestamp": "2025-07-08T09:39:11.354893", "level": "INFO", "logger": "backend.app.services.document_ingest", "message": "Document 11 preview:   Figure   3.1.   Sentiment   Adjusted   Plots   of   a)   Precision@K   and   b)   Recall@K   Tables   3.1   and   3.2   summarize   the   recommendation   accuracy   for   models   trained   on   or...", "module": "document_ingest", "function": "chunk_documents", "line": 121}
{"timestamp": "2025-07-08T09:39:11.354966", "level": "INFO", "logger": "backend.app.services.document_ingest", "message": "Document 7 preview: data   from   sentiment.   We   expect   that   combining   these   approaches   will   yield   a   more   accurate   and   interpretable   book   recommender .   2.4.   Experiment   Setup   We   perf...", "module": "document_ingest", "function": "chunk_documents", "line": 121}
{"timestamp": "2025-07-08T09:39:11.355043", "level": "INFO", "logger": "backend.app.services.document_ingest", "message": "Document 12: content length = 3324 chars", "module": "document_ingest", "function": "chunk_documents", "line": 118}
{"timestamp": "2025-07-08T09:39:11.355136", "level": "INFO", "logger": "backend.app.services.document_ingest", "message": "Document 8: content length = 925 chars", "module": "document_ingest", "function": "chunk_documents", "line": 118}
{"timestamp": "2025-07-08T09:39:11.355285", "level": "INFO", "logger": "backend.app.services.document_ingest", "message": "Document 12 preview: By   comparison,   training   on   sentiment-scaled   ratings   substantially   degrades   performance.   Table   3.2   shows   that   all   models   incur   much   higher   RMSE   (for   instance,   ...", "module": "document_ingest", "function": "chunk_documents", "line": 121}
{"timestamp": "2025-07-08T09:39:11.355385", "level": "INFO", "logger": "backend.app.services.document_ingest", "message": "Document 8 preview: RMSE   0.766   0.7388   0.8388   0.8214   0.7193   Precision@1   0.7697   0.7629   0.6821   0.8357   0.8227   Recall@1   0.351   0.3451   0.2957   0.3968   0.3899   Precision@3   0.5802   0.5752   0.4...", "module": "document_ingest", "function": "chunk_documents", "line": 121}
{"timestamp": "2025-07-08T09:39:11.355443", "level": "INFO", "logger": "backend.app.services.document_ingest", "message": "Document 13: content length = 2602 chars", "module": "document_ingest", "function": "chunk_documents", "line": 118}
{"timestamp": "2025-07-08T09:39:11.355490", "level": "INFO", "logger": "backend.app.services.document_ingest", "message": "Document 9: content length = 999 chars", "module": "document_ingest", "function": "chunk_documents", "line": 118}
{"timestamp": "2025-07-08T09:39:11.355551", "level": "INFO", "logger": "backend.app.services.document_ingest", "message": "Document 13 preview: between   ratings   and   sentiment   scores.   In   effect,   adding   sentiment   as   side   information   imposes   an   extra   constraint   on   the   model.   This   illustrates   the   classic...", "module": "document_ingest", "function": "chunk_documents", "line": 121}
{"timestamp": "2025-07-08T09:39:11.355622", "level": "INFO", "logger": "backend.app.services.document_ingest", "message": "Document 9 preview:   0   1   2   3   4   Model   SVD   SVD++   NMF   KNN-User   KNN-Item   RMSE   1.0411   1.0078   1.0864   1.0772   1.0076   Precision@1   0.2911   0.3295   0.3773   0.4175   0.4072   Recall@1   0.127 ...", "module": "document_ingest", "function": "chunk_documents", "line": 121}
{"timestamp": "2025-07-08T09:39:11.355679", "level": "INFO", "logger": "backend.app.services.document_ingest", "message": "Document 14: content length = 379 chars", "module": "document_ingest", "function": "chunk_documents", "line": 118}
{"timestamp": "2025-07-08T09:39:11.355729", "level": "INFO", "logger": "backend.app.services.document_ingest", "message": "Document 10: content length = 78 chars", "module": "document_ingest", "function": "chunk_documents", "line": 118}
{"timestamp": "2025-07-08T09:39:11.355768", "level": "INFO", "logger": "backend.app.services.document_ingest", "message": "Document 10 preview:       Figure   3.1.   Plots   of   a)   Precision@K   and   b)   Recall@K     ...", "module": "document_ingest", "function": "chunk_documents", "line": 121}
{"timestamp": "2025-07-08T09:39:11.355817", "level": "INFO", "logger": "backend.app.services.document_ingest", "message": "Document 14 preview: References   1.   Dang,   C.   N.,   Moreno-Garc\u00eda,   M.   N.,   &   Prieta,   F.   D.   L.   (2021).   An   approach   to   integrating   sentiment   analysis   into   recommender   systems.   Sensor...", "module": "document_ingest", "function": "chunk_documents", "line": 121}
{"timestamp": "2025-07-08T09:39:11.358981", "level": "INFO", "logger": "backend.app.services.document_ingest", "message": "Document 11: content length = 1111 chars", "module": "document_ingest", "function": "chunk_documents", "line": 118}
{"timestamp": "2025-07-08T09:39:11.359033", "level": "INFO", "logger": "backend.app.services.document_ingest", "message": "Document 11 preview:   Figure   3.1.   Sentiment   Adjusted   Plots   of   a)   Precision@K   and   b)   Recall@K   Tables   3.1   and   3.2   summarize   the   recommendation   accuracy   for   models   trained   on   or...", "module": "document_ingest", "function": "chunk_documents", "line": 121}
{"timestamp": "2025-07-08T09:39:11.359076", "level": "INFO", "logger": "backend.app.services.document_ingest", "message": "Document 12: content length = 3324 chars", "module": "document_ingest", "function": "chunk_documents", "line": 118}
{"timestamp": "2025-07-08T09:39:11.359168", "level": "INFO", "logger": "backend.app.services.document_ingest", "message": "Split 15 documents into 48 chunks with size=750, overlap=150", "module": "document_ingest", "function": "chunk_documents", "line": 141}
{"timestamp": "2025-07-08T09:39:11.359238", "level": "INFO", "logger": "backend.app.services.document_ingest", "message": "Chunk 0: length = 223 chars, metadata = {'source': 'Solo-report_1_bcb0d2fd.pdf', 'page': 0, 'source_path': '/Users/talgatbaktybekov/Desktop/rag_app/data/user_documents/1/Solo-report_1_bcb0d2fd.pdf', 'user_id': 1, 'document_id': 9}", "module": "document_ingest", "function": "chunk_documents", "line": 146}
{"timestamp": "2025-07-08T09:39:11.359364", "level": "INFO", "logger": "backend.app.services.document_ingest", "message": "Chunk 1: length = 345 chars, metadata = {'source': 'Solo-report_1_bcb0d2fd.pdf', 'page': 1, 'source_path': '/Users/talgatbaktybekov/Desktop/rag_app/data/user_documents/1/Solo-report_1_bcb0d2fd.pdf', 'user_id': 1, 'document_id': 9}", "module": "document_ingest", "function": "chunk_documents", "line": 146}
{"timestamp": "2025-07-08T09:39:11.359427", "level": "INFO", "logger": "backend.app.services.document_ingest", "message": "Document 12 preview: By   comparison,   training   on   sentiment-scaled   ratings   substantially   degrades   performance.   Table   3.2   shows   that   all   models   incur   much   higher   RMSE   (for   instance,   ...", "module": "document_ingest", "function": "chunk_documents", "line": 121}
{"timestamp": "2025-07-08T09:39:11.359572", "level": "INFO", "logger": "backend.app.services.document_ingest", "message": "Chunk 2: length = 745 chars, metadata = {'source': 'Solo-report_1_bcb0d2fd.pdf', 'page': 2, 'source_path': '/Users/talgatbaktybekov/Desktop/rag_app/data/user_documents/1/Solo-report_1_bcb0d2fd.pdf', 'user_id': 1, 'document_id': 9}", "module": "document_ingest", "function": "chunk_documents", "line": 146}
{"timestamp": "2025-07-08T09:39:11.360525", "level": "INFO", "logger": "backend.app.services.document_ingest", "message": "Document 13: content length = 2602 chars", "module": "document_ingest", "function": "chunk_documents", "line": 118}
{"timestamp": "2025-07-08T09:39:11.361365", "level": "INFO", "logger": "backend.app.services.document_ingest", "message": "Document 13 preview: between   ratings   and   sentiment   scores.   In   effect,   adding   sentiment   as   side   information   imposes   an   extra   constraint   on   the   model.   This   illustrates   the   classic...", "module": "document_ingest", "function": "chunk_documents", "line": 121}
{"timestamp": "2025-07-08T09:39:11.361446", "level": "INFO", "logger": "backend.app.services.document_ingest", "message": "Document 14: content length = 379 chars", "module": "document_ingest", "function": "chunk_documents", "line": 118}
{"timestamp": "2025-07-08T09:39:11.361539", "level": "INFO", "logger": "backend.app.services.document_ingest", "message": "Document 14 preview: References   1.   Dang,   C.   N.,   Moreno-Garc\u00eda,   M.   N.,   &   Prieta,   F.   D.   L.   (2021).   An   approach   to   integrating   sentiment   analysis   into   recommender   systems.   Sensor...", "module": "document_ingest", "function": "chunk_documents", "line": 121}
{"timestamp": "2025-07-08T09:39:11.365060", "level": "INFO", "logger": "backend.app.services.document_ingest", "message": "Split 15 documents into 48 chunks with size=750, overlap=150", "module": "document_ingest", "function": "chunk_documents", "line": 141}
{"timestamp": "2025-07-08T09:39:11.365389", "level": "INFO", "logger": "backend.app.services.document_ingest", "message": "Chunk 0: length = 223 chars, metadata = {'source': 'Solo-report_1_bcb0d2fd.pdf', 'page': 0, 'source_path': '/Users/talgatbaktybekov/Desktop/rag_app/data/user_documents/1/Solo-report_1_bcb0d2fd.pdf', 'user_id': 1, 'document_id': 9}", "module": "document_ingest", "function": "chunk_documents", "line": 146}
{"timestamp": "2025-07-08T09:39:11.365502", "level": "INFO", "logger": "backend.app.services.document_ingest", "message": "Chunk 1: length = 345 chars, metadata = {'source': 'Solo-report_1_bcb0d2fd.pdf', 'page': 1, 'source_path': '/Users/talgatbaktybekov/Desktop/rag_app/data/user_documents/1/Solo-report_1_bcb0d2fd.pdf', 'user_id': 1, 'document_id': 9}", "module": "document_ingest", "function": "chunk_documents", "line": 146}
{"timestamp": "2025-07-08T09:39:11.365650", "level": "INFO", "logger": "backend.app.services.document_ingest", "message": "Chunk 2: length = 745 chars, metadata = {'source': 'Solo-report_1_bcb0d2fd.pdf', 'page': 2, 'source_path': '/Users/talgatbaktybekov/Desktop/rag_app/data/user_documents/1/Solo-report_1_bcb0d2fd.pdf', 'user_id': 1, 'document_id': 9}", "module": "document_ingest", "function": "chunk_documents", "line": 146}
{"timestamp": "2025-07-08T09:48:26.906497", "level": "INFO", "logger": "backend.app.services.document_ingest", "message": "Deleted 96 chunks for document_id 9", "module": "document_ingest", "function": "delete_document_from_vectorstore", "line": 393}
{"timestamp": "2025-07-08T09:48:38.938006", "level": "INFO", "logger": "backend.app.api.routes_document", "message": "Successfully uploaded file: Solo-report_1_bcb0d2fd.pdf", "module": "routes_document", "function": "upload_user_documents", "line": 155}
{"timestamp": "2025-07-08T09:48:39.441277", "level": "INFO", "logger": "backend.app.services.document_ingest", "message": "Loaded 15 pages from Solo-report_1_bcb0d2fd.pdf", "module": "document_ingest", "function": "load_documents_from_pdfs", "line": 75}
{"timestamp": "2025-07-08T09:48:39.450862", "level": "INFO", "logger": "backend.app.services.document_ingest", "message": "Loaded 15 pages from Solo-report_1_bcb0d2fd.pdf", "module": "document_ingest", "function": "load_documents_from_pdfs", "line": 75}
{"timestamp": "2025-07-08T09:48:39.450956", "level": "INFO", "logger": "backend.app.services.document_ingest", "message": "Document 0: content length = 234 chars", "module": "document_ingest", "function": "chunk_documents", "line": 118}
{"timestamp": "2025-07-08T09:48:39.451012", "level": "INFO", "logger": "backend.app.services.document_ingest", "message": "Document 0: content length = 234 chars", "module": "document_ingest", "function": "chunk_documents", "line": 118}
{"timestamp": "2025-07-08T09:48:39.451106", "level": "INFO", "logger": "backend.app.services.document_ingest", "message": "Document 0 preview:       SDSC3002   Data   Mining     Book   Recommendation   System   Using   Collaborative   Filtering   Methods   Incorporating   Review   Sentiment   Scores           Team   \u201cSolo\u201d   Members:   BAKTY...", "module": "document_ingest", "function": "chunk_documents", "line": 121}
{"timestamp": "2025-07-08T09:48:39.451191", "level": "INFO", "logger": "backend.app.services.document_ingest", "message": "Document 1: content length = 349 chars", "module": "document_ingest", "function": "chunk_documents", "line": 118}
{"timestamp": "2025-07-08T09:48:39.451248", "level": "INFO", "logger": "backend.app.services.document_ingest", "message": "Document 0 preview:       SDSC3002   Data   Mining     Book   Recommendation   System   Using   Collaborative   Filtering   Methods   Incorporating   Review   Sentiment   Scores           Team   \u201cSolo\u201d   Members:   BAKTY...", "module": "document_ingest", "function": "chunk_documents", "line": 121}
{"timestamp": "2025-07-08T09:48:39.451351", "level": "INFO", "logger": "backend.app.services.document_ingest", "message": "Document 1 preview: Table   of   Contents   1.   Introduction   3   1.1.   Dataset   description   3   2.   Methodology   4   2.1.   Task   Description   4   2.2.   Evaluation   Metrics   5   2.3.   Models   Used   6   2...", "module": "document_ingest", "function": "chunk_documents", "line": 121}
{"timestamp": "2025-07-08T09:48:39.451435", "level": "INFO", "logger": "backend.app.services.document_ingest", "message": "Document 1: content length = 349 chars", "module": "document_ingest", "function": "chunk_documents", "line": 118}
{"timestamp": "2025-07-08T09:48:39.451489", "level": "INFO", "logger": "backend.app.services.document_ingest", "message": "Document 2: content length = 2911 chars", "module": "document_ingest", "function": "chunk_documents", "line": 118}
{"timestamp": "2025-07-08T09:48:39.451548", "level": "INFO", "logger": "backend.app.services.document_ingest", "message": "Document 1 preview: Table   of   Contents   1.   Introduction   3   1.1.   Dataset   description   3   2.   Methodology   4   2.1.   Task   Description   4   2.2.   Evaluation   Metrics   5   2.3.   Models   Used   6   2...", "module": "document_ingest", "function": "chunk_documents", "line": 121}
{"timestamp": "2025-07-08T09:48:39.451613", "level": "INFO", "logger": "backend.app.services.document_ingest", "message": "Document 2 preview: 1.   Introduction   Recommender   systems   play   a   central   role   in   modern   digital   platforms,   helping   users   discover   content,   products,   or   services   that   align   with   t...", "module": "document_ingest", "function": "chunk_documents", "line": 121}
{"timestamp": "2025-07-08T09:48:39.451675", "level": "INFO", "logger": "backend.app.services.document_ingest", "message": "Document 2: content length = 2911 chars", "module": "document_ingest", "function": "chunk_documents", "line": 118}
{"timestamp": "2025-07-08T09:48:39.451736", "level": "INFO", "logger": "backend.app.services.document_ingest", "message": "Document 3: content length = 2876 chars", "module": "document_ingest", "function": "chunk_documents", "line": 118}
{"timestamp": "2025-07-08T09:48:39.451814", "level": "INFO", "logger": "backend.app.services.document_ingest", "message": "Document 3 preview: publishedDate,   categories,   ratingsCount .   Additionally,   a   sent iment   score   is   computed   for   each   review   using   a   pre-trained   PyTorch   neural   network   model   that   ana...", "module": "document_ingest", "function": "chunk_documents", "line": 121}
{"timestamp": "2025-07-08T09:48:39.451869", "level": "INFO", "logger": "backend.app.services.document_ingest", "message": "Document 2 preview: 1.   Introduction   Recommender   systems   play   a   central   role   in   modern   digital   platforms,   helping   users   discover   content,   products,   or   services   that   align   with   t...", "module": "document_ingest", "function": "chunk_documents", "line": 121}
{"timestamp": "2025-07-08T09:48:39.451934", "level": "INFO", "logger": "backend.app.services.document_ingest", "message": "Document 4: content length = 1215 chars", "module": "document_ingest", "function": "chunk_documents", "line": 118}
{"timestamp": "2025-07-08T09:48:39.451983", "level": "INFO", "logger": "backend.app.services.document_ingest", "message": "Document 3: content length = 2876 chars", "module": "document_ingest", "function": "chunk_documents", "line": 118}
{"timestamp": "2025-07-08T09:48:39.452028", "level": "INFO", "logger": "backend.app.services.document_ingest", "message": "Document 4 preview: 2.2.   Evaluation   Metrics   We   evaluate   both   prediction   accuracy   and   top- ranking   quality:   \u25cf   Root   Mean   Squar ed   Error   (RMSE):   Measures   the   accuracy   of   the   predi...", "module": "document_ingest", "function": "chunk_documents", "line": 121}
{"timestamp": "2025-07-08T09:48:39.452077", "level": "INFO", "logger": "backend.app.services.document_ingest", "message": "Document 3 preview: publishedDate,   categories,   ratingsCount .   Additionally,   a   sent iment   score   is   computed   for   each   review   using   a   pre-trained   PyTorch   neural   network   model   that   ana...", "module": "document_ingest", "function": "chunk_documents", "line": 121}
{"timestamp": "2025-07-08T09:48:39.452115", "level": "INFO", "logger": "backend.app.services.document_ingest", "message": "Document 5: content length = 3013 chars", "module": "document_ingest", "function": "chunk_documents", "line": 118}
{"timestamp": "2025-07-08T09:48:39.452158", "level": "INFO", "logger": "backend.app.services.document_ingest", "message": "Document 4: content length = 1215 chars", "module": "document_ingest", "function": "chunk_documents", "line": 118}
{"timestamp": "2025-07-08T09:48:39.452213", "level": "INFO", "logger": "backend.app.services.document_ingest", "message": "Document 5 preview: We   report   precision@K   and   recall@K   for   .   In   summary ,   RMSE   assesses   rating   prediction   accuracy ,   while   Precision@K   and   Recall@K   measure   the   accuracy   and   com...", "module": "document_ingest", "function": "chunk_documents", "line": 121}
{"timestamp": "2025-07-08T09:48:39.452267", "level": "INFO", "logger": "backend.app.services.document_ingest", "message": "Document 4 preview: 2.2.   Evaluation   Metrics   We   evaluate   both   prediction   accuracy   and   top- ranking   quality:   \u25cf   Root   Mean   Squar ed   Error   (RMSE):   Measures   the   accuracy   of   the   predi...", "module": "document_ingest", "function": "chunk_documents", "line": 121}
{"timestamp": "2025-07-08T09:48:39.452333", "level": "INFO", "logger": "backend.app.services.document_ingest", "message": "Document 5: content length = 3013 chars", "module": "document_ingest", "function": "chunk_documents", "line": 118}
{"timestamp": "2025-07-08T09:48:39.452402", "level": "INFO", "logger": "backend.app.services.document_ingest", "message": "Document 5 preview: We   report   precision@K   and   recall@K   for   .   In   summary ,   RMSE   assesses   rating   prediction   accuracy ,   while   Precision@K   and   Recall@K   measure   the   accuracy   and   com...", "module": "document_ingest", "function": "chunk_documents", "line": 121}
{"timestamp": "2025-07-08T09:48:39.452458", "level": "INFO", "logger": "backend.app.services.document_ingest", "message": "Document 6: content length = 3336 chars", "module": "document_ingest", "function": "chunk_documents", "line": 118}
{"timestamp": "2025-07-08T09:48:39.452517", "level": "INFO", "logger": "backend.app.services.document_ingest", "message": "Document 6: content length = 3336 chars", "module": "document_ingest", "function": "chunk_documents", "line": 118}
{"timestamp": "2025-07-08T09:48:39.452559", "level": "INFO", "logger": "backend.app.services.document_ingest", "message": "Document 6 preview: only   add   up.   The   expected   benefit   is   twofold:   by   focusing   on   additive   (positive)   contributions,   NMF   can   reduce   noise   from   arbitrary   sign   interactions,   and  ...", "module": "document_ingest", "function": "chunk_documents", "line": 121}
{"timestamp": "2025-07-08T09:48:39.452609", "level": "INFO", "logger": "backend.app.services.document_ingest", "message": "Document 6 preview: only   add   up.   The   expected   benefit   is   twofold:   by   focusing   on   additive   (positive)   contributions,   NMF   can   reduce   noise   from   arbitrary   sign   interactions,   and  ...", "module": "document_ingest", "function": "chunk_documents", "line": 121}
{"timestamp": "2025-07-08T09:48:39.452666", "level": "INFO", "logger": "backend.app.services.document_ingest", "message": "Document 7: content length = 1980 chars", "module": "document_ingest", "function": "chunk_documents", "line": 118}
{"timestamp": "2025-07-08T09:48:39.452709", "level": "INFO", "logger": "backend.app.services.document_ingest", "message": "Document 7: content length = 1980 chars", "module": "document_ingest", "function": "chunk_documents", "line": 118}
{"timestamp": "2025-07-08T09:48:39.452753", "level": "INFO", "logger": "backend.app.services.document_ingest", "message": "Document 7 preview: data   from   sentiment.   We   expect   that   combining   these   approaches   will   yield   a   more   accurate   and   interpretable   book   recommender .   2.4.   Experiment   Setup   We   perf...", "module": "document_ingest", "function": "chunk_documents", "line": 121}
{"timestamp": "2025-07-08T09:48:39.452800", "level": "INFO", "logger": "backend.app.services.document_ingest", "message": "Document 7 preview: data   from   sentiment.   We   expect   that   combining   these   approaches   will   yield   a   more   accurate   and   interpretable   book   recommender .   2.4.   Experiment   Setup   We   perf...", "module": "document_ingest", "function": "chunk_documents", "line": 121}
{"timestamp": "2025-07-08T09:48:39.452848", "level": "INFO", "logger": "backend.app.services.document_ingest", "message": "Document 8: content length = 925 chars", "module": "document_ingest", "function": "chunk_documents", "line": 118}
{"timestamp": "2025-07-08T09:48:39.452905", "level": "INFO", "logger": "backend.app.services.document_ingest", "message": "Document 8: content length = 925 chars", "module": "document_ingest", "function": "chunk_documents", "line": 118}
{"timestamp": "2025-07-08T09:48:39.452979", "level": "INFO", "logger": "backend.app.services.document_ingest", "message": "Document 8 preview: RMSE   0.766   0.7388   0.8388   0.8214   0.7193   Precision@1   0.7697   0.7629   0.6821   0.8357   0.8227   Recall@1   0.351   0.3451   0.2957   0.3968   0.3899   Precision@3   0.5802   0.5752   0.4...", "module": "document_ingest", "function": "chunk_documents", "line": 121}
{"timestamp": "2025-07-08T09:48:39.453070", "level": "INFO", "logger": "backend.app.services.document_ingest", "message": "Document 8 preview: RMSE   0.766   0.7388   0.8388   0.8214   0.7193   Precision@1   0.7697   0.7629   0.6821   0.8357   0.8227   Recall@1   0.351   0.3451   0.2957   0.3968   0.3899   Precision@3   0.5802   0.5752   0.4...", "module": "document_ingest", "function": "chunk_documents", "line": 121}
{"timestamp": "2025-07-08T09:48:39.453141", "level": "INFO", "logger": "backend.app.services.document_ingest", "message": "Document 9: content length = 999 chars", "module": "document_ingest", "function": "chunk_documents", "line": 118}
{"timestamp": "2025-07-08T09:48:39.453199", "level": "INFO", "logger": "backend.app.services.document_ingest", "message": "Document 9: content length = 999 chars", "module": "document_ingest", "function": "chunk_documents", "line": 118}
{"timestamp": "2025-07-08T09:48:39.453257", "level": "INFO", "logger": "backend.app.services.document_ingest", "message": "Document 9 preview:   0   1   2   3   4   Model   SVD   SVD++   NMF   KNN-User   KNN-Item   RMSE   1.0411   1.0078   1.0864   1.0772   1.0076   Precision@1   0.2911   0.3295   0.3773   0.4175   0.4072   Recall@1   0.127 ...", "module": "document_ingest", "function": "chunk_documents", "line": 121}
{"timestamp": "2025-07-08T09:48:39.453305", "level": "INFO", "logger": "backend.app.services.document_ingest", "message": "Document 9 preview:   0   1   2   3   4   Model   SVD   SVD++   NMF   KNN-User   KNN-Item   RMSE   1.0411   1.0078   1.0864   1.0772   1.0076   Precision@1   0.2911   0.3295   0.3773   0.4175   0.4072   Recall@1   0.127 ...", "module": "document_ingest", "function": "chunk_documents", "line": 121}
{"timestamp": "2025-07-08T09:48:39.453363", "level": "INFO", "logger": "backend.app.services.document_ingest", "message": "Document 10: content length = 78 chars", "module": "document_ingest", "function": "chunk_documents", "line": 118}
{"timestamp": "2025-07-08T09:48:39.453414", "level": "INFO", "logger": "backend.app.services.document_ingest", "message": "Document 10: content length = 78 chars", "module": "document_ingest", "function": "chunk_documents", "line": 118}
{"timestamp": "2025-07-08T09:48:39.453466", "level": "INFO", "logger": "backend.app.services.document_ingest", "message": "Document 10 preview:       Figure   3.1.   Plots   of   a)   Precision@K   and   b)   Recall@K     ...", "module": "document_ingest", "function": "chunk_documents", "line": 121}
{"timestamp": "2025-07-08T09:48:39.453511", "level": "INFO", "logger": "backend.app.services.document_ingest", "message": "Document 10 preview:       Figure   3.1.   Plots   of   a)   Precision@K   and   b)   Recall@K     ...", "module": "document_ingest", "function": "chunk_documents", "line": 121}
{"timestamp": "2025-07-08T09:48:39.453556", "level": "INFO", "logger": "backend.app.services.document_ingest", "message": "Document 11: content length = 1111 chars", "module": "document_ingest", "function": "chunk_documents", "line": 118}
{"timestamp": "2025-07-08T09:48:39.453603", "level": "INFO", "logger": "backend.app.services.document_ingest", "message": "Document 11: content length = 1111 chars", "module": "document_ingest", "function": "chunk_documents", "line": 118}
{"timestamp": "2025-07-08T09:48:39.453697", "level": "INFO", "logger": "backend.app.services.document_ingest", "message": "Document 11 preview:   Figure   3.1.   Sentiment   Adjusted   Plots   of   a)   Precision@K   and   b)   Recall@K   Tables   3.1   and   3.2   summarize   the   recommendation   accuracy   for   models   trained   on   or...", "module": "document_ingest", "function": "chunk_documents", "line": 121}
{"timestamp": "2025-07-08T09:48:39.453743", "level": "INFO", "logger": "backend.app.services.document_ingest", "message": "Document 11 preview:   Figure   3.1.   Sentiment   Adjusted   Plots   of   a)   Precision@K   and   b)   Recall@K   Tables   3.1   and   3.2   summarize   the   recommendation   accuracy   for   models   trained   on   or...", "module": "document_ingest", "function": "chunk_documents", "line": 121}
{"timestamp": "2025-07-08T09:48:39.453780", "level": "INFO", "logger": "backend.app.services.document_ingest", "message": "Document 12: content length = 3324 chars", "module": "document_ingest", "function": "chunk_documents", "line": 118}
{"timestamp": "2025-07-08T09:48:39.453827", "level": "INFO", "logger": "backend.app.services.document_ingest", "message": "Document 12: content length = 3324 chars", "module": "document_ingest", "function": "chunk_documents", "line": 118}
{"timestamp": "2025-07-08T09:48:39.453934", "level": "INFO", "logger": "backend.app.services.document_ingest", "message": "Document 12 preview: By   comparison,   training   on   sentiment-scaled   ratings   substantially   degrades   performance.   Table   3.2   shows   that   all   models   incur   much   higher   RMSE   (for   instance,   ...", "module": "document_ingest", "function": "chunk_documents", "line": 121}
{"timestamp": "2025-07-08T09:48:39.454056", "level": "INFO", "logger": "backend.app.services.document_ingest", "message": "Document 12 preview: By   comparison,   training   on   sentiment-scaled   ratings   substantially   degrades   performance.   Table   3.2   shows   that   all   models   incur   much   higher   RMSE   (for   instance,   ...", "module": "document_ingest", "function": "chunk_documents", "line": 121}
{"timestamp": "2025-07-08T09:48:39.454146", "level": "INFO", "logger": "backend.app.services.document_ingest", "message": "Document 13: content length = 2602 chars", "module": "document_ingest", "function": "chunk_documents", "line": 118}
{"timestamp": "2025-07-08T09:48:39.454208", "level": "INFO", "logger": "backend.app.services.document_ingest", "message": "Document 13 preview: between   ratings   and   sentiment   scores.   In   effect,   adding   sentiment   as   side   information   imposes   an   extra   constraint   on   the   model.   This   illustrates   the   classic...", "module": "document_ingest", "function": "chunk_documents", "line": 121}
{"timestamp": "2025-07-08T09:48:39.454266", "level": "INFO", "logger": "backend.app.services.document_ingest", "message": "Document 14: content length = 379 chars", "module": "document_ingest", "function": "chunk_documents", "line": 118}
{"timestamp": "2025-07-08T09:48:39.454314", "level": "INFO", "logger": "backend.app.services.document_ingest", "message": "Document 13: content length = 2602 chars", "module": "document_ingest", "function": "chunk_documents", "line": 118}
{"timestamp": "2025-07-08T09:48:39.454376", "level": "INFO", "logger": "backend.app.services.document_ingest", "message": "Document 14 preview: References   1.   Dang,   C.   N.,   Moreno-Garc\u00eda,   M.   N.,   &   Prieta,   F.   D.   L.   (2021).   An   approach   to   integrating   sentiment   analysis   into   recommender   systems.   Sensor...", "module": "document_ingest", "function": "chunk_documents", "line": 121}
{"timestamp": "2025-07-08T09:48:39.457459", "level": "INFO", "logger": "backend.app.services.document_ingest", "message": "Document 13 preview: between   ratings   and   sentiment   scores.   In   effect,   adding   sentiment   as   side   information   imposes   an   extra   constraint   on   the   model.   This   illustrates   the   classic...", "module": "document_ingest", "function": "chunk_documents", "line": 121}
{"timestamp": "2025-07-08T09:48:39.457578", "level": "INFO", "logger": "backend.app.services.document_ingest", "message": "Document 14: content length = 379 chars", "module": "document_ingest", "function": "chunk_documents", "line": 118}
{"timestamp": "2025-07-08T09:48:39.457711", "level": "INFO", "logger": "backend.app.services.document_ingest", "message": "Split 15 documents into 48 chunks with size=750, overlap=150", "module": "document_ingest", "function": "chunk_documents", "line": 141}
{"timestamp": "2025-07-08T09:48:39.457789", "level": "INFO", "logger": "backend.app.services.document_ingest", "message": "Document 14 preview: References   1.   Dang,   C.   N.,   Moreno-Garc\u00eda,   M.   N.,   &   Prieta,   F.   D.   L.   (2021).   An   approach   to   integrating   sentiment   analysis   into   recommender   systems.   Sensor...", "module": "document_ingest", "function": "chunk_documents", "line": 121}
{"timestamp": "2025-07-08T09:48:39.460886", "level": "INFO", "logger": "backend.app.services.document_ingest", "message": "Chunk 0: length = 223 chars, metadata = {'source': 'Solo-report_1_bcb0d2fd.pdf', 'page': 0, 'source_path': '/Users/talgatbaktybekov/Desktop/rag_app/data/user_documents/1/Solo-report_1_bcb0d2fd.pdf', 'user_id': 1, 'document_id': 10}", "module": "document_ingest", "function": "chunk_documents", "line": 146}
{"timestamp": "2025-07-08T09:48:39.460973", "level": "INFO", "logger": "backend.app.services.document_ingest", "message": "Split 15 documents into 48 chunks with size=750, overlap=150", "module": "document_ingest", "function": "chunk_documents", "line": 141}
{"timestamp": "2025-07-08T09:48:39.461031", "level": "INFO", "logger": "backend.app.services.document_ingest", "message": "Chunk 1: length = 345 chars, metadata = {'source': 'Solo-report_1_bcb0d2fd.pdf', 'page': 1, 'source_path': '/Users/talgatbaktybekov/Desktop/rag_app/data/user_documents/1/Solo-report_1_bcb0d2fd.pdf', 'user_id': 1, 'document_id': 10}", "module": "document_ingest", "function": "chunk_documents", "line": 146}
{"timestamp": "2025-07-08T09:48:39.461102", "level": "INFO", "logger": "backend.app.services.document_ingest", "message": "Chunk 0: length = 223 chars, metadata = {'source': 'Solo-report_1_bcb0d2fd.pdf', 'page': 0, 'source_path': '/Users/talgatbaktybekov/Desktop/rag_app/data/user_documents/1/Solo-report_1_bcb0d2fd.pdf', 'user_id': 1, 'document_id': 10}", "module": "document_ingest", "function": "chunk_documents", "line": 146}
{"timestamp": "2025-07-08T09:48:39.461207", "level": "INFO", "logger": "backend.app.services.document_ingest", "message": "Chunk 2: length = 745 chars, metadata = {'source': 'Solo-report_1_bcb0d2fd.pdf', 'page': 2, 'source_path': '/Users/talgatbaktybekov/Desktop/rag_app/data/user_documents/1/Solo-report_1_bcb0d2fd.pdf', 'user_id': 1, 'document_id': 10}", "module": "document_ingest", "function": "chunk_documents", "line": 146}
{"timestamp": "2025-07-08T09:48:39.461919", "level": "INFO", "logger": "backend.app.services.document_ingest", "message": "Chunk 1: length = 345 chars, metadata = {'source': 'Solo-report_1_bcb0d2fd.pdf', 'page': 1, 'source_path': '/Users/talgatbaktybekov/Desktop/rag_app/data/user_documents/1/Solo-report_1_bcb0d2fd.pdf', 'user_id': 1, 'document_id': 10}", "module": "document_ingest", "function": "chunk_documents", "line": 146}
{"timestamp": "2025-07-08T09:48:39.462024", "level": "INFO", "logger": "backend.app.services.document_ingest", "message": "Chunk 2: length = 745 chars, metadata = {'source': 'Solo-report_1_bcb0d2fd.pdf', 'page': 2, 'source_path': '/Users/talgatbaktybekov/Desktop/rag_app/data/user_documents/1/Solo-report_1_bcb0d2fd.pdf', 'user_id': 1, 'document_id': 10}", "module": "document_ingest", "function": "chunk_documents", "line": 146}
{"timestamp": "2025-07-08T09:48:51.887309", "level": "INFO", "logger": "backend.app.services.document_ingest", "message": "Deleted 96 chunks for document_id 10", "module": "document_ingest", "function": "delete_document_from_vectorstore", "line": 393}
{"timestamp": "2025-07-08T09:49:01.737867", "level": "INFO", "logger": "backend.app.api.routes_document", "message": "Successfully uploaded file: Solo-report_1_bcb0d2fd.pdf", "module": "routes_document", "function": "upload_user_documents", "line": 155}
{"timestamp": "2025-07-08T09:49:02.210104", "level": "INFO", "logger": "backend.app.services.document_ingest", "message": "Loaded 15 pages from Solo-report_1_bcb0d2fd.pdf", "module": "document_ingest", "function": "load_documents_from_pdfs", "line": 75}
{"timestamp": "2025-07-08T09:49:02.228818", "level": "INFO", "logger": "backend.app.services.document_ingest", "message": "Document 0: content length = 234 chars", "module": "document_ingest", "function": "chunk_documents", "line": 118}
{"timestamp": "2025-07-08T09:49:02.285524", "level": "INFO", "logger": "backend.app.services.document_ingest", "message": "Document 0 preview:       SDSC3002   Data   Mining     Book   Recommendation   System   Using   Collaborative   Filtering   Methods   Incorporating   Review   Sentiment   Scores           Team   \u201cSolo\u201d   Members:   BAKTY...", "module": "document_ingest", "function": "chunk_documents", "line": 121}
{"timestamp": "2025-07-08T09:49:02.292339", "level": "INFO", "logger": "backend.app.services.document_ingest", "message": "Document 1: content length = 349 chars", "module": "document_ingest", "function": "chunk_documents", "line": 118}
{"timestamp": "2025-07-08T09:49:02.296938", "level": "INFO", "logger": "backend.app.services.document_ingest", "message": "Document 1 preview: Table   of   Contents   1.   Introduction   3   1.1.   Dataset   description   3   2.   Methodology   4   2.1.   Task   Description   4   2.2.   Evaluation   Metrics   5   2.3.   Models   Used   6   2...", "module": "document_ingest", "function": "chunk_documents", "line": 121}
{"timestamp": "2025-07-08T09:49:02.296993", "level": "INFO", "logger": "backend.app.services.document_ingest", "message": "Loaded 15 pages from Solo-report_1_bcb0d2fd.pdf", "module": "document_ingest", "function": "load_documents_from_pdfs", "line": 75}
{"timestamp": "2025-07-08T09:49:02.297060", "level": "INFO", "logger": "backend.app.services.document_ingest", "message": "Document 2: content length = 2911 chars", "module": "document_ingest", "function": "chunk_documents", "line": 118}
{"timestamp": "2025-07-08T09:49:02.297175", "level": "INFO", "logger": "backend.app.services.document_ingest", "message": "Document 0: content length = 234 chars", "module": "document_ingest", "function": "chunk_documents", "line": 118}
{"timestamp": "2025-07-08T09:49:02.297231", "level": "INFO", "logger": "backend.app.services.document_ingest", "message": "Document 0 preview:       SDSC3002   Data   Mining     Book   Recommendation   System   Using   Collaborative   Filtering   Methods   Incorporating   Review   Sentiment   Scores           Team   \u201cSolo\u201d   Members:   BAKTY...", "module": "document_ingest", "function": "chunk_documents", "line": 121}
{"timestamp": "2025-07-08T09:49:02.297272", "level": "INFO", "logger": "backend.app.services.document_ingest", "message": "Document 1: content length = 349 chars", "module": "document_ingest", "function": "chunk_documents", "line": 118}
{"timestamp": "2025-07-08T09:49:02.297345", "level": "INFO", "logger": "backend.app.services.document_ingest", "message": "Document 2 preview: 1.   Introduction   Recommender   systems   play   a   central   role   in   modern   digital   platforms,   helping   users   discover   content,   products,   or   services   that   align   with   t...", "module": "document_ingest", "function": "chunk_documents", "line": 121}
{"timestamp": "2025-07-08T09:49:02.297514", "level": "INFO", "logger": "backend.app.services.document_ingest", "message": "Document 1 preview: Table   of   Contents   1.   Introduction   3   1.1.   Dataset   description   3   2.   Methodology   4   2.1.   Task   Description   4   2.2.   Evaluation   Metrics   5   2.3.   Models   Used   6   2...", "module": "document_ingest", "function": "chunk_documents", "line": 121}
{"timestamp": "2025-07-08T09:49:02.297646", "level": "INFO", "logger": "backend.app.services.document_ingest", "message": "Document 3: content length = 2876 chars", "module": "document_ingest", "function": "chunk_documents", "line": 118}
{"timestamp": "2025-07-08T09:49:02.297731", "level": "INFO", "logger": "backend.app.services.document_ingest", "message": "Document 2: content length = 2911 chars", "module": "document_ingest", "function": "chunk_documents", "line": 118}
{"timestamp": "2025-07-08T09:49:02.297841", "level": "INFO", "logger": "backend.app.services.document_ingest", "message": "Document 3 preview: publishedDate,   categories,   ratingsCount .   Additionally,   a   sent iment   score   is   computed   for   each   review   using   a   pre-trained   PyTorch   neural   network   model   that   ana...", "module": "document_ingest", "function": "chunk_documents", "line": 121}
{"timestamp": "2025-07-08T09:49:02.297979", "level": "INFO", "logger": "backend.app.services.document_ingest", "message": "Document 2 preview: 1.   Introduction   Recommender   systems   play   a   central   role   in   modern   digital   platforms,   helping   users   discover   content,   products,   or   services   that   align   with   t...", "module": "document_ingest", "function": "chunk_documents", "line": 121}
{"timestamp": "2025-07-08T09:49:02.298052", "level": "INFO", "logger": "backend.app.services.document_ingest", "message": "Document 4: content length = 1215 chars", "module": "document_ingest", "function": "chunk_documents", "line": 118}
{"timestamp": "2025-07-08T09:49:02.298093", "level": "INFO", "logger": "backend.app.services.document_ingest", "message": "Document 4 preview: 2.2.   Evaluation   Metrics   We   evaluate   both   prediction   accuracy   and   top- ranking   quality:   \u25cf   Root   Mean   Squar ed   Error   (RMSE):   Measures   the   accuracy   of   the   predi...", "module": "document_ingest", "function": "chunk_documents", "line": 121}
{"timestamp": "2025-07-08T09:49:02.298263", "level": "INFO", "logger": "backend.app.services.document_ingest", "message": "Document 3: content length = 2876 chars", "module": "document_ingest", "function": "chunk_documents", "line": 118}
{"timestamp": "2025-07-08T09:49:02.298344", "level": "INFO", "logger": "backend.app.services.document_ingest", "message": "Document 5: content length = 3013 chars", "module": "document_ingest", "function": "chunk_documents", "line": 118}
{"timestamp": "2025-07-08T09:49:02.298440", "level": "INFO", "logger": "backend.app.services.document_ingest", "message": "Document 3 preview: publishedDate,   categories,   ratingsCount .   Additionally,   a   sent iment   score   is   computed   for   each   review   using   a   pre-trained   PyTorch   neural   network   model   that   ana...", "module": "document_ingest", "function": "chunk_documents", "line": 121}
{"timestamp": "2025-07-08T09:49:02.298508", "level": "INFO", "logger": "backend.app.services.document_ingest", "message": "Document 5 preview: We   report   precision@K   and   recall@K   for   .   In   summary ,   RMSE   assesses   rating   prediction   accuracy ,   while   Precision@K   and   Recall@K   measure   the   accuracy   and   com...", "module": "document_ingest", "function": "chunk_documents", "line": 121}
{"timestamp": "2025-07-08T09:49:02.298565", "level": "INFO", "logger": "backend.app.services.document_ingest", "message": "Document 6: content length = 3336 chars", "module": "document_ingest", "function": "chunk_documents", "line": 118}
{"timestamp": "2025-07-08T09:49:02.298664", "level": "INFO", "logger": "backend.app.services.document_ingest", "message": "Document 4: content length = 1215 chars", "module": "document_ingest", "function": "chunk_documents", "line": 118}
{"timestamp": "2025-07-08T09:49:02.298717", "level": "INFO", "logger": "backend.app.services.document_ingest", "message": "Document 6 preview: only   add   up.   The   expected   benefit   is   twofold:   by   focusing   on   additive   (positive)   contributions,   NMF   can   reduce   noise   from   arbitrary   sign   interactions,   and  ...", "module": "document_ingest", "function": "chunk_documents", "line": 121}
{"timestamp": "2025-07-08T09:49:02.298871", "level": "INFO", "logger": "backend.app.services.document_ingest", "message": "Document 4 preview: 2.2.   Evaluation   Metrics   We   evaluate   both   prediction   accuracy   and   top- ranking   quality:   \u25cf   Root   Mean   Squar ed   Error   (RMSE):   Measures   the   accuracy   of   the   predi...", "module": "document_ingest", "function": "chunk_documents", "line": 121}
{"timestamp": "2025-07-08T09:49:02.298937", "level": "INFO", "logger": "backend.app.services.document_ingest", "message": "Document 7: content length = 1980 chars", "module": "document_ingest", "function": "chunk_documents", "line": 118}
{"timestamp": "2025-07-08T09:49:02.299039", "level": "INFO", "logger": "backend.app.services.document_ingest", "message": "Document 5: content length = 3013 chars", "module": "document_ingest", "function": "chunk_documents", "line": 118}
{"timestamp": "2025-07-08T09:49:02.299146", "level": "INFO", "logger": "backend.app.services.document_ingest", "message": "Document 7 preview: data   from   sentiment.   We   expect   that   combining   these   approaches   will   yield   a   more   accurate   and   interpretable   book   recommender .   2.4.   Experiment   Setup   We   perf...", "module": "document_ingest", "function": "chunk_documents", "line": 121}
{"timestamp": "2025-07-08T09:49:02.299229", "level": "INFO", "logger": "backend.app.services.document_ingest", "message": "Document 5 preview: We   report   precision@K   and   recall@K   for   .   In   summary ,   RMSE   assesses   rating   prediction   accuracy ,   while   Precision@K   and   Recall@K   measure   the   accuracy   and   com...", "module": "document_ingest", "function": "chunk_documents", "line": 121}
{"timestamp": "2025-07-08T09:49:02.299284", "level": "INFO", "logger": "backend.app.services.document_ingest", "message": "Document 8: content length = 925 chars", "module": "document_ingest", "function": "chunk_documents", "line": 118}
{"timestamp": "2025-07-08T09:49:02.299333", "level": "INFO", "logger": "backend.app.services.document_ingest", "message": "Document 6: content length = 3336 chars", "module": "document_ingest", "function": "chunk_documents", "line": 118}
{"timestamp": "2025-07-08T09:49:02.299385", "level": "INFO", "logger": "backend.app.services.document_ingest", "message": "Document 8 preview: RMSE   0.766   0.7388   0.8388   0.8214   0.7193   Precision@1   0.7697   0.7629   0.6821   0.8357   0.8227   Recall@1   0.351   0.3451   0.2957   0.3968   0.3899   Precision@3   0.5802   0.5752   0.4...", "module": "document_ingest", "function": "chunk_documents", "line": 121}
{"timestamp": "2025-07-08T09:49:02.299438", "level": "INFO", "logger": "backend.app.services.document_ingest", "message": "Document 6 preview: only   add   up.   The   expected   benefit   is   twofold:   by   focusing   on   additive   (positive)   contributions,   NMF   can   reduce   noise   from   arbitrary   sign   interactions,   and  ...", "module": "document_ingest", "function": "chunk_documents", "line": 121}
{"timestamp": "2025-07-08T09:49:02.299546", "level": "INFO", "logger": "backend.app.services.document_ingest", "message": "Document 9: content length = 999 chars", "module": "document_ingest", "function": "chunk_documents", "line": 118}
{"timestamp": "2025-07-08T09:49:02.299617", "level": "INFO", "logger": "backend.app.services.document_ingest", "message": "Document 7: content length = 1980 chars", "module": "document_ingest", "function": "chunk_documents", "line": 118}
{"timestamp": "2025-07-08T09:49:02.299669", "level": "INFO", "logger": "backend.app.services.document_ingest", "message": "Document 9 preview:   0   1   2   3   4   Model   SVD   SVD++   NMF   KNN-User   KNN-Item   RMSE   1.0411   1.0078   1.0864   1.0772   1.0076   Precision@1   0.2911   0.3295   0.3773   0.4175   0.4072   Recall@1   0.127 ...", "module": "document_ingest", "function": "chunk_documents", "line": 121}
{"timestamp": "2025-07-08T09:49:02.299730", "level": "INFO", "logger": "backend.app.services.document_ingest", "message": "Document 7 preview: data   from   sentiment.   We   expect   that   combining   these   approaches   will   yield   a   more   accurate   and   interpretable   book   recommender .   2.4.   Experiment   Setup   We   perf...", "module": "document_ingest", "function": "chunk_documents", "line": 121}
{"timestamp": "2025-07-08T09:49:02.299816", "level": "INFO", "logger": "backend.app.services.document_ingest", "message": "Document 10: content length = 78 chars", "module": "document_ingest", "function": "chunk_documents", "line": 118}
{"timestamp": "2025-07-08T09:49:02.299864", "level": "INFO", "logger": "backend.app.services.document_ingest", "message": "Document 8: content length = 925 chars", "module": "document_ingest", "function": "chunk_documents", "line": 118}
{"timestamp": "2025-07-08T09:49:02.299913", "level": "INFO", "logger": "backend.app.services.document_ingest", "message": "Document 10 preview:       Figure   3.1.   Plots   of   a)   Precision@K   and   b)   Recall@K     ...", "module": "document_ingest", "function": "chunk_documents", "line": 121}
{"timestamp": "2025-07-08T09:49:02.299957", "level": "INFO", "logger": "backend.app.services.document_ingest", "message": "Document 8 preview: RMSE   0.766   0.7388   0.8388   0.8214   0.7193   Precision@1   0.7697   0.7629   0.6821   0.8357   0.8227   Recall@1   0.351   0.3451   0.2957   0.3968   0.3899   Precision@3   0.5802   0.5752   0.4...", "module": "document_ingest", "function": "chunk_documents", "line": 121}
{"timestamp": "2025-07-08T09:49:02.300005", "level": "INFO", "logger": "backend.app.services.document_ingest", "message": "Document 11: content length = 1111 chars", "module": "document_ingest", "function": "chunk_documents", "line": 118}
{"timestamp": "2025-07-08T09:49:02.300053", "level": "INFO", "logger": "backend.app.services.document_ingest", "message": "Document 9: content length = 999 chars", "module": "document_ingest", "function": "chunk_documents", "line": 118}
{"timestamp": "2025-07-08T09:49:02.300121", "level": "INFO", "logger": "backend.app.services.document_ingest", "message": "Document 9 preview:   0   1   2   3   4   Model   SVD   SVD++   NMF   KNN-User   KNN-Item   RMSE   1.0411   1.0078   1.0864   1.0772   1.0076   Precision@1   0.2911   0.3295   0.3773   0.4175   0.4072   Recall@1   0.127 ...", "module": "document_ingest", "function": "chunk_documents", "line": 121}
{"timestamp": "2025-07-08T09:49:02.300172", "level": "INFO", "logger": "backend.app.services.document_ingest", "message": "Document 10: content length = 78 chars", "module": "document_ingest", "function": "chunk_documents", "line": 118}
{"timestamp": "2025-07-08T09:49:02.300242", "level": "INFO", "logger": "backend.app.services.document_ingest", "message": "Document 10 preview:       Figure   3.1.   Plots   of   a)   Precision@K   and   b)   Recall@K     ...", "module": "document_ingest", "function": "chunk_documents", "line": 121}
{"timestamp": "2025-07-08T09:49:02.300307", "level": "INFO", "logger": "backend.app.services.document_ingest", "message": "Document 11: content length = 1111 chars", "module": "document_ingest", "function": "chunk_documents", "line": 118}
{"timestamp": "2025-07-08T09:49:02.300350", "level": "INFO", "logger": "backend.app.services.document_ingest", "message": "Document 11 preview:   Figure   3.1.   Sentiment   Adjusted   Plots   of   a)   Precision@K   and   b)   Recall@K   Tables   3.1   and   3.2   summarize   the   recommendation   accuracy   for   models   trained   on   or...", "module": "document_ingest", "function": "chunk_documents", "line": 121}
{"timestamp": "2025-07-08T09:49:02.300387", "level": "INFO", "logger": "backend.app.services.document_ingest", "message": "Document 12: content length = 3324 chars", "module": "document_ingest", "function": "chunk_documents", "line": 118}
{"timestamp": "2025-07-08T09:49:02.300437", "level": "INFO", "logger": "backend.app.services.document_ingest", "message": "Document 11 preview:   Figure   3.1.   Sentiment   Adjusted   Plots   of   a)   Precision@K   and   b)   Recall@K   Tables   3.1   and   3.2   summarize   the   recommendation   accuracy   for   models   trained   on   or...", "module": "document_ingest", "function": "chunk_documents", "line": 121}
{"timestamp": "2025-07-08T09:49:02.300505", "level": "INFO", "logger": "backend.app.services.document_ingest", "message": "Document 12 preview: By   comparison,   training   on   sentiment-scaled   ratings   substantially   degrades   performance.   Table   3.2   shows   that   all   models   incur   much   higher   RMSE   (for   instance,   ...", "module": "document_ingest", "function": "chunk_documents", "line": 121}
{"timestamp": "2025-07-08T09:49:02.300578", "level": "INFO", "logger": "backend.app.services.document_ingest", "message": "Document 12: content length = 3324 chars", "module": "document_ingest", "function": "chunk_documents", "line": 118}
{"timestamp": "2025-07-08T09:49:02.300625", "level": "INFO", "logger": "backend.app.services.document_ingest", "message": "Document 13: content length = 2602 chars", "module": "document_ingest", "function": "chunk_documents", "line": 118}
{"timestamp": "2025-07-08T09:49:02.300676", "level": "INFO", "logger": "backend.app.services.document_ingest", "message": "Document 12 preview: By   comparison,   training   on   sentiment-scaled   ratings   substantially   degrades   performance.   Table   3.2   shows   that   all   models   incur   much   higher   RMSE   (for   instance,   ...", "module": "document_ingest", "function": "chunk_documents", "line": 121}
{"timestamp": "2025-07-08T09:49:02.300736", "level": "INFO", "logger": "backend.app.services.document_ingest", "message": "Document 13 preview: between   ratings   and   sentiment   scores.   In   effect,   adding   sentiment   as   side   information   imposes   an   extra   constraint   on   the   model.   This   illustrates   the   classic...", "module": "document_ingest", "function": "chunk_documents", "line": 121}
{"timestamp": "2025-07-08T09:49:02.300777", "level": "INFO", "logger": "backend.app.services.document_ingest", "message": "Document 13: content length = 2602 chars", "module": "document_ingest", "function": "chunk_documents", "line": 118}
{"timestamp": "2025-07-08T09:49:02.300815", "level": "INFO", "logger": "backend.app.services.document_ingest", "message": "Document 13 preview: between   ratings   and   sentiment   scores.   In   effect,   adding   sentiment   as   side   information   imposes   an   extra   constraint   on   the   model.   This   illustrates   the   classic...", "module": "document_ingest", "function": "chunk_documents", "line": 121}
{"timestamp": "2025-07-08T09:49:02.300855", "level": "INFO", "logger": "backend.app.services.document_ingest", "message": "Document 14: content length = 379 chars", "module": "document_ingest", "function": "chunk_documents", "line": 118}
{"timestamp": "2025-07-08T09:49:02.300899", "level": "INFO", "logger": "backend.app.services.document_ingest", "message": "Document 14: content length = 379 chars", "module": "document_ingest", "function": "chunk_documents", "line": 118}
{"timestamp": "2025-07-08T09:49:02.300943", "level": "INFO", "logger": "backend.app.services.document_ingest", "message": "Document 14 preview: References   1.   Dang,   C.   N.,   Moreno-Garc\u00eda,   M.   N.,   &   Prieta,   F.   D.   L.   (2021).   An   approach   to   integrating   sentiment   analysis   into   recommender   systems.   Sensor...", "module": "document_ingest", "function": "chunk_documents", "line": 121}
{"timestamp": "2025-07-08T09:49:02.303987", "level": "INFO", "logger": "backend.app.services.document_ingest", "message": "Document 14 preview: References   1.   Dang,   C.   N.,   Moreno-Garc\u00eda,   M.   N.,   &   Prieta,   F.   D.   L.   (2021).   An   approach   to   integrating   sentiment   analysis   into   recommender   systems.   Sensor...", "module": "document_ingest", "function": "chunk_documents", "line": 121}
{"timestamp": "2025-07-08T09:49:02.308597", "level": "INFO", "logger": "backend.app.services.document_ingest", "message": "Split 15 documents into 48 chunks with size=750, overlap=150", "module": "document_ingest", "function": "chunk_documents", "line": 141}
{"timestamp": "2025-07-08T09:49:02.308712", "level": "INFO", "logger": "backend.app.services.document_ingest", "message": "Split 15 documents into 48 chunks with size=750, overlap=150", "module": "document_ingest", "function": "chunk_documents", "line": 141}
{"timestamp": "2025-07-08T09:49:02.308770", "level": "INFO", "logger": "backend.app.services.document_ingest", "message": "Chunk 0: length = 223 chars, metadata = {'source': 'Solo-report_1_bcb0d2fd.pdf', 'page': 0, 'source_path': '/Users/talgatbaktybekov/Desktop/rag_app/data/user_documents/1/Solo-report_1_bcb0d2fd.pdf', 'user_id': 1, 'document_id': 11}", "module": "document_ingest", "function": "chunk_documents", "line": 146}
{"timestamp": "2025-07-08T09:49:02.308819", "level": "INFO", "logger": "backend.app.services.document_ingest", "message": "Chunk 0: length = 223 chars, metadata = {'source': 'Solo-report_1_bcb0d2fd.pdf', 'page': 0, 'source_path': '/Users/talgatbaktybekov/Desktop/rag_app/data/user_documents/1/Solo-report_1_bcb0d2fd.pdf', 'user_id': 1, 'document_id': 11}", "module": "document_ingest", "function": "chunk_documents", "line": 146}
{"timestamp": "2025-07-08T09:49:02.309125", "level": "INFO", "logger": "backend.app.services.document_ingest", "message": "Chunk 1: length = 345 chars, metadata = {'source': 'Solo-report_1_bcb0d2fd.pdf', 'page': 1, 'source_path': '/Users/talgatbaktybekov/Desktop/rag_app/data/user_documents/1/Solo-report_1_bcb0d2fd.pdf', 'user_id': 1, 'document_id': 11}", "module": "document_ingest", "function": "chunk_documents", "line": 146}
{"timestamp": "2025-07-08T09:49:02.309241", "level": "INFO", "logger": "backend.app.services.document_ingest", "message": "Chunk 2: length = 745 chars, metadata = {'source': 'Solo-report_1_bcb0d2fd.pdf', 'page': 2, 'source_path': '/Users/talgatbaktybekov/Desktop/rag_app/data/user_documents/1/Solo-report_1_bcb0d2fd.pdf', 'user_id': 1, 'document_id': 11}", "module": "document_ingest", "function": "chunk_documents", "line": 146}
{"timestamp": "2025-07-08T09:49:02.309986", "level": "INFO", "logger": "backend.app.services.document_ingest", "message": "Chunk 1: length = 345 chars, metadata = {'source': 'Solo-report_1_bcb0d2fd.pdf', 'page': 1, 'source_path': '/Users/talgatbaktybekov/Desktop/rag_app/data/user_documents/1/Solo-report_1_bcb0d2fd.pdf', 'user_id': 1, 'document_id': 11}", "module": "document_ingest", "function": "chunk_documents", "line": 146}
{"timestamp": "2025-07-08T09:49:02.310045", "level": "INFO", "logger": "backend.app.services.document_ingest", "message": "Chunk 2: length = 745 chars, metadata = {'source': 'Solo-report_1_bcb0d2fd.pdf', 'page': 2, 'source_path': '/Users/talgatbaktybekov/Desktop/rag_app/data/user_documents/1/Solo-report_1_bcb0d2fd.pdf', 'user_id': 1, 'document_id': 11}", "module": "document_ingest", "function": "chunk_documents", "line": 146}
{"timestamp": "2025-07-08T09:49:51.597699", "level": "INFO", "logger": "backend.app.services.document_ingest", "message": "Deleted 96 chunks for document_id 11", "module": "document_ingest", "function": "delete_document_from_vectorstore", "line": 393}
{"timestamp": "2025-07-08T09:50:35.748335", "level": "INFO", "logger": "backend.app.api.routes_document", "message": "Successfully uploaded file: Solo-report_1_bcb0d2fd.pdf", "module": "routes_document", "function": "upload_user_documents", "line": 155}
{"timestamp": "2025-07-08T09:50:36.237426", "level": "INFO", "logger": "backend.app.services.document_ingest", "message": "Loaded 15 pages from Solo-report_1_bcb0d2fd.pdf", "module": "document_ingest", "function": "load_documents_from_pdfs", "line": 75}
{"timestamp": "2025-07-08T09:50:36.238120", "level": "INFO", "logger": "backend.app.services.document_ingest", "message": "Document 0: content length = 234 chars", "module": "document_ingest", "function": "chunk_documents", "line": 118}
{"timestamp": "2025-07-08T09:50:36.238188", "level": "INFO", "logger": "backend.app.services.document_ingest", "message": "Document 0 preview:       SDSC3002   Data   Mining     Book   Recommendation   System   Using   Collaborative   Filtering   Methods   Incorporating   Review   Sentiment   Scores           Team   \u201cSolo\u201d   Members:   BAKTY...", "module": "document_ingest", "function": "chunk_documents", "line": 121}
{"timestamp": "2025-07-08T09:50:36.249803", "level": "INFO", "logger": "backend.app.services.document_ingest", "message": "Document 1: content length = 349 chars", "module": "document_ingest", "function": "chunk_documents", "line": 118}
{"timestamp": "2025-07-08T09:50:36.260408", "level": "INFO", "logger": "backend.app.services.document_ingest", "message": "Document 1 preview: Table   of   Contents   1.   Introduction   3   1.1.   Dataset   description   3   2.   Methodology   4   2.1.   Task   Description   4   2.2.   Evaluation   Metrics   5   2.3.   Models   Used   6   2...", "module": "document_ingest", "function": "chunk_documents", "line": 121}
{"timestamp": "2025-07-08T09:50:36.321308", "level": "INFO", "logger": "backend.app.services.document_ingest", "message": "Document 2: content length = 2911 chars", "module": "document_ingest", "function": "chunk_documents", "line": 118}
{"timestamp": "2025-07-08T09:50:36.326482", "level": "INFO", "logger": "backend.app.services.document_ingest", "message": "Document 2 preview: 1.   Introduction   Recommender   systems   play   a   central   role   in   modern   digital   platforms,   helping   users   discover   content,   products,   or   services   that   align   with   t...", "module": "document_ingest", "function": "chunk_documents", "line": 121}
{"timestamp": "2025-07-08T09:50:36.326553", "level": "INFO", "logger": "backend.app.services.document_ingest", "message": "Loaded 15 pages from Solo-report_1_bcb0d2fd.pdf", "module": "document_ingest", "function": "load_documents_from_pdfs", "line": 75}
{"timestamp": "2025-07-08T09:50:36.326636", "level": "INFO", "logger": "backend.app.services.document_ingest", "message": "Document 3: content length = 2876 chars", "module": "document_ingest", "function": "chunk_documents", "line": 118}
{"timestamp": "2025-07-08T09:50:36.326705", "level": "INFO", "logger": "backend.app.services.document_ingest", "message": "Document 3 preview: publishedDate,   categories,   ratingsCount .   Additionally,   a   sent iment   score   is   computed   for   each   review   using   a   pre-trained   PyTorch   neural   network   model   that   ana...", "module": "document_ingest", "function": "chunk_documents", "line": 121}
{"timestamp": "2025-07-08T09:50:36.326767", "level": "INFO", "logger": "backend.app.services.document_ingest", "message": "Document 4: content length = 1215 chars", "module": "document_ingest", "function": "chunk_documents", "line": 118}
{"timestamp": "2025-07-08T09:50:36.326837", "level": "INFO", "logger": "backend.app.services.document_ingest", "message": "Document 0: content length = 234 chars", "module": "document_ingest", "function": "chunk_documents", "line": 118}
{"timestamp": "2025-07-08T09:50:36.326880", "level": "INFO", "logger": "backend.app.services.document_ingest", "message": "Document 0 preview:       SDSC3002   Data   Mining     Book   Recommendation   System   Using   Collaborative   Filtering   Methods   Incorporating   Review   Sentiment   Scores           Team   \u201cSolo\u201d   Members:   BAKTY...", "module": "document_ingest", "function": "chunk_documents", "line": 121}
{"timestamp": "2025-07-08T09:50:36.326954", "level": "INFO", "logger": "backend.app.services.document_ingest", "message": "Document 4 preview: 2.2.   Evaluation   Metrics   We   evaluate   both   prediction   accuracy   and   top- ranking   quality:   \u25cf   Root   Mean   Squar ed   Error   (RMSE):   Measures   the   accuracy   of   the   predi...", "module": "document_ingest", "function": "chunk_documents", "line": 121}
{"timestamp": "2025-07-08T09:50:36.327028", "level": "INFO", "logger": "backend.app.services.document_ingest", "message": "Document 1: content length = 349 chars", "module": "document_ingest", "function": "chunk_documents", "line": 118}
{"timestamp": "2025-07-08T09:50:36.327167", "level": "INFO", "logger": "backend.app.services.document_ingest", "message": "Document 5: content length = 3013 chars", "module": "document_ingest", "function": "chunk_documents", "line": 118}
{"timestamp": "2025-07-08T09:50:36.327270", "level": "INFO", "logger": "backend.app.services.document_ingest", "message": "Document 1 preview: Table   of   Contents   1.   Introduction   3   1.1.   Dataset   description   3   2.   Methodology   4   2.1.   Task   Description   4   2.2.   Evaluation   Metrics   5   2.3.   Models   Used   6   2...", "module": "document_ingest", "function": "chunk_documents", "line": 121}
{"timestamp": "2025-07-08T09:50:36.327321", "level": "INFO", "logger": "backend.app.services.document_ingest", "message": "Document 2: content length = 2911 chars", "module": "document_ingest", "function": "chunk_documents", "line": 118}
{"timestamp": "2025-07-08T09:50:36.327362", "level": "INFO", "logger": "backend.app.services.document_ingest", "message": "Document 2 preview: 1.   Introduction   Recommender   systems   play   a   central   role   in   modern   digital   platforms,   helping   users   discover   content,   products,   or   services   that   align   with   t...", "module": "document_ingest", "function": "chunk_documents", "line": 121}
{"timestamp": "2025-07-08T09:50:36.327425", "level": "INFO", "logger": "backend.app.services.document_ingest", "message": "Document 5 preview: We   report   precision@K   and   recall@K   for   .   In   summary ,   RMSE   assesses   rating   prediction   accuracy ,   while   Precision@K   and   Recall@K   measure   the   accuracy   and   com...", "module": "document_ingest", "function": "chunk_documents", "line": 121}
{"timestamp": "2025-07-08T09:50:36.327542", "level": "INFO", "logger": "backend.app.services.document_ingest", "message": "Document 3: content length = 2876 chars", "module": "document_ingest", "function": "chunk_documents", "line": 118}
{"timestamp": "2025-07-08T09:50:36.327622", "level": "INFO", "logger": "backend.app.services.document_ingest", "message": "Document 3 preview: publishedDate,   categories,   ratingsCount .   Additionally,   a   sent iment   score   is   computed   for   each   review   using   a   pre-trained   PyTorch   neural   network   model   that   ana...", "module": "document_ingest", "function": "chunk_documents", "line": 121}
{"timestamp": "2025-07-08T09:50:36.327670", "level": "INFO", "logger": "backend.app.services.document_ingest", "message": "Document 4: content length = 1215 chars", "module": "document_ingest", "function": "chunk_documents", "line": 118}
{"timestamp": "2025-07-08T09:50:36.327760", "level": "INFO", "logger": "backend.app.services.document_ingest", "message": "Document 6: content length = 3336 chars", "module": "document_ingest", "function": "chunk_documents", "line": 118}
{"timestamp": "2025-07-08T09:50:36.327819", "level": "INFO", "logger": "backend.app.services.document_ingest", "message": "Document 4 preview: 2.2.   Evaluation   Metrics   We   evaluate   both   prediction   accuracy   and   top- ranking   quality:   \u25cf   Root   Mean   Squar ed   Error   (RMSE):   Measures   the   accuracy   of   the   predi...", "module": "document_ingest", "function": "chunk_documents", "line": 121}
{"timestamp": "2025-07-08T09:50:36.327861", "level": "INFO", "logger": "backend.app.services.document_ingest", "message": "Document 6 preview: only   add   up.   The   expected   benefit   is   twofold:   by   focusing   on   additive   (positive)   contributions,   NMF   can   reduce   noise   from   arbitrary   sign   interactions,   and  ...", "module": "document_ingest", "function": "chunk_documents", "line": 121}
{"timestamp": "2025-07-08T09:50:36.327931", "level": "INFO", "logger": "backend.app.services.document_ingest", "message": "Document 5: content length = 3013 chars", "module": "document_ingest", "function": "chunk_documents", "line": 118}
{"timestamp": "2025-07-08T09:50:36.327980", "level": "INFO", "logger": "backend.app.services.document_ingest", "message": "Document 7: content length = 1980 chars", "module": "document_ingest", "function": "chunk_documents", "line": 118}
{"timestamp": "2025-07-08T09:50:36.328046", "level": "INFO", "logger": "backend.app.services.document_ingest", "message": "Document 5 preview: We   report   precision@K   and   recall@K   for   .   In   summary ,   RMSE   assesses   rating   prediction   accuracy ,   while   Precision@K   and   Recall@K   measure   the   accuracy   and   com...", "module": "document_ingest", "function": "chunk_documents", "line": 121}
{"timestamp": "2025-07-08T09:50:36.328153", "level": "INFO", "logger": "backend.app.services.document_ingest", "message": "Document 7 preview: data   from   sentiment.   We   expect   that   combining   these   approaches   will   yield   a   more   accurate   and   interpretable   book   recommender .   2.4.   Experiment   Setup   We   perf...", "module": "document_ingest", "function": "chunk_documents", "line": 121}
{"timestamp": "2025-07-08T09:50:36.328221", "level": "INFO", "logger": "backend.app.services.document_ingest", "message": "Document 6: content length = 3336 chars", "module": "document_ingest", "function": "chunk_documents", "line": 118}
{"timestamp": "2025-07-08T09:50:36.328295", "level": "INFO", "logger": "backend.app.services.document_ingest", "message": "Document 8: content length = 925 chars", "module": "document_ingest", "function": "chunk_documents", "line": 118}
{"timestamp": "2025-07-08T09:50:36.328347", "level": "INFO", "logger": "backend.app.services.document_ingest", "message": "Document 6 preview: only   add   up.   The   expected   benefit   is   twofold:   by   focusing   on   additive   (positive)   contributions,   NMF   can   reduce   noise   from   arbitrary   sign   interactions,   and  ...", "module": "document_ingest", "function": "chunk_documents", "line": 121}
{"timestamp": "2025-07-08T09:50:36.328394", "level": "INFO", "logger": "backend.app.services.document_ingest", "message": "Document 8 preview: RMSE   0.766   0.7388   0.8388   0.8214   0.7193   Precision@1   0.7697   0.7629   0.6821   0.8357   0.8227   Recall@1   0.351   0.3451   0.2957   0.3968   0.3899   Precision@3   0.5802   0.5752   0.4...", "module": "document_ingest", "function": "chunk_documents", "line": 121}
{"timestamp": "2025-07-08T09:50:36.328432", "level": "INFO", "logger": "backend.app.services.document_ingest", "message": "Document 9: content length = 999 chars", "module": "document_ingest", "function": "chunk_documents", "line": 118}
{"timestamp": "2025-07-08T09:50:36.328472", "level": "INFO", "logger": "backend.app.services.document_ingest", "message": "Document 9 preview:   0   1   2   3   4   Model   SVD   SVD++   NMF   KNN-User   KNN-Item   RMSE   1.0411   1.0078   1.0864   1.0772   1.0076   Precision@1   0.2911   0.3295   0.3773   0.4175   0.4072   Recall@1   0.127 ...", "module": "document_ingest", "function": "chunk_documents", "line": 121}
{"timestamp": "2025-07-08T09:50:36.328548", "level": "INFO", "logger": "backend.app.services.document_ingest", "message": "Document 7: content length = 1980 chars", "module": "document_ingest", "function": "chunk_documents", "line": 118}
{"timestamp": "2025-07-08T09:50:36.328641", "level": "INFO", "logger": "backend.app.services.document_ingest", "message": "Document 10: content length = 78 chars", "module": "document_ingest", "function": "chunk_documents", "line": 118}
{"timestamp": "2025-07-08T09:50:36.328727", "level": "INFO", "logger": "backend.app.services.document_ingest", "message": "Document 7 preview: data   from   sentiment.   We   expect   that   combining   these   approaches   will   yield   a   more   accurate   and   interpretable   book   recommender .   2.4.   Experiment   Setup   We   perf...", "module": "document_ingest", "function": "chunk_documents", "line": 121}
{"timestamp": "2025-07-08T09:50:36.328803", "level": "INFO", "logger": "backend.app.services.document_ingest", "message": "Document 10 preview:       Figure   3.1.   Plots   of   a)   Precision@K   and   b)   Recall@K     ...", "module": "document_ingest", "function": "chunk_documents", "line": 121}
{"timestamp": "2025-07-08T09:50:36.328872", "level": "INFO", "logger": "backend.app.services.document_ingest", "message": "Document 8: content length = 925 chars", "module": "document_ingest", "function": "chunk_documents", "line": 118}
{"timestamp": "2025-07-08T09:50:36.328940", "level": "INFO", "logger": "backend.app.services.document_ingest", "message": "Document 11: content length = 1111 chars", "module": "document_ingest", "function": "chunk_documents", "line": 118}
{"timestamp": "2025-07-08T09:50:36.328992", "level": "INFO", "logger": "backend.app.services.document_ingest", "message": "Document 8 preview: RMSE   0.766   0.7388   0.8388   0.8214   0.7193   Precision@1   0.7697   0.7629   0.6821   0.8357   0.8227   Recall@1   0.351   0.3451   0.2957   0.3968   0.3899   Precision@3   0.5802   0.5752   0.4...", "module": "document_ingest", "function": "chunk_documents", "line": 121}
{"timestamp": "2025-07-08T09:50:36.329046", "level": "INFO", "logger": "backend.app.services.document_ingest", "message": "Document 11 preview:   Figure   3.1.   Sentiment   Adjusted   Plots   of   a)   Precision@K   and   b)   Recall@K   Tables   3.1   and   3.2   summarize   the   recommendation   accuracy   for   models   trained   on   or...", "module": "document_ingest", "function": "chunk_documents", "line": 121}
{"timestamp": "2025-07-08T09:50:36.329130", "level": "INFO", "logger": "backend.app.services.document_ingest", "message": "Document 9: content length = 999 chars", "module": "document_ingest", "function": "chunk_documents", "line": 118}
{"timestamp": "2025-07-08T09:50:36.329198", "level": "INFO", "logger": "backend.app.services.document_ingest", "message": "Document 12: content length = 3324 chars", "module": "document_ingest", "function": "chunk_documents", "line": 118}
{"timestamp": "2025-07-08T09:50:36.329305", "level": "INFO", "logger": "backend.app.services.document_ingest", "message": "Document 9 preview:   0   1   2   3   4   Model   SVD   SVD++   NMF   KNN-User   KNN-Item   RMSE   1.0411   1.0078   1.0864   1.0772   1.0076   Precision@1   0.2911   0.3295   0.3773   0.4175   0.4072   Recall@1   0.127 ...", "module": "document_ingest", "function": "chunk_documents", "line": 121}
{"timestamp": "2025-07-08T09:50:36.329398", "level": "INFO", "logger": "backend.app.services.document_ingest", "message": "Document 12 preview: By   comparison,   training   on   sentiment-scaled   ratings   substantially   degrades   performance.   Table   3.2   shows   that   all   models   incur   much   higher   RMSE   (for   instance,   ...", "module": "document_ingest", "function": "chunk_documents", "line": 121}
{"timestamp": "2025-07-08T09:50:36.329457", "level": "INFO", "logger": "backend.app.services.document_ingest", "message": "Document 10: content length = 78 chars", "module": "document_ingest", "function": "chunk_documents", "line": 118}
{"timestamp": "2025-07-08T09:50:36.329504", "level": "INFO", "logger": "backend.app.services.document_ingest", "message": "Document 13: content length = 2602 chars", "module": "document_ingest", "function": "chunk_documents", "line": 118}
{"timestamp": "2025-07-08T09:50:36.329553", "level": "INFO", "logger": "backend.app.services.document_ingest", "message": "Document 10 preview:       Figure   3.1.   Plots   of   a)   Precision@K   and   b)   Recall@K     ...", "module": "document_ingest", "function": "chunk_documents", "line": 121}
{"timestamp": "2025-07-08T09:50:36.329598", "level": "INFO", "logger": "backend.app.services.document_ingest", "message": "Document 13 preview: between   ratings   and   sentiment   scores.   In   effect,   adding   sentiment   as   side   information   imposes   an   extra   constraint   on   the   model.   This   illustrates   the   classic...", "module": "document_ingest", "function": "chunk_documents", "line": 121}
{"timestamp": "2025-07-08T09:50:36.329645", "level": "INFO", "logger": "backend.app.services.document_ingest", "message": "Document 11: content length = 1111 chars", "module": "document_ingest", "function": "chunk_documents", "line": 118}
{"timestamp": "2025-07-08T09:50:36.329691", "level": "INFO", "logger": "backend.app.services.document_ingest", "message": "Document 14: content length = 379 chars", "module": "document_ingest", "function": "chunk_documents", "line": 118}
{"timestamp": "2025-07-08T09:50:36.329738", "level": "INFO", "logger": "backend.app.services.document_ingest", "message": "Document 11 preview:   Figure   3.1.   Sentiment   Adjusted   Plots   of   a)   Precision@K   and   b)   Recall@K   Tables   3.1   and   3.2   summarize   the   recommendation   accuracy   for   models   trained   on   or...", "module": "document_ingest", "function": "chunk_documents", "line": 121}
{"timestamp": "2025-07-08T09:50:36.329786", "level": "INFO", "logger": "backend.app.services.document_ingest", "message": "Document 14 preview: References   1.   Dang,   C.   N.,   Moreno-Garc\u00eda,   M.   N.,   &   Prieta,   F.   D.   L.   (2021).   An   approach   to   integrating   sentiment   analysis   into   recommender   systems.   Sensor...", "module": "document_ingest", "function": "chunk_documents", "line": 121}
{"timestamp": "2025-07-08T09:50:36.332854", "level": "INFO", "logger": "backend.app.services.document_ingest", "message": "Document 12: content length = 3324 chars", "module": "document_ingest", "function": "chunk_documents", "line": 118}
{"timestamp": "2025-07-08T09:50:36.332911", "level": "INFO", "logger": "backend.app.services.document_ingest", "message": "Split 15 documents into 48 chunks with size=750, overlap=150", "module": "document_ingest", "function": "chunk_documents", "line": 141}
{"timestamp": "2025-07-08T09:50:36.332963", "level": "INFO", "logger": "backend.app.services.document_ingest", "message": "Document 12 preview: By   comparison,   training   on   sentiment-scaled   ratings   substantially   degrades   performance.   Table   3.2   shows   that   all   models   incur   much   higher   RMSE   (for   instance,   ...", "module": "document_ingest", "function": "chunk_documents", "line": 121}
{"timestamp": "2025-07-08T09:50:36.333006", "level": "INFO", "logger": "backend.app.services.document_ingest", "message": "Chunk 0: length = 223 chars, metadata = {'source': 'Solo-report_1_bcb0d2fd.pdf', 'page': 0, 'source_path': '/Users/talgatbaktybekov/Desktop/rag_app/data/user_documents/1/Solo-report_1_bcb0d2fd.pdf', 'user_id': 1, 'document_id': 12}", "module": "document_ingest", "function": "chunk_documents", "line": 146}
{"timestamp": "2025-07-08T09:50:36.333086", "level": "INFO", "logger": "backend.app.services.document_ingest", "message": "Document 13: content length = 2602 chars", "module": "document_ingest", "function": "chunk_documents", "line": 118}
{"timestamp": "2025-07-08T09:50:36.333157", "level": "INFO", "logger": "backend.app.services.document_ingest", "message": "Chunk 1: length = 345 chars, metadata = {'source': 'Solo-report_1_bcb0d2fd.pdf', 'page': 1, 'source_path': '/Users/talgatbaktybekov/Desktop/rag_app/data/user_documents/1/Solo-report_1_bcb0d2fd.pdf', 'user_id': 1, 'document_id': 12}", "module": "document_ingest", "function": "chunk_documents", "line": 146}
{"timestamp": "2025-07-08T09:50:36.333208", "level": "INFO", "logger": "backend.app.services.document_ingest", "message": "Document 13 preview: between   ratings   and   sentiment   scores.   In   effect,   adding   sentiment   as   side   information   imposes   an   extra   constraint   on   the   model.   This   illustrates   the   classic...", "module": "document_ingest", "function": "chunk_documents", "line": 121}
{"timestamp": "2025-07-08T09:50:36.333252", "level": "INFO", "logger": "backend.app.services.document_ingest", "message": "Chunk 2: length = 745 chars, metadata = {'source': 'Solo-report_1_bcb0d2fd.pdf', 'page': 2, 'source_path': '/Users/talgatbaktybekov/Desktop/rag_app/data/user_documents/1/Solo-report_1_bcb0d2fd.pdf', 'user_id': 1, 'document_id': 12}", "module": "document_ingest", "function": "chunk_documents", "line": 146}
{"timestamp": "2025-07-08T09:50:36.333928", "level": "INFO", "logger": "backend.app.services.document_ingest", "message": "Document 14: content length = 379 chars", "module": "document_ingest", "function": "chunk_documents", "line": 118}
{"timestamp": "2025-07-08T09:50:36.334198", "level": "INFO", "logger": "backend.app.services.document_ingest", "message": "Document 14 preview: References   1.   Dang,   C.   N.,   Moreno-Garc\u00eda,   M.   N.,   &   Prieta,   F.   D.   L.   (2021).   An   approach   to   integrating   sentiment   analysis   into   recommender   systems.   Sensor...", "module": "document_ingest", "function": "chunk_documents", "line": 121}
{"timestamp": "2025-07-08T09:50:36.337370", "level": "INFO", "logger": "backend.app.services.document_ingest", "message": "Split 15 documents into 48 chunks with size=750, overlap=150", "module": "document_ingest", "function": "chunk_documents", "line": 141}
{"timestamp": "2025-07-08T09:50:36.337533", "level": "INFO", "logger": "backend.app.services.document_ingest", "message": "Chunk 0: length = 223 chars, metadata = {'source': 'Solo-report_1_bcb0d2fd.pdf', 'page': 0, 'source_path': '/Users/talgatbaktybekov/Desktop/rag_app/data/user_documents/1/Solo-report_1_bcb0d2fd.pdf', 'user_id': 1, 'document_id': 12}", "module": "document_ingest", "function": "chunk_documents", "line": 146}
{"timestamp": "2025-07-08T09:50:36.338178", "level": "INFO", "logger": "backend.app.services.document_ingest", "message": "Chunk 1: length = 345 chars, metadata = {'source': 'Solo-report_1_bcb0d2fd.pdf', 'page': 1, 'source_path': '/Users/talgatbaktybekov/Desktop/rag_app/data/user_documents/1/Solo-report_1_bcb0d2fd.pdf', 'user_id': 1, 'document_id': 12}", "module": "document_ingest", "function": "chunk_documents", "line": 146}
{"timestamp": "2025-07-08T09:50:36.338234", "level": "INFO", "logger": "backend.app.services.document_ingest", "message": "Chunk 2: length = 745 chars, metadata = {'source': 'Solo-report_1_bcb0d2fd.pdf', 'page': 2, 'source_path': '/Users/talgatbaktybekov/Desktop/rag_app/data/user_documents/1/Solo-report_1_bcb0d2fd.pdf', 'user_id': 1, 'document_id': 12}", "module": "document_ingest", "function": "chunk_documents", "line": 146}
{"timestamp": "2025-07-08T09:51:12.770748", "level": "INFO", "logger": "backend.app.services.document_ingest", "message": "Deleted 96 chunks for document_id 12", "module": "document_ingest", "function": "delete_document_from_vectorstore", "line": 393}
{"timestamp": "2025-07-08T09:51:18.716877", "level": "INFO", "logger": "backend.app.api.routes_document", "message": "Successfully uploaded file: Solo-report_1_bcb0d2fd.pdf", "module": "routes_document", "function": "upload_user_documents", "line": 155}
{"timestamp": "2025-07-08T09:51:19.181235", "level": "INFO", "logger": "backend.app.services.document_ingest", "message": "Loaded 15 pages from Solo-report_1_bcb0d2fd.pdf", "module": "document_ingest", "function": "load_documents_from_pdfs", "line": 75}
{"timestamp": "2025-07-08T09:51:19.193156", "level": "INFO", "logger": "backend.app.services.document_ingest", "message": "Document 0: content length = 234 chars", "module": "document_ingest", "function": "chunk_documents", "line": 118}
{"timestamp": "2025-07-08T09:51:19.248032", "level": "INFO", "logger": "backend.app.services.document_ingest", "message": "Document 0 preview:       SDSC3002   Data   Mining     Book   Recommendation   System   Using   Collaborative   Filtering   Methods   Incorporating   Review   Sentiment   Scores           Team   \u201cSolo\u201d   Members:   BAKTY...", "module": "document_ingest", "function": "chunk_documents", "line": 121}
{"timestamp": "2025-07-08T09:51:19.265743", "level": "INFO", "logger": "backend.app.services.document_ingest", "message": "Document 1: content length = 349 chars", "module": "document_ingest", "function": "chunk_documents", "line": 118}
{"timestamp": "2025-07-08T09:51:19.266096", "level": "INFO", "logger": "backend.app.services.document_ingest", "message": "Document 1 preview: Table   of   Contents   1.   Introduction   3   1.1.   Dataset   description   3   2.   Methodology   4   2.1.   Task   Description   4   2.2.   Evaluation   Metrics   5   2.3.   Models   Used   6   2...", "module": "document_ingest", "function": "chunk_documents", "line": 121}
{"timestamp": "2025-07-08T09:51:19.271030", "level": "INFO", "logger": "backend.app.services.document_ingest", "message": "Document 2: content length = 2911 chars", "module": "document_ingest", "function": "chunk_documents", "line": 118}
{"timestamp": "2025-07-08T09:51:19.271107", "level": "INFO", "logger": "backend.app.services.document_ingest", "message": "Loaded 15 pages from Solo-report_1_bcb0d2fd.pdf", "module": "document_ingest", "function": "load_documents_from_pdfs", "line": 75}
{"timestamp": "2025-07-08T09:51:19.271263", "level": "INFO", "logger": "backend.app.services.document_ingest", "message": "Document 2 preview: 1.   Introduction   Recommender   systems   play   a   central   role   in   modern   digital   platforms,   helping   users   discover   content,   products,   or   services   that   align   with   t...", "module": "document_ingest", "function": "chunk_documents", "line": 121}
{"timestamp": "2025-07-08T09:51:19.271343", "level": "INFO", "logger": "backend.app.services.document_ingest", "message": "Document 3: content length = 2876 chars", "module": "document_ingest", "function": "chunk_documents", "line": 118}
{"timestamp": "2025-07-08T09:51:19.271423", "level": "INFO", "logger": "backend.app.services.document_ingest", "message": "Document 0: content length = 234 chars", "module": "document_ingest", "function": "chunk_documents", "line": 118}
{"timestamp": "2025-07-08T09:51:19.271534", "level": "INFO", "logger": "backend.app.services.document_ingest", "message": "Document 3 preview: publishedDate,   categories,   ratingsCount .   Additionally,   a   sent iment   score   is   computed   for   each   review   using   a   pre-trained   PyTorch   neural   network   model   that   ana...", "module": "document_ingest", "function": "chunk_documents", "line": 121}
{"timestamp": "2025-07-08T09:51:19.271613", "level": "INFO", "logger": "backend.app.services.document_ingest", "message": "Document 0 preview:       SDSC3002   Data   Mining     Book   Recommendation   System   Using   Collaborative   Filtering   Methods   Incorporating   Review   Sentiment   Scores           Team   \u201cSolo\u201d   Members:   BAKTY...", "module": "document_ingest", "function": "chunk_documents", "line": 121}
{"timestamp": "2025-07-08T09:51:19.271667", "level": "INFO", "logger": "backend.app.services.document_ingest", "message": "Document 4: content length = 1215 chars", "module": "document_ingest", "function": "chunk_documents", "line": 118}
{"timestamp": "2025-07-08T09:51:19.271713", "level": "INFO", "logger": "backend.app.services.document_ingest", "message": "Document 1: content length = 349 chars", "module": "document_ingest", "function": "chunk_documents", "line": 118}
{"timestamp": "2025-07-08T09:51:19.271775", "level": "INFO", "logger": "backend.app.services.document_ingest", "message": "Document 4 preview: 2.2.   Evaluation   Metrics   We   evaluate   both   prediction   accuracy   and   top- ranking   quality:   \u25cf   Root   Mean   Squar ed   Error   (RMSE):   Measures   the   accuracy   of   the   predi...", "module": "document_ingest", "function": "chunk_documents", "line": 121}
{"timestamp": "2025-07-08T09:51:19.271818", "level": "INFO", "logger": "backend.app.services.document_ingest", "message": "Document 5: content length = 3013 chars", "module": "document_ingest", "function": "chunk_documents", "line": 118}
{"timestamp": "2025-07-08T09:51:19.271884", "level": "INFO", "logger": "backend.app.services.document_ingest", "message": "Document 1 preview: Table   of   Contents   1.   Introduction   3   1.1.   Dataset   description   3   2.   Methodology   4   2.1.   Task   Description   4   2.2.   Evaluation   Metrics   5   2.3.   Models   Used   6   2...", "module": "document_ingest", "function": "chunk_documents", "line": 121}
{"timestamp": "2025-07-08T09:51:19.271949", "level": "INFO", "logger": "backend.app.services.document_ingest", "message": "Document 5 preview: We   report   precision@K   and   recall@K   for   .   In   summary ,   RMSE   assesses   rating   prediction   accuracy ,   while   Precision@K   and   Recall@K   measure   the   accuracy   and   com...", "module": "document_ingest", "function": "chunk_documents", "line": 121}
{"timestamp": "2025-07-08T09:51:19.271996", "level": "INFO", "logger": "backend.app.services.document_ingest", "message": "Document 6: content length = 3336 chars", "module": "document_ingest", "function": "chunk_documents", "line": 118}
{"timestamp": "2025-07-08T09:51:19.272083", "level": "INFO", "logger": "backend.app.services.document_ingest", "message": "Document 2: content length = 2911 chars", "module": "document_ingest", "function": "chunk_documents", "line": 118}
{"timestamp": "2025-07-08T09:51:19.272151", "level": "INFO", "logger": "backend.app.services.document_ingest", "message": "Document 6 preview: only   add   up.   The   expected   benefit   is   twofold:   by   focusing   on   additive   (positive)   contributions,   NMF   can   reduce   noise   from   arbitrary   sign   interactions,   and  ...", "module": "document_ingest", "function": "chunk_documents", "line": 121}
{"timestamp": "2025-07-08T09:51:19.272226", "level": "INFO", "logger": "backend.app.services.document_ingest", "message": "Document 2 preview: 1.   Introduction   Recommender   systems   play   a   central   role   in   modern   digital   platforms,   helping   users   discover   content,   products,   or   services   that   align   with   t...", "module": "document_ingest", "function": "chunk_documents", "line": 121}
{"timestamp": "2025-07-08T09:51:19.272306", "level": "INFO", "logger": "backend.app.services.document_ingest", "message": "Document 7: content length = 1980 chars", "module": "document_ingest", "function": "chunk_documents", "line": 118}
{"timestamp": "2025-07-08T09:51:19.272360", "level": "INFO", "logger": "backend.app.services.document_ingest", "message": "Document 3: content length = 2876 chars", "module": "document_ingest", "function": "chunk_documents", "line": 118}
{"timestamp": "2025-07-08T09:51:19.272405", "level": "INFO", "logger": "backend.app.services.document_ingest", "message": "Document 7 preview: data   from   sentiment.   We   expect   that   combining   these   approaches   will   yield   a   more   accurate   and   interpretable   book   recommender .   2.4.   Experiment   Setup   We   perf...", "module": "document_ingest", "function": "chunk_documents", "line": 121}
{"timestamp": "2025-07-08T09:51:19.272456", "level": "INFO", "logger": "backend.app.services.document_ingest", "message": "Document 3 preview: publishedDate,   categories,   ratingsCount .   Additionally,   a   sent iment   score   is   computed   for   each   review   using   a   pre-trained   PyTorch   neural   network   model   that   ana...", "module": "document_ingest", "function": "chunk_documents", "line": 121}
{"timestamp": "2025-07-08T09:51:19.272509", "level": "INFO", "logger": "backend.app.services.document_ingest", "message": "Document 8: content length = 925 chars", "module": "document_ingest", "function": "chunk_documents", "line": 118}
{"timestamp": "2025-07-08T09:51:19.272574", "level": "INFO", "logger": "backend.app.services.document_ingest", "message": "Document 4: content length = 1215 chars", "module": "document_ingest", "function": "chunk_documents", "line": 118}
{"timestamp": "2025-07-08T09:51:19.272651", "level": "INFO", "logger": "backend.app.services.document_ingest", "message": "Document 8 preview: RMSE   0.766   0.7388   0.8388   0.8214   0.7193   Precision@1   0.7697   0.7629   0.6821   0.8357   0.8227   Recall@1   0.351   0.3451   0.2957   0.3968   0.3899   Precision@3   0.5802   0.5752   0.4...", "module": "document_ingest", "function": "chunk_documents", "line": 121}
{"timestamp": "2025-07-08T09:51:19.272724", "level": "INFO", "logger": "backend.app.services.document_ingest", "message": "Document 4 preview: 2.2.   Evaluation   Metrics   We   evaluate   both   prediction   accuracy   and   top- ranking   quality:   \u25cf   Root   Mean   Squar ed   Error   (RMSE):   Measures   the   accuracy   of   the   predi...", "module": "document_ingest", "function": "chunk_documents", "line": 121}
{"timestamp": "2025-07-08T09:51:19.272772", "level": "INFO", "logger": "backend.app.services.document_ingest", "message": "Document 9: content length = 999 chars", "module": "document_ingest", "function": "chunk_documents", "line": 118}
{"timestamp": "2025-07-08T09:51:19.272818", "level": "INFO", "logger": "backend.app.services.document_ingest", "message": "Document 5: content length = 3013 chars", "module": "document_ingest", "function": "chunk_documents", "line": 118}
{"timestamp": "2025-07-08T09:51:19.272859", "level": "INFO", "logger": "backend.app.services.document_ingest", "message": "Document 9 preview:   0   1   2   3   4   Model   SVD   SVD++   NMF   KNN-User   KNN-Item   RMSE   1.0411   1.0078   1.0864   1.0772   1.0076   Precision@1   0.2911   0.3295   0.3773   0.4175   0.4072   Recall@1   0.127 ...", "module": "document_ingest", "function": "chunk_documents", "line": 121}
{"timestamp": "2025-07-08T09:51:19.272894", "level": "INFO", "logger": "backend.app.services.document_ingest", "message": "Document 10: content length = 78 chars", "module": "document_ingest", "function": "chunk_documents", "line": 118}
{"timestamp": "2025-07-08T09:51:19.272977", "level": "INFO", "logger": "backend.app.services.document_ingest", "message": "Document 5 preview: We   report   precision@K   and   recall@K   for   .   In   summary ,   RMSE   assesses   rating   prediction   accuracy ,   while   Precision@K   and   Recall@K   measure   the   accuracy   and   com...", "module": "document_ingest", "function": "chunk_documents", "line": 121}
{"timestamp": "2025-07-08T09:51:19.273045", "level": "INFO", "logger": "backend.app.services.document_ingest", "message": "Document 6: content length = 3336 chars", "module": "document_ingest", "function": "chunk_documents", "line": 118}
{"timestamp": "2025-07-08T09:51:19.273093", "level": "INFO", "logger": "backend.app.services.document_ingest", "message": "Document 6 preview: only   add   up.   The   expected   benefit   is   twofold:   by   focusing   on   additive   (positive)   contributions,   NMF   can   reduce   noise   from   arbitrary   sign   interactions,   and  ...", "module": "document_ingest", "function": "chunk_documents", "line": 121}
{"timestamp": "2025-07-08T09:51:19.273138", "level": "INFO", "logger": "backend.app.services.document_ingest", "message": "Document 10 preview:       Figure   3.1.   Plots   of   a)   Precision@K   and   b)   Recall@K     ...", "module": "document_ingest", "function": "chunk_documents", "line": 121}
{"timestamp": "2025-07-08T09:51:19.273183", "level": "INFO", "logger": "backend.app.services.document_ingest", "message": "Document 7: content length = 1980 chars", "module": "document_ingest", "function": "chunk_documents", "line": 118}
{"timestamp": "2025-07-08T09:51:19.273230", "level": "INFO", "logger": "backend.app.services.document_ingest", "message": "Document 11: content length = 1111 chars", "module": "document_ingest", "function": "chunk_documents", "line": 118}
{"timestamp": "2025-07-08T09:51:19.273272", "level": "INFO", "logger": "backend.app.services.document_ingest", "message": "Document 7 preview: data   from   sentiment.   We   expect   that   combining   these   approaches   will   yield   a   more   accurate   and   interpretable   book   recommender .   2.4.   Experiment   Setup   We   perf...", "module": "document_ingest", "function": "chunk_documents", "line": 121}
{"timestamp": "2025-07-08T09:51:19.273318", "level": "INFO", "logger": "backend.app.services.document_ingest", "message": "Document 11 preview:   Figure   3.1.   Sentiment   Adjusted   Plots   of   a)   Precision@K   and   b)   Recall@K   Tables   3.1   and   3.2   summarize   the   recommendation   accuracy   for   models   trained   on   or...", "module": "document_ingest", "function": "chunk_documents", "line": 121}
{"timestamp": "2025-07-08T09:51:19.273372", "level": "INFO", "logger": "backend.app.services.document_ingest", "message": "Document 8: content length = 925 chars", "module": "document_ingest", "function": "chunk_documents", "line": 118}
{"timestamp": "2025-07-08T09:51:19.273418", "level": "INFO", "logger": "backend.app.services.document_ingest", "message": "Document 12: content length = 3324 chars", "module": "document_ingest", "function": "chunk_documents", "line": 118}
{"timestamp": "2025-07-08T09:51:19.273479", "level": "INFO", "logger": "backend.app.services.document_ingest", "message": "Document 8 preview: RMSE   0.766   0.7388   0.8388   0.8214   0.7193   Precision@1   0.7697   0.7629   0.6821   0.8357   0.8227   Recall@1   0.351   0.3451   0.2957   0.3968   0.3899   Precision@3   0.5802   0.5752   0.4...", "module": "document_ingest", "function": "chunk_documents", "line": 121}
{"timestamp": "2025-07-08T09:51:19.273518", "level": "INFO", "logger": "backend.app.services.document_ingest", "message": "Document 9: content length = 999 chars", "module": "document_ingest", "function": "chunk_documents", "line": 118}
{"timestamp": "2025-07-08T09:51:19.273558", "level": "INFO", "logger": "backend.app.services.document_ingest", "message": "Document 12 preview: By   comparison,   training   on   sentiment-scaled   ratings   substantially   degrades   performance.   Table   3.2   shows   that   all   models   incur   much   higher   RMSE   (for   instance,   ...", "module": "document_ingest", "function": "chunk_documents", "line": 121}
{"timestamp": "2025-07-08T09:51:19.273600", "level": "INFO", "logger": "backend.app.services.document_ingest", "message": "Document 9 preview:   0   1   2   3   4   Model   SVD   SVD++   NMF   KNN-User   KNN-Item   RMSE   1.0411   1.0078   1.0864   1.0772   1.0076   Precision@1   0.2911   0.3295   0.3773   0.4175   0.4072   Recall@1   0.127 ...", "module": "document_ingest", "function": "chunk_documents", "line": 121}
{"timestamp": "2025-07-08T09:51:19.273642", "level": "INFO", "logger": "backend.app.services.document_ingest", "message": "Document 13: content length = 2602 chars", "module": "document_ingest", "function": "chunk_documents", "line": 118}
{"timestamp": "2025-07-08T09:51:19.273682", "level": "INFO", "logger": "backend.app.services.document_ingest", "message": "Document 10: content length = 78 chars", "module": "document_ingest", "function": "chunk_documents", "line": 118}
{"timestamp": "2025-07-08T09:51:19.273727", "level": "INFO", "logger": "backend.app.services.document_ingest", "message": "Document 13 preview: between   ratings   and   sentiment   scores.   In   effect,   adding   sentiment   as   side   information   imposes   an   extra   constraint   on   the   model.   This   illustrates   the   classic...", "module": "document_ingest", "function": "chunk_documents", "line": 121}
{"timestamp": "2025-07-08T09:51:19.273774", "level": "INFO", "logger": "backend.app.services.document_ingest", "message": "Document 10 preview:       Figure   3.1.   Plots   of   a)   Precision@K   and   b)   Recall@K     ...", "module": "document_ingest", "function": "chunk_documents", "line": 121}
{"timestamp": "2025-07-08T09:51:19.273819", "level": "INFO", "logger": "backend.app.services.document_ingest", "message": "Document 14: content length = 379 chars", "module": "document_ingest", "function": "chunk_documents", "line": 118}
{"timestamp": "2025-07-08T09:51:19.273873", "level": "INFO", "logger": "backend.app.services.document_ingest", "message": "Document 11: content length = 1111 chars", "module": "document_ingest", "function": "chunk_documents", "line": 118}
{"timestamp": "2025-07-08T09:51:19.273916", "level": "INFO", "logger": "backend.app.services.document_ingest", "message": "Document 14 preview: References   1.   Dang,   C.   N.,   Moreno-Garc\u00eda,   M.   N.,   &   Prieta,   F.   D.   L.   (2021).   An   approach   to   integrating   sentiment   analysis   into   recommender   systems.   Sensor...", "module": "document_ingest", "function": "chunk_documents", "line": 121}
{"timestamp": "2025-07-08T09:51:19.277096", "level": "INFO", "logger": "backend.app.services.document_ingest", "message": "Document 11 preview:   Figure   3.1.   Sentiment   Adjusted   Plots   of   a)   Precision@K   and   b)   Recall@K   Tables   3.1   and   3.2   summarize   the   recommendation   accuracy   for   models   trained   on   or...", "module": "document_ingest", "function": "chunk_documents", "line": 121}
{"timestamp": "2025-07-08T09:51:19.277163", "level": "INFO", "logger": "backend.app.services.document_ingest", "message": "Split 15 documents into 48 chunks with size=750, overlap=150", "module": "document_ingest", "function": "chunk_documents", "line": 141}
{"timestamp": "2025-07-08T09:51:19.277255", "level": "INFO", "logger": "backend.app.services.document_ingest", "message": "Document 12: content length = 3324 chars", "module": "document_ingest", "function": "chunk_documents", "line": 118}
{"timestamp": "2025-07-08T09:51:19.277319", "level": "INFO", "logger": "backend.app.services.document_ingest", "message": "Chunk 0: length = 223 chars, metadata = {'source': 'Solo-report_1_bcb0d2fd.pdf', 'page': 0, 'source_path': '/Users/talgatbaktybekov/Desktop/rag_app/data/user_documents/1/Solo-report_1_bcb0d2fd.pdf', 'user_id': 1, 'document_id': 13}", "module": "document_ingest", "function": "chunk_documents", "line": 146}
{"timestamp": "2025-07-08T09:51:19.277364", "level": "INFO", "logger": "backend.app.services.document_ingest", "message": "Chunk 1: length = 345 chars, metadata = {'source': 'Solo-report_1_bcb0d2fd.pdf', 'page': 1, 'source_path': '/Users/talgatbaktybekov/Desktop/rag_app/data/user_documents/1/Solo-report_1_bcb0d2fd.pdf', 'user_id': 1, 'document_id': 13}", "module": "document_ingest", "function": "chunk_documents", "line": 146}
{"timestamp": "2025-07-08T09:51:19.277406", "level": "INFO", "logger": "backend.app.services.document_ingest", "message": "Chunk 2: length = 745 chars, metadata = {'source': 'Solo-report_1_bcb0d2fd.pdf', 'page': 2, 'source_path': '/Users/talgatbaktybekov/Desktop/rag_app/data/user_documents/1/Solo-report_1_bcb0d2fd.pdf', 'user_id': 1, 'document_id': 13}", "module": "document_ingest", "function": "chunk_documents", "line": 146}
{"timestamp": "2025-07-08T09:51:19.278150", "level": "INFO", "logger": "backend.app.services.document_ingest", "message": "Document 12 preview: By   comparison,   training   on   sentiment-scaled   ratings   substantially   degrades   performance.   Table   3.2   shows   that   all   models   incur   much   higher   RMSE   (for   instance,   ...", "module": "document_ingest", "function": "chunk_documents", "line": 121}
{"timestamp": "2025-07-08T09:51:19.278395", "level": "INFO", "logger": "backend.app.services.document_ingest", "message": "Document 13: content length = 2602 chars", "module": "document_ingest", "function": "chunk_documents", "line": 118}
{"timestamp": "2025-07-08T09:51:19.278531", "level": "INFO", "logger": "backend.app.services.document_ingest", "message": "Document 13 preview: between   ratings   and   sentiment   scores.   In   effect,   adding   sentiment   as   side   information   imposes   an   extra   constraint   on   the   model.   This   illustrates   the   classic...", "module": "document_ingest", "function": "chunk_documents", "line": 121}
{"timestamp": "2025-07-08T09:51:19.278580", "level": "INFO", "logger": "backend.app.services.document_ingest", "message": "Document 14: content length = 379 chars", "module": "document_ingest", "function": "chunk_documents", "line": 118}
{"timestamp": "2025-07-08T09:51:19.278652", "level": "INFO", "logger": "backend.app.services.document_ingest", "message": "Document 14 preview: References   1.   Dang,   C.   N.,   Moreno-Garc\u00eda,   M.   N.,   &   Prieta,   F.   D.   L.   (2021).   An   approach   to   integrating   sentiment   analysis   into   recommender   systems.   Sensor...", "module": "document_ingest", "function": "chunk_documents", "line": 121}
{"timestamp": "2025-07-08T09:51:19.281589", "level": "INFO", "logger": "backend.app.services.document_ingest", "message": "Split 15 documents into 48 chunks with size=750, overlap=150", "module": "document_ingest", "function": "chunk_documents", "line": 141}
{"timestamp": "2025-07-08T09:51:19.281790", "level": "INFO", "logger": "backend.app.services.document_ingest", "message": "Chunk 0: length = 223 chars, metadata = {'source': 'Solo-report_1_bcb0d2fd.pdf', 'page': 0, 'source_path': '/Users/talgatbaktybekov/Desktop/rag_app/data/user_documents/1/Solo-report_1_bcb0d2fd.pdf', 'user_id': 1, 'document_id': 13}", "module": "document_ingest", "function": "chunk_documents", "line": 146}
{"timestamp": "2025-07-08T09:51:19.282267", "level": "INFO", "logger": "backend.app.services.document_ingest", "message": "Chunk 1: length = 345 chars, metadata = {'source': 'Solo-report_1_bcb0d2fd.pdf', 'page': 1, 'source_path': '/Users/talgatbaktybekov/Desktop/rag_app/data/user_documents/1/Solo-report_1_bcb0d2fd.pdf', 'user_id': 1, 'document_id': 13}", "module": "document_ingest", "function": "chunk_documents", "line": 146}
{"timestamp": "2025-07-08T09:51:19.282351", "level": "INFO", "logger": "backend.app.services.document_ingest", "message": "Chunk 2: length = 745 chars, metadata = {'source': 'Solo-report_1_bcb0d2fd.pdf', 'page': 2, 'source_path': '/Users/talgatbaktybekov/Desktop/rag_app/data/user_documents/1/Solo-report_1_bcb0d2fd.pdf', 'user_id': 1, 'document_id': 13}", "module": "document_ingest", "function": "chunk_documents", "line": 146}
{"timestamp": "2025-07-08T09:53:07.657481", "level": "INFO", "logger": "backend.app.api.routes_document", "message": "Setting document selection for conversation 8, user 1", "module": "routes_document", "function": "select_documents_for_conversation", "line": 252}
{"timestamp": "2025-07-08T09:53:07.658436", "level": "INFO", "logger": "backend.app.api.routes_document", "message": "Selected document IDs: [13]", "module": "routes_document", "function": "select_documents_for_conversation", "line": 253}
{"timestamp": "2025-07-08T09:53:07.670133", "level": "INFO", "logger": "backend.app.api.routes_document", "message": "Successfully saved 1 document selections for conversation 8", "module": "routes_document", "function": "select_documents_for_conversation", "line": 286}
{"timestamp": "2025-07-08T09:53:14.897002", "level": "INFO", "logger": "backend.app.api.routes_chat", "message": "Question needs context: 'What are the specific objectives that the project aims to achieve based on our previous discussion?'", "module": "routes_chat", "function": "ask", "line": 228}
{"timestamp": "2025-07-08T09:53:14.897139", "level": "INFO", "logger": "backend.app.services.ollama", "message": "Building langchain agent for conversation 8, user 1, needs_context=True", "module": "ollama", "function": "build_langchain_agent", "line": 16}
{"timestamp": "2025-07-08T09:53:14.909127", "level": "INFO", "logger": "backend.app.services.ollama", "message": "Selected document IDs: [13]", "module": "ollama", "function": "build_langchain_agent", "line": 29}
{"timestamp": "2025-07-08T09:53:14.909201", "level": "INFO", "logger": "backend.app.services.ollama", "message": "Retrieving chunks for 1 selected documents", "module": "ollama", "function": "build_langchain_agent", "line": 36}
{"timestamp": "2025-07-08T09:53:14.916899", "level": "INFO", "logger": "backend.app.services.document_ingest", "message": "Retrieving 8 chunks for query: 'What are the specific objectives that the project ...', search_type: advanced_ensemble", "module": "document_ingest", "function": "retrieve_relevant_chunks", "line": 249}
{"timestamp": "2025-07-08T09:53:15.103820", "level": "INFO", "logger": "backend.app.services.document_ingest", "message": "Retrieved 8 chunks", "module": "document_ingest", "function": "_log_search_results", "line": 352}
{"timestamp": "2025-07-08T09:53:15.104111", "level": "INFO", "logger": "backend.app.services.document_ingest", "message": "Document IDs: [13, 13, 13, 13, 13, 13, 13, 13]", "module": "document_ingest", "function": "_log_search_results", "line": 359}
{"timestamp": "2025-07-08T09:53:15.104179", "level": "INFO", "logger": "backend.app.services.document_ingest", "message": "Sources: ['Solo-report_1_bcb0d2fd.pdf', 'Solo-report_1_bcb0d2fd.pdf', 'Solo-report_1_bcb0d2fd.pdf', 'Solo-report_1_bcb0d2fd.pdf', 'Solo-report_1_bcb0d2fd.pdf', 'Solo-report_1_bcb0d2fd.pdf', 'Solo-report_1_bcb0d2fd.pdf', 'Solo-report_1_bcb0d2fd.pdf']", "module": "document_ingest", "function": "_log_search_results", "line": 361}
{"timestamp": "2025-07-08T09:53:15.104231", "level": "INFO", "logger": "backend.app.services.document_ingest", "message": "Chunk 1: only   add   up.   The   expected   benefit   is   twofold:   by   focusing   on   additive   (posit...", "module": "document_ingest", "function": "_log_search_results", "line": 366}
{"timestamp": "2025-07-08T09:53:15.105021", "level": "INFO", "logger": "backend.app.services.document_ingest", "message": "Chunk 2: We   report   precision@K   and   recall@K   for   .   In   summary ,   RMSE   assesses   rating   p...", "module": "document_ingest", "function": "_log_search_results", "line": 366}
{"timestamp": "2025-07-08T09:53:15.106480", "level": "INFO", "logger": "backend.app.services.ollama", "message": "Total context length: 5767 characters", "module": "ollama", "function": "build_langchain_agent", "line": 69}
{"timestamp": "2025-07-08T09:53:15.124352", "level": "WARNING", "logger": "langchain_core.tracers.base", "message": "Parent run 26737ae5-2e03-4d93-9e87-74110875fe40 not found for run fdd262dc-4e66-4285-a88a-4bf8f5a464b1. Treating as a root run.", "module": "base", "function": "_start_trace", "line": 113}
{"timestamp": "2025-07-08T09:53:37.956490", "level": "WARNING", "logger": "langchain_core.callbacks.manager", "message": "Error in RootListenersTracer.on_chain_end callback: AttributeError(\"'SimpleChatHistory' object has no attribute 'add_messages'\")", "module": "manager", "function": "handle_event", "line": 282}
{"timestamp": "2025-07-08T09:53:37.981589", "level": "INFO", "logger": "backend.app.api.routes_chat", "message": "Creating reference mapping for 8 chunks", "module": "routes_chat", "function": "ask", "line": 312}
{"timestamp": "2025-07-08T09:54:59.369164", "level": "INFO", "logger": "backend.app.api.routes_chat", "message": "Question needs context: 'What were the key findings or insights that emerged from achieving the project's objectives?'", "module": "routes_chat", "function": "ask", "line": 228}
{"timestamp": "2025-07-08T09:54:59.369940", "level": "INFO", "logger": "backend.app.services.ollama", "message": "Building langchain agent for conversation 8, user 1, needs_context=True", "module": "ollama", "function": "build_langchain_agent", "line": 16}
{"timestamp": "2025-07-08T09:54:59.387815", "level": "INFO", "logger": "backend.app.services.ollama", "message": "Selected document IDs: [13]", "module": "ollama", "function": "build_langchain_agent", "line": 29}
{"timestamp": "2025-07-08T09:54:59.387886", "level": "INFO", "logger": "backend.app.services.ollama", "message": "Retrieving chunks for 1 selected documents", "module": "ollama", "function": "build_langchain_agent", "line": 36}
{"timestamp": "2025-07-08T09:54:59.394642", "level": "INFO", "logger": "backend.app.services.document_ingest", "message": "Retrieving 8 chunks for query: 'What were the key findings or insights that emerge...', search_type: advanced_ensemble", "module": "document_ingest", "function": "retrieve_relevant_chunks", "line": 249}
{"timestamp": "2025-07-08T09:54:59.579751", "level": "INFO", "logger": "backend.app.services.document_ingest", "message": "Retrieved 8 chunks", "module": "document_ingest", "function": "_log_search_results", "line": 352}
{"timestamp": "2025-07-08T09:54:59.579835", "level": "INFO", "logger": "backend.app.services.document_ingest", "message": "Document IDs: [13, 13, 13, 13, 13, 13, 13, 13]", "module": "document_ingest", "function": "_log_search_results", "line": 359}
{"timestamp": "2025-07-08T09:54:59.579955", "level": "INFO", "logger": "backend.app.services.document_ingest", "message": "Sources: ['Solo-report_1_bcb0d2fd.pdf', 'Solo-report_1_bcb0d2fd.pdf', 'Solo-report_1_bcb0d2fd.pdf', 'Solo-report_1_bcb0d2fd.pdf', 'Solo-report_1_bcb0d2fd.pdf', 'Solo-report_1_bcb0d2fd.pdf', 'Solo-report_1_bcb0d2fd.pdf', 'Solo-report_1_bcb0d2fd.pdf']", "module": "document_ingest", "function": "_log_search_results", "line": 361}
{"timestamp": "2025-07-08T09:54:59.580052", "level": "INFO", "logger": "backend.app.services.document_ingest", "message": "Chunk 1: and   Analysis   To   illustrate   the   findings,   we   prepare   several   plots   and   tables. ...", "module": "document_ingest", "function": "_log_search_results", "line": 366}
{"timestamp": "2025-07-08T09:54:59.580098", "level": "INFO", "logger": "backend.app.services.document_ingest", "message": "Chunk 2: using   Surprise\u2019 s   algorithms   (stochastic   gradient   descent   for   SVD,   SVD++,   NMF;   a...", "module": "document_ingest", "function": "_log_search_results", "line": 366}
{"timestamp": "2025-07-08T09:54:59.580189", "level": "INFO", "logger": "backend.app.services.ollama", "message": "Total context length: 4779 characters", "module": "ollama", "function": "build_langchain_agent", "line": 69}
{"timestamp": "2025-07-08T09:54:59.594576", "level": "WARNING", "logger": "langchain_core.tracers.base", "message": "Parent run 8d2930ce-655f-4675-9d5c-ebeeb64133d9 not found for run 9bdc4e5a-5418-4669-9067-ee769363a537. Treating as a root run.", "module": "base", "function": "_start_trace", "line": 113}
{"timestamp": "2025-07-08T09:55:19.258746", "level": "WARNING", "logger": "langchain_core.callbacks.manager", "message": "Error in RootListenersTracer.on_chain_end callback: AttributeError(\"'SimpleChatHistory' object has no attribute 'add_messages'\")", "module": "manager", "function": "handle_event", "line": 282}
{"timestamp": "2025-07-08T09:55:19.287525", "level": "INFO", "logger": "backend.app.api.routes_chat", "message": "Creating reference mapping for 8 chunks", "module": "routes_chat", "function": "ask", "line": 312}
{"timestamp": "2025-07-08T09:56:41.228182", "level": "INFO", "logger": "backend.app.api.routes_chat", "message": "Question needs context: 'Based on the provided context, can you provide the exact values of the project's evaluation metrics, such as those mentioned in the objectives (e.g. RMSE values)?'", "module": "routes_chat", "function": "ask", "line": 228}
{"timestamp": "2025-07-08T09:56:41.231142", "level": "INFO", "logger": "backend.app.services.ollama", "message": "Building langchain agent for conversation 8, user 1, needs_context=True", "module": "ollama", "function": "build_langchain_agent", "line": 16}
{"timestamp": "2025-07-08T09:56:41.241199", "level": "INFO", "logger": "backend.app.services.ollama", "message": "Selected document IDs: [13]", "module": "ollama", "function": "build_langchain_agent", "line": 29}
{"timestamp": "2025-07-08T09:56:41.241334", "level": "INFO", "logger": "backend.app.services.ollama", "message": "Retrieving chunks for 1 selected documents", "module": "ollama", "function": "build_langchain_agent", "line": 36}
{"timestamp": "2025-07-08T09:56:41.249994", "level": "INFO", "logger": "backend.app.services.document_ingest", "message": "Retrieving 8 chunks for query: 'Based on the provided context, can you provide the...', search_type: advanced_ensemble", "module": "document_ingest", "function": "retrieve_relevant_chunks", "line": 249}
{"timestamp": "2025-07-08T09:56:41.332892", "level": "INFO", "logger": "backend.app.services.document_ingest", "message": "Retrieved 6 chunks", "module": "document_ingest", "function": "_log_search_results", "line": 352}
{"timestamp": "2025-07-08T09:56:41.332972", "level": "INFO", "logger": "backend.app.services.document_ingest", "message": "Document IDs: [13, 13, 13, 13, 13, 13]", "module": "document_ingest", "function": "_log_search_results", "line": 359}
{"timestamp": "2025-07-08T09:56:41.333017", "level": "INFO", "logger": "backend.app.services.document_ingest", "message": "Sources: ['Solo-report_1_bcb0d2fd.pdf', 'Solo-report_1_bcb0d2fd.pdf', 'Solo-report_1_bcb0d2fd.pdf', 'Solo-report_1_bcb0d2fd.pdf', 'Solo-report_1_bcb0d2fd.pdf', 'Solo-report_1_bcb0d2fd.pdf']", "module": "document_ingest", "function": "_log_search_results", "line": 361}
{"timestamp": "2025-07-08T09:56:41.333401", "level": "INFO", "logger": "backend.app.services.document_ingest", "message": "Chunk 1: 2.2.   Evaluation   Metrics   We   evaluate   both   prediction   accuracy   and   top- ranking   qu...", "module": "document_ingest", "function": "_log_search_results", "line": 366}
{"timestamp": "2025-07-08T09:56:41.333466", "level": "INFO", "logger": "backend.app.services.document_ingest", "message": "Chunk 2: We   report   precision@K   and   recall@K   for   .   In   summary ,   RMSE   assesses   rating   p...", "module": "document_ingest", "function": "_log_search_results", "line": 366}
{"timestamp": "2025-07-08T09:56:41.333526", "level": "INFO", "logger": "backend.app.services.ollama", "message": "Total context length: 4487 characters", "module": "ollama", "function": "build_langchain_agent", "line": 69}
{"timestamp": "2025-07-08T09:56:41.352107", "level": "WARNING", "logger": "langchain_core.tracers.base", "message": "Parent run 41d2b782-7296-4a72-a3d4-10e7fdc7586c not found for run 38e904a7-1227-455a-93d6-b75dc827cff7. Treating as a root run.", "module": "base", "function": "_start_trace", "line": 113}
{"timestamp": "2025-07-08T09:56:59.433411", "level": "WARNING", "logger": "langchain_core.callbacks.manager", "message": "Error in RootListenersTracer.on_chain_end callback: AttributeError(\"'SimpleChatHistory' object has no attribute 'add_messages'\")", "module": "manager", "function": "handle_event", "line": 282}
{"timestamp": "2025-07-08T09:56:59.462934", "level": "INFO", "logger": "backend.app.api.routes_chat", "message": "Creating reference mapping for 6 chunks", "module": "routes_chat", "function": "ask", "line": 312}
{"timestamp": "2025-07-08T09:58:50.630856", "level": "INFO", "logger": "root", "message": "Starting application", "module": "main", "function": "<module>", "line": 14}
{"timestamp": "2025-07-08T09:59:02.772402", "level": "INFO", "logger": "root", "message": "Starting application", "module": "main", "function": "<module>", "line": 14}
{"timestamp": "2025-07-08T09:59:06.284134", "level": "INFO", "logger": "root", "message": "Starting application", "module": "main", "function": "<module>", "line": 14}
{"timestamp": "2025-07-08T09:59:13.551775", "level": "INFO", "logger": "root", "message": "Starting application", "module": "main", "function": "<module>", "line": 14}
{"timestamp": "2025-07-08T09:59:31.767645", "level": "INFO", "logger": "root", "message": "Starting application", "module": "main", "function": "<module>", "line": 14}
{"timestamp": "2025-07-08T09:59:36.280518", "level": "INFO", "logger": "root", "message": "Starting application", "module": "main", "function": "<module>", "line": 14}
{"timestamp": "2025-07-08T09:59:37.692215", "level": "INFO", "logger": "root", "message": "Starting application", "module": "main", "function": "<module>", "line": 14}
{"timestamp": "2025-07-08T09:59:41.877381", "level": "INFO", "logger": "root", "message": "Starting application", "module": "main", "function": "<module>", "line": 14}
{"timestamp": "2025-07-08T09:59:48.450968", "level": "INFO", "logger": "root", "message": "Starting application", "module": "main", "function": "<module>", "line": 14}
{"timestamp": "2025-07-08T09:59:52.081821", "level": "INFO", "logger": "root", "message": "Starting application", "module": "main", "function": "<module>", "line": 14}
{"timestamp": "2025-07-08T10:01:33.693574", "level": "INFO", "logger": "root", "message": "Starting application", "module": "main", "function": "<module>", "line": 14}
{"timestamp": "2025-07-08T10:01:36.212323", "level": "INFO", "logger": "root", "message": "Starting application", "module": "main", "function": "<module>", "line": 14}
{"timestamp": "2025-07-08T10:01:39.027961", "level": "INFO", "logger": "root", "message": "Starting application", "module": "main", "function": "<module>", "line": 14}
{"timestamp": "2025-07-08T10:01:40.139938", "level": "INFO", "logger": "root", "message": "Starting application", "module": "main", "function": "<module>", "line": 14}
{"timestamp": "2025-07-08T10:01:43.144697", "level": "INFO", "logger": "root", "message": "Starting application", "module": "main", "function": "<module>", "line": 14}
{"timestamp": "2025-07-08T10:01:44.806827", "level": "INFO", "logger": "root", "message": "Starting application", "module": "main", "function": "<module>", "line": 14}
{"timestamp": "2025-07-08T10:01:46.345658", "level": "INFO", "logger": "root", "message": "Starting application", "module": "main", "function": "<module>", "line": 14}
{"timestamp": "2025-07-08T10:01:48.452225", "level": "INFO", "logger": "root", "message": "Starting application", "module": "main", "function": "<module>", "line": 14}
{"timestamp": "2025-07-08T10:01:51.865542", "level": "INFO", "logger": "root", "message": "Starting application", "module": "main", "function": "<module>", "line": 14}
{"timestamp": "2025-07-08T10:01:54.448358", "level": "INFO", "logger": "root", "message": "Starting application", "module": "main", "function": "<module>", "line": 14}
{"timestamp": "2025-07-08T10:01:56.390084", "level": "INFO", "logger": "root", "message": "Starting application", "module": "main", "function": "<module>", "line": 14}
{"timestamp": "2025-07-08T10:01:57.364947", "level": "INFO", "logger": "root", "message": "Starting application", "module": "main", "function": "<module>", "line": 14}
{"timestamp": "2025-07-08T10:02:00.057001", "level": "INFO", "logger": "root", "message": "Starting application", "module": "main", "function": "<module>", "line": 14}
{"timestamp": "2025-07-08T10:02:03.305620", "level": "INFO", "logger": "root", "message": "Starting application", "module": "main", "function": "<module>", "line": 14}
{"timestamp": "2025-07-08T10:02:07.414312", "level": "INFO", "logger": "root", "message": "Starting application", "module": "main", "function": "<module>", "line": 14}
{"timestamp": "2025-07-08T10:02:20.397883", "level": "INFO", "logger": "root", "message": "Starting application", "module": "main", "function": "<module>", "line": 14}
{"timestamp": "2025-07-08T10:02:21.264059", "level": "INFO", "logger": "root", "message": "Starting application", "module": "main", "function": "<module>", "line": 14}
{"timestamp": "2025-07-08T10:02:25.169708", "level": "INFO", "logger": "root", "message": "Starting application", "module": "main", "function": "<module>", "line": 14}
{"timestamp": "2025-07-08T10:02:27.229730", "level": "INFO", "logger": "root", "message": "Starting application", "module": "main", "function": "<module>", "line": 14}
{"timestamp": "2025-07-08T10:02:30.020645", "level": "INFO", "logger": "root", "message": "Starting application", "module": "main", "function": "<module>", "line": 14}
{"timestamp": "2025-07-08T10:02:36.182999", "level": "INFO", "logger": "root", "message": "Starting application", "module": "main", "function": "<module>", "line": 14}
{"timestamp": "2025-07-08T10:02:40.250008", "level": "INFO", "logger": "root", "message": "Starting application", "module": "main", "function": "<module>", "line": 14}
{"timestamp": "2025-07-08T10:04:24.206969", "level": "INFO", "logger": "root", "message": "Starting application", "module": "main", "function": "<module>", "line": 14}
{"timestamp": "2025-07-08T10:04:25.845937", "level": "INFO", "logger": "root", "message": "Starting application", "module": "main", "function": "<module>", "line": 14}
{"timestamp": "2025-07-08T10:04:33.740916", "level": "INFO", "logger": "root", "message": "Starting application", "module": "main", "function": "<module>", "line": 14}
{"timestamp": "2025-07-08T10:04:38.233592", "level": "INFO", "logger": "root", "message": "Starting application", "module": "main", "function": "<module>", "line": 14}
{"timestamp": "2025-07-08T10:05:06.208120", "level": "INFO", "logger": "root", "message": "Starting application", "module": "main", "function": "<module>", "line": 14}
{"timestamp": "2025-07-08T10:05:09.130119", "level": "INFO", "logger": "root", "message": "Starting application", "module": "main", "function": "<module>", "line": 14}
{"timestamp": "2025-07-08T10:05:14.117549", "level": "INFO", "logger": "root", "message": "Starting application", "module": "main", "function": "<module>", "line": 14}
{"timestamp": "2025-07-08T10:05:19.695079", "level": "INFO", "logger": "root", "message": "Starting application", "module": "main", "function": "<module>", "line": 14}
{"timestamp": "2025-07-08T10:06:36.603396", "level": "INFO", "logger": "root", "message": "Starting application", "module": "main", "function": "<module>", "line": 14}
{"timestamp": "2025-07-08T10:06:39.897823", "level": "INFO", "logger": "chromadb.telemetry.product.posthog", "message": "Anonymized telemetry enabled. See                     https://docs.trychroma.com/telemetry for more information.", "module": "posthog", "function": "__init__", "line": 20}
{"timestamp": "2025-07-08T10:06:40.075497", "level": "INFO", "logger": "backend.app.services.document_ingest", "message": "Deleted 96 chunks for document_id 13", "module": "document_ingest", "function": "delete_document_from_vectorstore", "line": 393}
{"timestamp": "2025-07-08T10:06:46.398682", "level": "INFO", "logger": "root", "message": "Starting application", "module": "main", "function": "<module>", "line": 14}
{"timestamp": "2025-07-08T10:06:46.581792", "level": "INFO", "logger": "backend.app.api.routes_document", "message": "Successfully uploaded file: Solo-report_1_bcb0d2fd.pdf", "module": "routes_document", "function": "upload_user_documents", "line": 155}
{"timestamp": "2025-07-08T10:06:47.140655", "level": "INFO", "logger": "backend.app.services.document_ingest", "message": "Loaded 15 pages from Solo-report_1_bcb0d2fd.pdf", "module": "document_ingest", "function": "load_documents_from_pdfs", "line": 75}
{"timestamp": "2025-07-08T10:06:47.145612", "level": "INFO", "logger": "backend.app.services.document_ingest", "message": "Loaded 15 pages from Solo-report_1_bcb0d2fd.pdf", "module": "document_ingest", "function": "load_documents_from_pdfs", "line": 75}
{"timestamp": "2025-07-08T10:06:47.145706", "level": "INFO", "logger": "backend.app.services.document_ingest", "message": "Document 0: content length = 234 chars", "module": "document_ingest", "function": "chunk_documents", "line": 118}
{"timestamp": "2025-07-08T10:06:47.145776", "level": "INFO", "logger": "backend.app.services.document_ingest", "message": "Document 0: content length = 234 chars", "module": "document_ingest", "function": "chunk_documents", "line": 118}
{"timestamp": "2025-07-08T10:06:47.145861", "level": "INFO", "logger": "backend.app.services.document_ingest", "message": "Document 0 preview:       SDSC3002   Data   Mining     Book   Recommendation   System   Using   Collaborative   Filtering   Methods   Incorporating   Review   Sentiment   Scores           Team   \u201cSolo\u201d   Members:   BAKTY...", "module": "document_ingest", "function": "chunk_documents", "line": 121}
{"timestamp": "2025-07-08T10:06:47.145920", "level": "INFO", "logger": "backend.app.services.document_ingest", "message": "Document 0 preview:       SDSC3002   Data   Mining     Book   Recommendation   System   Using   Collaborative   Filtering   Methods   Incorporating   Review   Sentiment   Scores           Team   \u201cSolo\u201d   Members:   BAKTY...", "module": "document_ingest", "function": "chunk_documents", "line": 121}
{"timestamp": "2025-07-08T10:06:47.146013", "level": "INFO", "logger": "backend.app.services.document_ingest", "message": "Document 1: content length = 349 chars", "module": "document_ingest", "function": "chunk_documents", "line": 118}
{"timestamp": "2025-07-08T10:06:47.146059", "level": "INFO", "logger": "backend.app.services.document_ingest", "message": "Document 1 preview: Table   of   Contents   1.   Introduction   3   1.1.   Dataset   description   3   2.   Methodology   4   2.1.   Task   Description   4   2.2.   Evaluation   Metrics   5   2.3.   Models   Used   6   2...", "module": "document_ingest", "function": "chunk_documents", "line": 121}
{"timestamp": "2025-07-08T10:06:47.146117", "level": "INFO", "logger": "backend.app.services.document_ingest", "message": "Document 2: content length = 2911 chars", "module": "document_ingest", "function": "chunk_documents", "line": 118}
{"timestamp": "2025-07-08T10:06:47.146162", "level": "INFO", "logger": "backend.app.services.document_ingest", "message": "Document 2 preview: 1.   Introduction   Recommender   systems   play   a   central   role   in   modern   digital   platforms,   helping   users   discover   content,   products,   or   services   that   align   with   t...", "module": "document_ingest", "function": "chunk_documents", "line": 121}
{"timestamp": "2025-07-08T10:06:47.146200", "level": "INFO", "logger": "backend.app.services.document_ingest", "message": "Document 3: content length = 2876 chars", "module": "document_ingest", "function": "chunk_documents", "line": 118}
{"timestamp": "2025-07-08T10:06:47.146258", "level": "INFO", "logger": "backend.app.services.document_ingest", "message": "Document 1: content length = 349 chars", "module": "document_ingest", "function": "chunk_documents", "line": 118}
{"timestamp": "2025-07-08T10:06:47.146431", "level": "INFO", "logger": "backend.app.services.document_ingest", "message": "Document 3 preview: publishedDate,   categories,   ratingsCount .   Additionally,   a   sent iment   score   is   computed   for   each   review   using   a   pre-trained   PyTorch   neural   network   model   that   ana...", "module": "document_ingest", "function": "chunk_documents", "line": 121}
{"timestamp": "2025-07-08T10:06:47.146532", "level": "INFO", "logger": "backend.app.services.document_ingest", "message": "Document 1 preview: Table   of   Contents   1.   Introduction   3   1.1.   Dataset   description   3   2.   Methodology   4   2.1.   Task   Description   4   2.2.   Evaluation   Metrics   5   2.3.   Models   Used   6   2...", "module": "document_ingest", "function": "chunk_documents", "line": 121}
{"timestamp": "2025-07-08T10:06:47.146602", "level": "INFO", "logger": "backend.app.services.document_ingest", "message": "Document 4: content length = 1215 chars", "module": "document_ingest", "function": "chunk_documents", "line": 118}
{"timestamp": "2025-07-08T10:06:47.146649", "level": "INFO", "logger": "backend.app.services.document_ingest", "message": "Document 2: content length = 2911 chars", "module": "document_ingest", "function": "chunk_documents", "line": 118}
{"timestamp": "2025-07-08T10:06:47.146695", "level": "INFO", "logger": "backend.app.services.document_ingest", "message": "Document 4 preview: 2.2.   Evaluation   Metrics   We   evaluate   both   prediction   accuracy   and   top- ranking   quality:   \u25cf   Root   Mean   Squar ed   Error   (RMSE):   Measures   the   accuracy   of   the   predi...", "module": "document_ingest", "function": "chunk_documents", "line": 121}
{"timestamp": "2025-07-08T10:06:47.146763", "level": "INFO", "logger": "backend.app.services.document_ingest", "message": "Document 2 preview: 1.   Introduction   Recommender   systems   play   a   central   role   in   modern   digital   platforms,   helping   users   discover   content,   products,   or   services   that   align   with   t...", "module": "document_ingest", "function": "chunk_documents", "line": 121}
{"timestamp": "2025-07-08T10:06:47.146841", "level": "INFO", "logger": "backend.app.services.document_ingest", "message": "Document 5: content length = 3013 chars", "module": "document_ingest", "function": "chunk_documents", "line": 118}
{"timestamp": "2025-07-08T10:06:47.146907", "level": "INFO", "logger": "backend.app.services.document_ingest", "message": "Document 3: content length = 2876 chars", "module": "document_ingest", "function": "chunk_documents", "line": 118}
{"timestamp": "2025-07-08T10:06:47.146979", "level": "INFO", "logger": "backend.app.services.document_ingest", "message": "Document 5 preview: We   report   precision@K   and   recall@K   for   .   In   summary ,   RMSE   assesses   rating   prediction   accuracy ,   while   Precision@K   and   Recall@K   measure   the   accuracy   and   com...", "module": "document_ingest", "function": "chunk_documents", "line": 121}
{"timestamp": "2025-07-08T10:06:47.147032", "level": "INFO", "logger": "backend.app.services.document_ingest", "message": "Document 3 preview: publishedDate,   categories,   ratingsCount .   Additionally,   a   sent iment   score   is   computed   for   each   review   using   a   pre-trained   PyTorch   neural   network   model   that   ana...", "module": "document_ingest", "function": "chunk_documents", "line": 121}
{"timestamp": "2025-07-08T10:06:47.147099", "level": "INFO", "logger": "backend.app.services.document_ingest", "message": "Document 6: content length = 3336 chars", "module": "document_ingest", "function": "chunk_documents", "line": 118}
{"timestamp": "2025-07-08T10:06:47.147161", "level": "INFO", "logger": "backend.app.services.document_ingest", "message": "Document 4: content length = 1215 chars", "module": "document_ingest", "function": "chunk_documents", "line": 118}
{"timestamp": "2025-07-08T10:06:47.147201", "level": "INFO", "logger": "backend.app.services.document_ingest", "message": "Document 4 preview: 2.2.   Evaluation   Metrics   We   evaluate   both   prediction   accuracy   and   top- ranking   quality:   \u25cf   Root   Mean   Squar ed   Error   (RMSE):   Measures   the   accuracy   of   the   predi...", "module": "document_ingest", "function": "chunk_documents", "line": 121}
{"timestamp": "2025-07-08T10:06:47.147250", "level": "INFO", "logger": "backend.app.services.document_ingest", "message": "Document 6 preview: only   add   up.   The   expected   benefit   is   twofold:   by   focusing   on   additive   (positive)   contributions,   NMF   can   reduce   noise   from   arbitrary   sign   interactions,   and  ...", "module": "document_ingest", "function": "chunk_documents", "line": 121}
{"timestamp": "2025-07-08T10:06:47.147308", "level": "INFO", "logger": "backend.app.services.document_ingest", "message": "Document 5: content length = 3013 chars", "module": "document_ingest", "function": "chunk_documents", "line": 118}
{"timestamp": "2025-07-08T10:06:47.147357", "level": "INFO", "logger": "backend.app.services.document_ingest", "message": "Document 7: content length = 1980 chars", "module": "document_ingest", "function": "chunk_documents", "line": 118}
{"timestamp": "2025-07-08T10:06:47.147445", "level": "INFO", "logger": "backend.app.services.document_ingest", "message": "Document 5 preview: We   report   precision@K   and   recall@K   for   .   In   summary ,   RMSE   assesses   rating   prediction   accuracy ,   while   Precision@K   and   Recall@K   measure   the   accuracy   and   com...", "module": "document_ingest", "function": "chunk_documents", "line": 121}
{"timestamp": "2025-07-08T10:06:47.147489", "level": "INFO", "logger": "backend.app.services.document_ingest", "message": "Document 6: content length = 3336 chars", "module": "document_ingest", "function": "chunk_documents", "line": 118}
{"timestamp": "2025-07-08T10:06:47.147532", "level": "INFO", "logger": "backend.app.services.document_ingest", "message": "Document 6 preview: only   add   up.   The   expected   benefit   is   twofold:   by   focusing   on   additive   (positive)   contributions,   NMF   can   reduce   noise   from   arbitrary   sign   interactions,   and  ...", "module": "document_ingest", "function": "chunk_documents", "line": 121}
{"timestamp": "2025-07-08T10:06:47.147569", "level": "INFO", "logger": "backend.app.services.document_ingest", "message": "Document 7: content length = 1980 chars", "module": "document_ingest", "function": "chunk_documents", "line": 118}
{"timestamp": "2025-07-08T10:06:47.147689", "level": "INFO", "logger": "backend.app.services.document_ingest", "message": "Document 7 preview: data   from   sentiment.   We   expect   that   combining   these   approaches   will   yield   a   more   accurate   and   interpretable   book   recommender .   2.4.   Experiment   Setup   We   perf...", "module": "document_ingest", "function": "chunk_documents", "line": 121}
{"timestamp": "2025-07-08T10:06:47.147781", "level": "INFO", "logger": "backend.app.services.document_ingest", "message": "Document 7 preview: data   from   sentiment.   We   expect   that   combining   these   approaches   will   yield   a   more   accurate   and   interpretable   book   recommender .   2.4.   Experiment   Setup   We   perf...", "module": "document_ingest", "function": "chunk_documents", "line": 121}
{"timestamp": "2025-07-08T10:06:47.147871", "level": "INFO", "logger": "backend.app.services.document_ingest", "message": "Document 8: content length = 925 chars", "module": "document_ingest", "function": "chunk_documents", "line": 118}
{"timestamp": "2025-07-08T10:06:47.147932", "level": "INFO", "logger": "backend.app.services.document_ingest", "message": "Document 8: content length = 925 chars", "module": "document_ingest", "function": "chunk_documents", "line": 118}
{"timestamp": "2025-07-08T10:06:47.147993", "level": "INFO", "logger": "backend.app.services.document_ingest", "message": "Document 8 preview: RMSE   0.766   0.7388   0.8388   0.8214   0.7193   Precision@1   0.7697   0.7629   0.6821   0.8357   0.8227   Recall@1   0.351   0.3451   0.2957   0.3968   0.3899   Precision@3   0.5802   0.5752   0.4...", "module": "document_ingest", "function": "chunk_documents", "line": 121}
{"timestamp": "2025-07-08T10:06:47.148040", "level": "INFO", "logger": "backend.app.services.document_ingest", "message": "Document 9: content length = 999 chars", "module": "document_ingest", "function": "chunk_documents", "line": 118}
{"timestamp": "2025-07-08T10:06:47.148128", "level": "INFO", "logger": "backend.app.services.document_ingest", "message": "Document 8 preview: RMSE   0.766   0.7388   0.8388   0.8214   0.7193   Precision@1   0.7697   0.7629   0.6821   0.8357   0.8227   Recall@1   0.351   0.3451   0.2957   0.3968   0.3899   Precision@3   0.5802   0.5752   0.4...", "module": "document_ingest", "function": "chunk_documents", "line": 121}
{"timestamp": "2025-07-08T10:06:47.148174", "level": "INFO", "logger": "backend.app.services.document_ingest", "message": "Document 9: content length = 999 chars", "module": "document_ingest", "function": "chunk_documents", "line": 118}
{"timestamp": "2025-07-08T10:06:47.148239", "level": "INFO", "logger": "backend.app.services.document_ingest", "message": "Document 9 preview:   0   1   2   3   4   Model   SVD   SVD++   NMF   KNN-User   KNN-Item   RMSE   1.0411   1.0078   1.0864   1.0772   1.0076   Precision@1   0.2911   0.3295   0.3773   0.4175   0.4072   Recall@1   0.127 ...", "module": "document_ingest", "function": "chunk_documents", "line": 121}
{"timestamp": "2025-07-08T10:06:47.148376", "level": "INFO", "logger": "backend.app.services.document_ingest", "message": "Document 10: content length = 78 chars", "module": "document_ingest", "function": "chunk_documents", "line": 118}
{"timestamp": "2025-07-08T10:06:47.148459", "level": "INFO", "logger": "backend.app.services.document_ingest", "message": "Document 9 preview:   0   1   2   3   4   Model   SVD   SVD++   NMF   KNN-User   KNN-Item   RMSE   1.0411   1.0078   1.0864   1.0772   1.0076   Precision@1   0.2911   0.3295   0.3773   0.4175   0.4072   Recall@1   0.127 ...", "module": "document_ingest", "function": "chunk_documents", "line": 121}
{"timestamp": "2025-07-08T10:06:47.148621", "level": "INFO", "logger": "backend.app.services.document_ingest", "message": "Document 10 preview:       Figure   3.1.   Plots   of   a)   Precision@K   and   b)   Recall@K     ...", "module": "document_ingest", "function": "chunk_documents", "line": 121}
{"timestamp": "2025-07-08T10:06:47.148686", "level": "INFO", "logger": "backend.app.services.document_ingest", "message": "Document 10: content length = 78 chars", "module": "document_ingest", "function": "chunk_documents", "line": 118}
{"timestamp": "2025-07-08T10:06:47.148730", "level": "INFO", "logger": "backend.app.services.document_ingest", "message": "Document 10 preview:       Figure   3.1.   Plots   of   a)   Precision@K   and   b)   Recall@K     ...", "module": "document_ingest", "function": "chunk_documents", "line": 121}
{"timestamp": "2025-07-08T10:06:47.148827", "level": "INFO", "logger": "backend.app.services.document_ingest", "message": "Document 11: content length = 1111 chars", "module": "document_ingest", "function": "chunk_documents", "line": 118}
{"timestamp": "2025-07-08T10:06:47.148906", "level": "INFO", "logger": "backend.app.services.document_ingest", "message": "Document 11: content length = 1111 chars", "module": "document_ingest", "function": "chunk_documents", "line": 118}
{"timestamp": "2025-07-08T10:06:47.149009", "level": "INFO", "logger": "backend.app.services.document_ingest", "message": "Document 11 preview:   Figure   3.1.   Sentiment   Adjusted   Plots   of   a)   Precision@K   and   b)   Recall@K   Tables   3.1   and   3.2   summarize   the   recommendation   accuracy   for   models   trained   on   or...", "module": "document_ingest", "function": "chunk_documents", "line": 121}
{"timestamp": "2025-07-08T10:06:47.149108", "level": "INFO", "logger": "backend.app.services.document_ingest", "message": "Document 11 preview:   Figure   3.1.   Sentiment   Adjusted   Plots   of   a)   Precision@K   and   b)   Recall@K   Tables   3.1   and   3.2   summarize   the   recommendation   accuracy   for   models   trained   on   or...", "module": "document_ingest", "function": "chunk_documents", "line": 121}
{"timestamp": "2025-07-08T10:06:47.149168", "level": "INFO", "logger": "backend.app.services.document_ingest", "message": "Document 12: content length = 3324 chars", "module": "document_ingest", "function": "chunk_documents", "line": 118}
{"timestamp": "2025-07-08T10:06:47.149242", "level": "INFO", "logger": "backend.app.services.document_ingest", "message": "Document 12: content length = 3324 chars", "module": "document_ingest", "function": "chunk_documents", "line": 118}
{"timestamp": "2025-07-08T10:06:47.149307", "level": "INFO", "logger": "backend.app.services.document_ingest", "message": "Document 12 preview: By   comparison,   training   on   sentiment-scaled   ratings   substantially   degrades   performance.   Table   3.2   shows   that   all   models   incur   much   higher   RMSE   (for   instance,   ...", "module": "document_ingest", "function": "chunk_documents", "line": 121}
{"timestamp": "2025-07-08T10:06:47.149353", "level": "INFO", "logger": "backend.app.services.document_ingest", "message": "Document 12 preview: By   comparison,   training   on   sentiment-scaled   ratings   substantially   degrades   performance.   Table   3.2   shows   that   all   models   incur   much   higher   RMSE   (for   instance,   ...", "module": "document_ingest", "function": "chunk_documents", "line": 121}
{"timestamp": "2025-07-08T10:06:47.149390", "level": "INFO", "logger": "backend.app.services.document_ingest", "message": "Document 13: content length = 2602 chars", "module": "document_ingest", "function": "chunk_documents", "line": 118}
{"timestamp": "2025-07-08T10:06:47.149440", "level": "INFO", "logger": "backend.app.services.document_ingest", "message": "Document 13: content length = 2602 chars", "module": "document_ingest", "function": "chunk_documents", "line": 118}
{"timestamp": "2025-07-08T10:06:47.149513", "level": "INFO", "logger": "backend.app.services.document_ingest", "message": "Document 13 preview: between   ratings   and   sentiment   scores.   In   effect,   adding   sentiment   as   side   information   imposes   an   extra   constraint   on   the   model.   This   illustrates   the   classic...", "module": "document_ingest", "function": "chunk_documents", "line": 121}
{"timestamp": "2025-07-08T10:06:47.149590", "level": "INFO", "logger": "backend.app.services.document_ingest", "message": "Document 13 preview: between   ratings   and   sentiment   scores.   In   effect,   adding   sentiment   as   side   information   imposes   an   extra   constraint   on   the   model.   This   illustrates   the   classic...", "module": "document_ingest", "function": "chunk_documents", "line": 121}
{"timestamp": "2025-07-08T10:06:47.149640", "level": "INFO", "logger": "backend.app.services.document_ingest", "message": "Document 14: content length = 379 chars", "module": "document_ingest", "function": "chunk_documents", "line": 118}
{"timestamp": "2025-07-08T10:06:47.149693", "level": "INFO", "logger": "backend.app.services.document_ingest", "message": "Document 14: content length = 379 chars", "module": "document_ingest", "function": "chunk_documents", "line": 118}
{"timestamp": "2025-07-08T10:06:47.149757", "level": "INFO", "logger": "backend.app.services.document_ingest", "message": "Document 14 preview: References   1.   Dang,   C.   N.,   Moreno-Garc\u00eda,   M.   N.,   &   Prieta,   F.   D.   L.   (2021).   An   approach   to   integrating   sentiment   analysis   into   recommender   systems.   Sensor...", "module": "document_ingest", "function": "chunk_documents", "line": 121}
{"timestamp": "2025-07-08T10:06:47.153168", "level": "INFO", "logger": "backend.app.services.document_ingest", "message": "Document 14 preview: References   1.   Dang,   C.   N.,   Moreno-Garc\u00eda,   M.   N.,   &   Prieta,   F.   D.   L.   (2021).   An   approach   to   integrating   sentiment   analysis   into   recommender   systems.   Sensor...", "module": "document_ingest", "function": "chunk_documents", "line": 121}
{"timestamp": "2025-07-08T10:06:47.156212", "level": "INFO", "logger": "backend.app.services.document_ingest", "message": "Split 15 documents into 76 chunks with size=500, overlap=150", "module": "document_ingest", "function": "chunk_documents", "line": 141}
{"timestamp": "2025-07-08T10:06:47.156325", "level": "INFO", "logger": "backend.app.services.document_ingest", "message": "Split 15 documents into 76 chunks with size=500, overlap=150", "module": "document_ingest", "function": "chunk_documents", "line": 141}
{"timestamp": "2025-07-08T10:06:47.156428", "level": "INFO", "logger": "backend.app.services.document_ingest", "message": "Chunk 0: length = 223 chars, metadata = {'source': 'Solo-report_1_bcb0d2fd.pdf', 'page': 0, 'source_path': '/Users/talgatbaktybekov/Desktop/rag_app/data/user_documents/1/Solo-report_1_bcb0d2fd.pdf', 'user_id': 1, 'document_id': 14}", "module": "document_ingest", "function": "chunk_documents", "line": 146}
{"timestamp": "2025-07-08T10:06:47.156486", "level": "INFO", "logger": "backend.app.services.document_ingest", "message": "Chunk 0: length = 223 chars, metadata = {'source': 'Solo-report_1_bcb0d2fd.pdf', 'page': 0, 'source_path': '/Users/talgatbaktybekov/Desktop/rag_app/data/user_documents/1/Solo-report_1_bcb0d2fd.pdf', 'user_id': 1, 'document_id': 14}", "module": "document_ingest", "function": "chunk_documents", "line": 146}
{"timestamp": "2025-07-08T10:06:47.156532", "level": "INFO", "logger": "backend.app.services.document_ingest", "message": "Chunk 1: length = 345 chars, metadata = {'source': 'Solo-report_1_bcb0d2fd.pdf', 'page': 1, 'source_path': '/Users/talgatbaktybekov/Desktop/rag_app/data/user_documents/1/Solo-report_1_bcb0d2fd.pdf', 'user_id': 1, 'document_id': 14}", "module": "document_ingest", "function": "chunk_documents", "line": 146}
{"timestamp": "2025-07-08T10:06:47.156593", "level": "INFO", "logger": "backend.app.services.document_ingest", "message": "Chunk 1: length = 345 chars, metadata = {'source': 'Solo-report_1_bcb0d2fd.pdf', 'page': 1, 'source_path': '/Users/talgatbaktybekov/Desktop/rag_app/data/user_documents/1/Solo-report_1_bcb0d2fd.pdf', 'user_id': 1, 'document_id': 14}", "module": "document_ingest", "function": "chunk_documents", "line": 146}
{"timestamp": "2025-07-08T10:06:47.156660", "level": "INFO", "logger": "backend.app.services.document_ingest", "message": "Chunk 2: length = 490 chars, metadata = {'source': 'Solo-report_1_bcb0d2fd.pdf', 'page': 2, 'source_path': '/Users/talgatbaktybekov/Desktop/rag_app/data/user_documents/1/Solo-report_1_bcb0d2fd.pdf', 'user_id': 1, 'document_id': 14}", "module": "document_ingest", "function": "chunk_documents", "line": 146}
{"timestamp": "2025-07-08T10:06:47.156775", "level": "INFO", "logger": "backend.app.services.document_ingest", "message": "Chunk 2: length = 490 chars, metadata = {'source': 'Solo-report_1_bcb0d2fd.pdf', 'page': 2, 'source_path': '/Users/talgatbaktybekov/Desktop/rag_app/data/user_documents/1/Solo-report_1_bcb0d2fd.pdf', 'user_id': 1, 'document_id': 14}", "module": "document_ingest", "function": "chunk_documents", "line": 146}
{"timestamp": "2025-07-08T10:06:47.371650", "level": "INFO", "logger": "chromadb.telemetry.product.posthog", "message": "Anonymized telemetry enabled. See                     https://docs.trychroma.com/telemetry for more information.", "module": "posthog", "function": "__init__", "line": 20}
{"timestamp": "2025-07-08T10:07:10.496812", "level": "INFO", "logger": "backend.app.api.routes_document", "message": "Setting document selection for conversation 9, user 1", "module": "routes_document", "function": "select_documents_for_conversation", "line": 252}
{"timestamp": "2025-07-08T10:07:10.497883", "level": "INFO", "logger": "backend.app.api.routes_document", "message": "Selected document IDs: [14]", "module": "routes_document", "function": "select_documents_for_conversation", "line": 253}
{"timestamp": "2025-07-08T10:07:10.511865", "level": "INFO", "logger": "backend.app.api.routes_document", "message": "Successfully saved 1 document selections for conversation 9", "module": "routes_document", "function": "select_documents_for_conversation", "line": 286}
{"timestamp": "2025-07-08T10:07:16.455348", "level": "INFO", "logger": "backend.app.api.routes_chat", "message": "Question needs context: 'What are the specific objectives of this project that you want to achieve with the proposed solutions?'", "module": "routes_chat", "function": "ask", "line": 228}
{"timestamp": "2025-07-08T10:07:16.455677", "level": "INFO", "logger": "backend.app.services.ollama", "message": "Building langchain agent for conversation 9, user 1, needs_context=True", "module": "ollama", "function": "build_langchain_agent", "line": 16}
{"timestamp": "2025-07-08T10:07:16.462813", "level": "INFO", "logger": "backend.app.services.ollama", "message": "Selected document IDs: [14]", "module": "ollama", "function": "build_langchain_agent", "line": 29}
{"timestamp": "2025-07-08T10:07:16.462899", "level": "INFO", "logger": "backend.app.services.ollama", "message": "Retrieving chunks for 1 selected documents", "module": "ollama", "function": "build_langchain_agent", "line": 36}
{"timestamp": "2025-07-08T10:07:16.471411", "level": "INFO", "logger": "backend.app.services.document_ingest", "message": "Retrieving 8 chunks for query: 'What are the specific objectives of this project that you want to achieve with the proposed solution...', search_type: advanced_ensemble", "module": "document_ingest", "function": "retrieve_relevant_chunks", "line": 249}
{"timestamp": "2025-07-08T10:07:16.906851", "level": "INFO", "logger": "backend.app.services.document_ingest", "message": "Retrieved 8 chunks", "module": "document_ingest", "function": "_log_search_results", "line": 352}
{"timestamp": "2025-07-08T10:07:16.907057", "level": "INFO", "logger": "backend.app.services.document_ingest", "message": "Document IDs: [14, 14, 14, 14, 14, 14, 14, 14]", "module": "document_ingest", "function": "_log_search_results", "line": 359}
{"timestamp": "2025-07-08T10:07:16.907215", "level": "INFO", "logger": "backend.app.services.document_ingest", "message": "Sources: ['Solo-report_1_bcb0d2fd.pdf', 'Solo-report_1_bcb0d2fd.pdf', 'Solo-report_1_bcb0d2fd.pdf', 'Solo-report_1_bcb0d2fd.pdf', 'Solo-report_1_bcb0d2fd.pdf', 'Solo-report_1_bcb0d2fd.pdf', 'Solo-report_1_bcb0d2fd.pdf', 'Solo-report_1_bcb0d2fd.pdf']", "module": "document_ingest", "function": "_log_search_results", "line": 361}
{"timestamp": "2025-07-08T10:07:16.907403", "level": "INFO", "logger": "backend.app.services.document_ingest", "message": "Chunk 1: between   users   and   items   and   thereby   produce   clear ,   interpretable   recommendations....", "module": "document_ingest", "function": "_log_search_results", "line": 366}
{"timestamp": "2025-07-08T10:07:16.907537", "level": "INFO", "logger": "backend.app.services.document_ingest", "message": "Chunk 2: opinions   not   fully   reflected   by   the   rating   alone,   thereby   improving   recommendati...", "module": "document_ingest", "function": "_log_search_results", "line": 366}
{"timestamp": "2025-07-08T10:07:16.907788", "level": "INFO", "logger": "backend.app.services.ollama", "message": "Total context length: 4326 characters", "module": "ollama", "function": "build_langchain_agent", "line": 69}
{"timestamp": "2025-07-08T10:07:16.937592", "level": "WARNING", "logger": "langchain_core.tracers.base", "message": "Parent run a9626cd4-8fe6-4568-b880-8c6eceac0e50 not found for run 8f64defb-fc40-4ce5-8f5d-c30d4dc18b23. Treating as a root run.", "module": "base", "function": "_start_trace", "line": 113}
{"timestamp": "2025-07-08T10:07:53.783475", "level": "WARNING", "logger": "langchain_core.callbacks.manager", "message": "Error in RootListenersTracer.on_chain_end callback: AttributeError(\"'SimpleChatHistory' object has no attribute 'add_messages'\")", "module": "manager", "function": "handle_event", "line": 282}
{"timestamp": "2025-07-08T10:07:53.848608", "level": "INFO", "logger": "backend.app.api.routes_chat", "message": "Creating reference mapping for 8 chunks", "module": "routes_chat", "function": "ask", "line": 312}
{"timestamp": "2025-07-08T10:08:19.452900", "level": "INFO", "logger": "backend.app.api.routes_document", "message": "PDF request received - Raw filename: 'Solo-report_1_bcb0d2fd.pdf'", "module": "routes_document", "function": "serve_pdf", "line": 360}
{"timestamp": "2025-07-08T10:08:19.453331", "level": "INFO", "logger": "backend.app.api.routes_document", "message": "PDF request - Decoded: 'Solo-report_1_bcb0d2fd.pdf', Clean: 'Solo-report_1_bcb0d2fd.pdf'", "module": "routes_document", "function": "serve_pdf", "line": 367}
{"timestamp": "2025-07-08T10:08:19.453429", "level": "INFO", "logger": "backend.app.api.routes_document", "message": "PDF request - Looking for file at: '/Users/talgatbaktybekov/Desktop/rag_app/data/user_documents/1/Solo-report_1_bcb0d2fd.pdf'", "module": "routes_document", "function": "serve_pdf", "line": 375}
{"timestamp": "2025-07-08T10:08:19.453543", "level": "INFO", "logger": "backend.app.api.routes_document", "message": "PDF request - File exists: True", "module": "routes_document", "function": "serve_pdf", "line": 376}
{"timestamp": "2025-07-08T10:08:19.453634", "level": "INFO", "logger": "backend.app.api.routes_document", "message": "PDF request - Serving file: '/Users/talgatbaktybekov/Desktop/rag_app/data/user_documents/1/Solo-report_1_bcb0d2fd.pdf'", "module": "routes_document", "function": "serve_pdf", "line": 381}
{"timestamp": "2025-07-08T10:12:09.703631", "level": "INFO", "logger": "root", "message": "Starting application", "module": "main", "function": "<module>", "line": 14}
{"timestamp": "2025-07-08T10:12:12.981366", "level": "INFO", "logger": "root", "message": "Starting application", "module": "main", "function": "<module>", "line": 14}
{"timestamp": "2025-07-08T10:12:22.168965", "level": "INFO", "logger": "root", "message": "Starting application", "module": "main", "function": "<module>", "line": 14}
{"timestamp": "2025-07-08T10:12:25.144587", "level": "INFO", "logger": "root", "message": "Starting application", "module": "main", "function": "<module>", "line": 14}
{"timestamp": "2025-07-08T10:12:27.862278", "level": "INFO", "logger": "backend.app.api.routes_document", "message": "Successfully uploaded file: CV_1_fdecd883.pdf", "module": "routes_document", "function": "upload_user_documents", "line": 155}
{"timestamp": "2025-07-08T10:12:27.955205", "level": "INFO", "logger": "backend.app.services.document_ingest", "message": "Loaded 1 pages from CV_1_fdecd883.pdf", "module": "document_ingest", "function": "load_documents_from_pdfs", "line": 75}
{"timestamp": "2025-07-08T10:12:27.956412", "level": "INFO", "logger": "backend.app.services.document_ingest", "message": "Loaded 1 pages from CV_1_fdecd883.pdf", "module": "document_ingest", "function": "load_documents_from_pdfs", "line": 75}
{"timestamp": "2025-07-08T10:12:27.956491", "level": "INFO", "logger": "backend.app.services.document_ingest", "message": "Document 0: content length = 3444 chars", "module": "document_ingest", "function": "chunk_documents", "line": 118}
{"timestamp": "2025-07-08T10:12:27.956543", "level": "INFO", "logger": "backend.app.services.document_ingest", "message": "Document 0 preview: Talgat Baktybekov +852 9742 0054 |tbaktybek4-c@my.cityu.edu.hk |LinkedIn |GitHub Education City University of Hong Kong Hong Kong BSc in Data Science, GPA: 3.6/4.3 2022\u20132026 Academic Achievements \u2022Hon...", "module": "document_ingest", "function": "chunk_documents", "line": 121}
{"timestamp": "2025-07-08T10:12:27.956924", "level": "INFO", "logger": "backend.app.services.document_ingest", "message": "Document 0: content length = 3444 chars", "module": "document_ingest", "function": "chunk_documents", "line": 118}
{"timestamp": "2025-07-08T10:12:27.957012", "level": "INFO", "logger": "backend.app.services.document_ingest", "message": "Document 0 preview: Talgat Baktybekov +852 9742 0054 |tbaktybek4-c@my.cityu.edu.hk |LinkedIn |GitHub Education City University of Hong Kong Hong Kong BSc in Data Science, GPA: 3.6/4.3 2022\u20132026 Academic Achievements \u2022Hon...", "module": "document_ingest", "function": "chunk_documents", "line": 121}
{"timestamp": "2025-07-08T10:12:27.957220", "level": "INFO", "logger": "backend.app.services.document_ingest", "message": "Split 1 documents into 10 chunks with size=500, overlap=150", "module": "document_ingest", "function": "chunk_documents", "line": 141}
{"timestamp": "2025-07-08T10:12:27.957306", "level": "INFO", "logger": "backend.app.services.document_ingest", "message": "Split 1 documents into 10 chunks with size=500, overlap=150", "module": "document_ingest", "function": "chunk_documents", "line": 141}
{"timestamp": "2025-07-08T10:12:27.957384", "level": "INFO", "logger": "backend.app.services.document_ingest", "message": "Chunk 0: length = 481 chars, metadata = {'source': 'CV_1_fdecd883.pdf', 'page': 0, 'source_path': '/Users/talgatbaktybekov/Desktop/rag_app/data/user_documents/1/CV_1_fdecd883.pdf', 'user_id': 1, 'document_id': 15}", "module": "document_ingest", "function": "chunk_documents", "line": 146}
{"timestamp": "2025-07-08T10:12:27.957435", "level": "INFO", "logger": "backend.app.services.document_ingest", "message": "Chunk 0: length = 481 chars, metadata = {'source': 'CV_1_fdecd883.pdf', 'page': 0, 'source_path': '/Users/talgatbaktybekov/Desktop/rag_app/data/user_documents/1/CV_1_fdecd883.pdf', 'user_id': 1, 'document_id': 15}", "module": "document_ingest", "function": "chunk_documents", "line": 146}
{"timestamp": "2025-07-08T10:12:27.957512", "level": "INFO", "logger": "backend.app.services.document_ingest", "message": "Chunk 1: length = 413 chars, metadata = {'source': 'CV_1_fdecd883.pdf', 'page': 0, 'source_path': '/Users/talgatbaktybekov/Desktop/rag_app/data/user_documents/1/CV_1_fdecd883.pdf', 'user_id': 1, 'document_id': 15}", "module": "document_ingest", "function": "chunk_documents", "line": 146}
{"timestamp": "2025-07-08T10:12:27.957583", "level": "INFO", "logger": "backend.app.services.document_ingest", "message": "Chunk 1: length = 413 chars, metadata = {'source': 'CV_1_fdecd883.pdf', 'page': 0, 'source_path': '/Users/talgatbaktybekov/Desktop/rag_app/data/user_documents/1/CV_1_fdecd883.pdf', 'user_id': 1, 'document_id': 15}", "module": "document_ingest", "function": "chunk_documents", "line": 146}
{"timestamp": "2025-07-08T10:12:27.957646", "level": "INFO", "logger": "backend.app.services.document_ingest", "message": "Chunk 2: length = 495 chars, metadata = {'source': 'CV_1_fdecd883.pdf', 'page': 0, 'source_path': '/Users/talgatbaktybekov/Desktop/rag_app/data/user_documents/1/CV_1_fdecd883.pdf', 'user_id': 1, 'document_id': 15}", "module": "document_ingest", "function": "chunk_documents", "line": 146}
{"timestamp": "2025-07-08T10:12:27.957837", "level": "INFO", "logger": "backend.app.services.document_ingest", "message": "Chunk 2: length = 495 chars, metadata = {'source': 'CV_1_fdecd883.pdf', 'page': 0, 'source_path': '/Users/talgatbaktybekov/Desktop/rag_app/data/user_documents/1/CV_1_fdecd883.pdf', 'user_id': 1, 'document_id': 15}", "module": "document_ingest", "function": "chunk_documents", "line": 146}
{"timestamp": "2025-07-08T10:12:28.292617", "level": "INFO", "logger": "chromadb.telemetry.product.posthog", "message": "Anonymized telemetry enabled. See                     https://docs.trychroma.com/telemetry for more information.", "module": "posthog", "function": "__init__", "line": 20}
{"timestamp": "2025-07-08T10:12:44.923453", "level": "INFO", "logger": "backend.app.api.routes_document", "message": "Setting document selection for conversation 10, user 1", "module": "routes_document", "function": "select_documents_for_conversation", "line": 252}
{"timestamp": "2025-07-08T10:12:44.924563", "level": "INFO", "logger": "backend.app.api.routes_document", "message": "Selected document IDs: [15]", "module": "routes_document", "function": "select_documents_for_conversation", "line": 253}
{"timestamp": "2025-07-08T10:12:44.937894", "level": "INFO", "logger": "backend.app.api.routes_document", "message": "Successfully saved 1 document selections for conversation 10", "module": "routes_document", "function": "select_documents_for_conversation", "line": 286}
{"timestamp": "2025-07-08T10:12:51.809772", "level": "INFO", "logger": "backend.app.api.routes_chat", "message": "Question does not need context: 'What are Talgat's personal and professional experiences in the context of machine learning and data analysis?' (decision: 0)", "module": "routes_chat", "function": "ask", "line": 230}
{"timestamp": "2025-07-08T10:12:51.810736", "level": "INFO", "logger": "backend.app.services.ollama", "message": "Building langchain agent for conversation 10, user 1, needs_context=False", "module": "ollama", "function": "build_langchain_agent", "line": 16}
{"timestamp": "2025-07-08T10:12:51.819043", "level": "INFO", "logger": "backend.app.services.ollama", "message": "Selected document IDs: [15]", "module": "ollama", "function": "build_langchain_agent", "line": 29}
{"timestamp": "2025-07-08T10:12:51.819139", "level": "INFO", "logger": "backend.app.services.ollama", "message": "Total context length: 0 characters", "module": "ollama", "function": "build_langchain_agent", "line": 69}
{"timestamp": "2025-07-08T10:12:51.833466", "level": "WARNING", "logger": "langchain_core.tracers.base", "message": "Parent run 61a79496-9daa-418d-ae3b-354fdc09f149 not found for run 17a2dd68-21c4-42c5-b736-79e95c293fb3. Treating as a root run.", "module": "base", "function": "_start_trace", "line": 113}
{"timestamp": "2025-07-08T10:13:14.015453", "level": "WARNING", "logger": "langchain_core.callbacks.manager", "message": "Error in RootListenersTracer.on_chain_end callback: AttributeError(\"'SimpleChatHistory' object has no attribute 'add_messages'\")", "module": "manager", "function": "handle_event", "line": 282}
{"timestamp": "2025-07-08T10:14:29.978029", "level": "INFO", "logger": "root", "message": "Starting application", "module": "main", "function": "<module>", "line": 14}
{"timestamp": "2025-07-08T10:14:30.958489", "level": "INFO", "logger": "root", "message": "Starting application", "module": "main", "function": "<module>", "line": 14}
{"timestamp": "2025-07-08T10:14:42.622296", "level": "INFO", "logger": "root", "message": "Starting application", "module": "main", "function": "<module>", "line": 14}
{"timestamp": "2025-07-08T10:14:43.978893", "level": "INFO", "logger": "root", "message": "Starting application", "module": "main", "function": "<module>", "line": 14}
{"timestamp": "2025-07-08T10:14:45.040955", "level": "INFO", "logger": "root", "message": "Starting application", "module": "main", "function": "<module>", "line": 14}
{"timestamp": "2025-07-08T10:14:46.034692", "level": "INFO", "logger": "root", "message": "Starting application", "module": "main", "function": "<module>", "line": 14}
{"timestamp": "2025-07-08T10:14:47.730644", "level": "INFO", "logger": "root", "message": "Starting application", "module": "main", "function": "<module>", "line": 14}
{"timestamp": "2025-07-08T10:14:48.934365", "level": "INFO", "logger": "root", "message": "Starting application", "module": "main", "function": "<module>", "line": 14}
{"timestamp": "2025-07-08T10:14:50.173089", "level": "INFO", "logger": "root", "message": "Starting application", "module": "main", "function": "<module>", "line": 14}
{"timestamp": "2025-07-08T10:14:54.000279", "level": "INFO", "logger": "root", "message": "Starting application", "module": "main", "function": "<module>", "line": 14}
{"timestamp": "2025-07-08T10:16:53.441546", "level": "INFO", "logger": "root", "message": "Starting application", "module": "main", "function": "<module>", "line": 14}
{"timestamp": "2025-07-08T10:17:02.066935", "level": "INFO", "logger": "root", "message": "Starting application", "module": "main", "function": "<module>", "line": 14}
{"timestamp": "2025-07-08T10:18:21.454253", "level": "INFO", "logger": "backend.app.api.routes_chat", "message": "Question does not need context: '<think>\nOkay, the user is asking me to reformulate a follow-up question into a standalone one by adding context. The original question was \"Telle me about Talgat's experiences\" and my response mentioned that I don't have information specifically about named individuals in our field.\n\nNow, looking at this example conversation: User asked about Talgat's experiences with ML/DL/DA (machine learning, deep learning, data analysis), but the AI doesn't know who Talgat is. For follow-up questions to be standalone without referring back to unknown entities:\n\n- We need to explain why we can't answer based on lack of specific info\n- Suggest alternative ways for users to get answers about specific individuals\n\nThe rule says if a question uses pronouns or vague references, add context. This applies here because \"Talgat\" is a proper name that requires specification.\n\nFor the standalone reformulation: We should create questions that would work independently without needing the original context. The example shows:\n\n- Original follow-up question might have been ambiguous\n- Reformulated version makes it clear by including both pronoun and specific name context\n\nI think I understand - when users ask about named individuals, we need to explain our limitations and suggest they provide more details or reference a document.\n</think>\nTalgat is known for his work in machine learning, deep learning, and data analysis. Can you give me more details' (decision: <think>\nOkay, let's break this down.\n\nThe user provided an instruction about when to answer '1' (specific data etc.) and when to answer '0' (general advice). Then they gave two examples:\n\n1.  \"What are the results of the project?\" -> Answer is `1`\n2.  \"Can you give me the values of the evaluation metrics?\" -> Answer is `1`\n\nThen, there's a follow-up part: \"Talgat is known for his work in machine learning, deep learning, and data analysis. Can you give me more details\"\n\nThis seems to be demonstrating how to reformulate a question that might otherwise require context (the original follow-up) into a standalone one by adding the necessary information upfront.\n\nThe key point is:\n*   For questions about named individuals or specific things not mentioned in the initial prompt, I need to rephrase them to include context.\n*   The goal is to create a new, self-contained question that can be answered independently based on my knowledge cutoff (July 2024).\n\nNow, looking at the original user query: \"Talgat is known for his work in machine learning, deep learning, and data analysis. Can you give me more details\"\n\nThis instruction implies I need to transform this into a question that can be answered with `1` or `0` based on whether it fits specific criteria (data, facts, projects etc.) OR perhaps demonstrate how such questions would look standalone.\n\nIf I were to answer directly regarding the reformulation:\n\n*   The original intent seems to be asking about Talgat's experiences in those fields. Since \"Talgat\" is a proper name not covered by my general knowledge before July 2024, and without knowing which specific document or project they're referring to (if any), I cannot answer with `1` because it requires more context.\n*   Therefore, according to the instructions, this would require a reformulation attempt.\n\nBut since you asked me to answer *only* with '1' or '0', and based on the instruction that says \"Answer '1' if the question asks about...\" including specific projects etc., OR explains we need to rephrase questions:\n\nThe direct way to answer your query (which is essentially asking how to handle a follow-up) would be `0` because it's an explanation of how I should process information, not a data request.\n\nHowever, considering you might have intended for me to show the standalone reformulation and then answer about that hypothetical question, let's think carefully:\n\n1.  **Your Query:** \"Talgat is known... Can you give me more details\" (This *is* the follow-up I need to transform).\n2.  **The Standalone Reformulation You Showed:**\n    *   Original: `Talgat is known for his work in machine learning, deep learning, and data analysis. Can you give me more details`\n    *   Answered as `0` (because it's a follow-up question needing context).\n3.  **The Instruction:** \"Answer '1' if the question asks about: ... 'Specific content...' OR reformulate... \"\n4.  **My Goal:** To show how to answer only with '1' or '0'.\n\nSince your query was essentially asking me to explain or demonstrate this process, and you've provided examples of both `1` and `0`, I must stick strictly to answering *only* the question that's presented.\n\nIf we consider the standalone reformulation \"Can you give me more details about Talgat's experiences in machine learning?\":\n\n*   This is still asking for specific information (Talgat's experiences) which falls under the category of needing `1` or requiring context (`0`). Without knowing what specific data or document refers to, it's ambiguous and likely requires context.\n\nTherefore, based on strictly answering with '1' or '0', my response should be `0`.\n</think>\n0)", "module": "routes_chat", "function": "ask", "line": 230}
{"timestamp": "2025-07-08T10:18:21.459359", "level": "INFO", "logger": "backend.app.services.ollama", "message": "Building langchain agent for conversation 10, user 1, needs_context=False", "module": "ollama", "function": "build_langchain_agent", "line": 16}
{"timestamp": "2025-07-08T10:18:21.510878", "level": "INFO", "logger": "backend.app.services.ollama", "message": "Selected document IDs: [15]", "module": "ollama", "function": "build_langchain_agent", "line": 29}
{"timestamp": "2025-07-08T10:18:21.510968", "level": "INFO", "logger": "backend.app.services.ollama", "message": "Total context length: 0 characters", "module": "ollama", "function": "build_langchain_agent", "line": 69}
{"timestamp": "2025-07-08T10:18:21.550757", "level": "WARNING", "logger": "langchain_core.tracers.base", "message": "Parent run 95fec345-128c-4d78-8788-753418f139f7 not found for run e7a05638-d09b-4c91-87c7-35f3fa7593ee. Treating as a root run.", "module": "base", "function": "_start_trace", "line": 113}
{"timestamp": "2025-07-08T10:18:38.380355", "level": "WARNING", "logger": "langchain_core.callbacks.manager", "message": "Error in RootListenersTracer.on_chain_end callback: AttributeError(\"'SimpleChatHistory' object has no attribute 'add_messages'\")", "module": "manager", "function": "handle_event", "line": 282}
{"timestamp": "2025-08-03T14:06:02.973313", "level": "INFO", "logger": "root", "message": "Starting application", "module": "main", "function": "<module>", "line": 14}
{"timestamp": "2025-08-03T14:07:31.222660", "level": "INFO", "logger": "app.api.routes_document", "message": "Successfully uploaded file: Talgat_Baktybekov_CV_1_207a9667.pdf", "module": "routes_document", "function": "upload_user_documents", "line": 155}
{"timestamp": "2025-08-03T14:07:31.349796", "level": "INFO", "logger": "app.services.document_ingest", "message": "Loaded 2 pages from Talgat_Baktybekov_CV_1_207a9667.pdf", "module": "document_ingest", "function": "load_documents_from_pdfs", "line": 75}
{"timestamp": "2025-08-03T14:07:31.350150", "level": "INFO", "logger": "app.services.document_ingest", "message": "Loaded 2 pages from Talgat_Baktybekov_CV_1_207a9667.pdf", "module": "document_ingest", "function": "load_documents_from_pdfs", "line": 75}
{"timestamp": "2025-08-03T14:07:31.350381", "level": "INFO", "logger": "app.services.document_ingest", "message": "Document 0: content length = 2142 chars", "module": "document_ingest", "function": "chunk_documents", "line": 118}
{"timestamp": "2025-08-03T14:07:31.350536", "level": "INFO", "logger": "app.services.document_ingest", "message": "Document 0 preview: Talgat Baktybekov Data-driven problem solver with strong programming skills and a passion for learning and innovation. tbaktybek4-c@my.cityu.edu.hk +852 9 742 0054 LinkedIn GitHub EDUCATION \u2022Bachelor ...", "module": "document_ingest", "function": "chunk_documents", "line": 121}
{"timestamp": "2025-08-03T14:07:31.350717", "level": "INFO", "logger": "app.services.document_ingest", "message": "Document 1: content length = 754 chars", "module": "document_ingest", "function": "chunk_documents", "line": 118}
{"timestamp": "2025-08-03T14:07:31.350943", "level": "INFO", "logger": "app.services.document_ingest", "message": "Document 0: content length = 2142 chars", "module": "document_ingest", "function": "chunk_documents", "line": 118}
{"timestamp": "2025-08-03T14:07:31.351162", "level": "INFO", "logger": "app.services.document_ingest", "message": "Document 1 preview: \u2022Mathematics tutor and mentor \u2014 Sep 2021\u2013May 2022 (9 months) Olympiad Training Center of Sapat High Schools Network (Kyrgyzstan) Taught olympiad mathematics to younger students, explaining problem-sol...", "module": "document_ingest", "function": "chunk_documents", "line": 121}
{"timestamp": "2025-08-03T14:07:31.351710", "level": "INFO", "logger": "app.services.document_ingest", "message": "Document 0 preview: Talgat Baktybekov Data-driven problem solver with strong programming skills and a passion for learning and innovation. tbaktybek4-c@my.cityu.edu.hk +852 9 742 0054 LinkedIn GitHub EDUCATION \u2022Bachelor ...", "module": "document_ingest", "function": "chunk_documents", "line": 121}
{"timestamp": "2025-08-03T14:07:31.351920", "level": "INFO", "logger": "app.services.document_ingest", "message": "Split 2 documents into 8 chunks with size=500, overlap=150", "module": "document_ingest", "function": "chunk_documents", "line": 141}
{"timestamp": "2025-08-03T14:07:31.352138", "level": "INFO", "logger": "app.services.document_ingest", "message": "Document 1: content length = 754 chars", "module": "document_ingest", "function": "chunk_documents", "line": 118}
{"timestamp": "2025-08-03T14:07:31.352320", "level": "INFO", "logger": "app.services.document_ingest", "message": "Chunk 0: length = 471 chars, metadata = {'source': 'Talgat_Baktybekov_CV_1_207a9667.pdf', 'page': 0, 'source_path': '/data/user_documents/1/Talgat_Baktybekov_CV_1_207a9667.pdf', 'user_id': 1, 'document_id': 1}", "module": "document_ingest", "function": "chunk_documents", "line": 146}
{"timestamp": "2025-08-03T14:07:31.352548", "level": "INFO", "logger": "app.services.document_ingest", "message": "Document 1 preview: \u2022Mathematics tutor and mentor \u2014 Sep 2021\u2013May 2022 (9 months) Olympiad Training Center of Sapat High Schools Network (Kyrgyzstan) Taught olympiad mathematics to younger students, explaining problem-sol...", "module": "document_ingest", "function": "chunk_documents", "line": 121}
{"timestamp": "2025-08-03T14:07:31.352883", "level": "INFO", "logger": "app.services.document_ingest", "message": "Chunk 1: length = 495 chars, metadata = {'source': 'Talgat_Baktybekov_CV_1_207a9667.pdf', 'page': 0, 'source_path': '/data/user_documents/1/Talgat_Baktybekov_CV_1_207a9667.pdf', 'user_id': 1, 'document_id': 1}", "module": "document_ingest", "function": "chunk_documents", "line": 146}
{"timestamp": "2025-08-03T14:07:31.353085", "level": "INFO", "logger": "app.services.document_ingest", "message": "Split 2 documents into 8 chunks with size=500, overlap=150", "module": "document_ingest", "function": "chunk_documents", "line": 141}
{"timestamp": "2025-08-03T14:07:31.353251", "level": "INFO", "logger": "app.services.document_ingest", "message": "Chunk 2: length = 415 chars, metadata = {'source': 'Talgat_Baktybekov_CV_1_207a9667.pdf', 'page': 0, 'source_path': '/data/user_documents/1/Talgat_Baktybekov_CV_1_207a9667.pdf', 'user_id': 1, 'document_id': 1}", "module": "document_ingest", "function": "chunk_documents", "line": 146}
{"timestamp": "2025-08-03T14:07:31.356325", "level": "INFO", "logger": "app.services.document_ingest", "message": "Chunk 0: length = 471 chars, metadata = {'source': 'Talgat_Baktybekov_CV_1_207a9667.pdf', 'page': 0, 'source_path': '/data/user_documents/1/Talgat_Baktybekov_CV_1_207a9667.pdf', 'user_id': 1, 'document_id': 1}", "module": "document_ingest", "function": "chunk_documents", "line": 146}
{"timestamp": "2025-08-03T14:07:31.356575", "level": "INFO", "logger": "app.services.document_ingest", "message": "Chunk 1: length = 495 chars, metadata = {'source': 'Talgat_Baktybekov_CV_1_207a9667.pdf', 'page': 0, 'source_path': '/data/user_documents/1/Talgat_Baktybekov_CV_1_207a9667.pdf', 'user_id': 1, 'document_id': 1}", "module": "document_ingest", "function": "chunk_documents", "line": 146}
{"timestamp": "2025-08-03T14:07:31.363396", "level": "INFO", "logger": "app.services.document_ingest", "message": "Chunk 2: length = 415 chars, metadata = {'source': 'Talgat_Baktybekov_CV_1_207a9667.pdf', 'page': 0, 'source_path': '/data/user_documents/1/Talgat_Baktybekov_CV_1_207a9667.pdf', 'user_id': 1, 'document_id': 1}", "module": "document_ingest", "function": "chunk_documents", "line": 146}
{"timestamp": "2025-08-03T14:07:31.621351", "level": "INFO", "logger": "chromadb.telemetry.product.posthog", "message": "Anonymized telemetry enabled. See                     https://docs.trychroma.com/telemetry for more information.", "module": "posthog", "function": "__init__", "line": 20}
{"timestamp": "2025-08-03T14:07:31.663948", "level": "ERROR", "logger": "chromadb.telemetry.product.posthog", "message": "Failed to send telemetry event ClientStartEvent: capture() takes 1 positional argument but 3 were given", "module": "posthog", "function": "_direct_capture", "line": 59}
{"timestamp": "2025-08-03T14:07:31.674077", "level": "ERROR", "logger": "chromadb.telemetry.product.posthog", "message": "Failed to send telemetry event ClientCreateCollectionEvent: capture() takes 1 positional argument but 3 were given", "module": "posthog", "function": "_direct_capture", "line": 59}
{"timestamp": "2025-08-03T14:07:48.678294", "level": "INFO", "logger": "app.api.routes_document", "message": "Successfully uploaded file: KnowledgeBaseSampleData_1_28aeb6b2.pdf", "module": "routes_document", "function": "upload_user_documents", "line": 155}
{"timestamp": "2025-08-03T14:07:49.280435", "level": "INFO", "logger": "app.services.document_ingest", "message": "Loaded 53 pages from KnowledgeBaseSampleData_1_28aeb6b2.pdf", "module": "document_ingest", "function": "load_documents_from_pdfs", "line": 75}
{"timestamp": "2025-08-03T14:07:49.294620", "level": "INFO", "logger": "app.services.document_ingest", "message": "Document 0: content length = 872 chars", "module": "document_ingest", "function": "chunk_documents", "line": 118}
{"timestamp": "2025-08-03T14:07:49.303539", "level": "INFO", "logger": "app.services.document_ingest", "message": "Document 0 preview: Text generation and prompting   =============================     Learn how to prompt a model to generate text.     With the OpenAI API, you can use a [large language model](/docs/models) to generate ...", "module": "document_ingest", "function": "chunk_documents", "line": 121}
{"timestamp": "2025-08-03T14:07:49.317938", "level": "INFO", "logger": "app.services.document_ingest", "message": "Document 1: content length = 755 chars", "module": "document_ingest", "function": "chunk_documents", "line": 118}
{"timestamp": "2025-08-03T14:07:49.333158", "level": "INFO", "logger": "app.services.document_ingest", "message": "Document 1 preview:   response = client.responses.create(       model=\"gpt -4.1\",       input=\"Write a one -sentence bedtime story about a unicorn.\"   )    print(response.output_text)   ```     ```bash   curl \"https://ap...", "module": "document_ingest", "function": "chunk_documents", "line": 121}
{"timestamp": "2025-08-03T14:07:49.381272", "level": "INFO", "logger": "app.services.document_ingest", "message": "Document 2: content length = 1288 chars", "module": "document_ingest", "function": "chunk_documents", "line": 118}
{"timestamp": "2025-08-03T14:07:49.394050", "level": "INFO", "logger": "app.services.document_ingest", "message": "Document 2 preview:         \"content\": [               {                  \"type\": \"output_text\",                   \"text\": \"Under the soft glow of the moon, Luna the unicorn danced through fields  of twinkling stardust, ...", "module": "document_ingest", "function": "chunk_documents", "line": 121}
{"timestamp": "2025-08-03T14:07:49.412822", "level": "INFO", "logger": "app.services.document_ingest", "message": "Document 3: content length = 1830 chars", "module": "document_ingest", "function": "chunk_documents", "line": 118}
{"timestamp": "2025-08-03T14:07:49.449492", "level": "INFO", "logger": "app.services.document_ingest", "message": "Document 3 preview: available models here](/docs/models). Here are a few factors to consider when  choosing a model for text generation.     *   **[Reasoning models](/docs/guides/reasoning)** generate an internal chain o...", "module": "document_ingest", "function": "chunk_documents", "line": 121}
{"timestamp": "2025-08-03T14:07:49.458312", "level": "INFO", "logger": "app.services.document_ingest", "message": "Loaded 53 pages from KnowledgeBaseSampleData_1_28aeb6b2.pdf", "module": "document_ingest", "function": "load_documents_from_pdfs", "line": 75}
{"timestamp": "2025-08-03T14:07:49.458615", "level": "INFO", "logger": "app.services.document_ingest", "message": "Document 4: content length = 1331 chars", "module": "document_ingest", "function": "chunk_documents", "line": 118}
{"timestamp": "2025-08-03T14:07:49.458822", "level": "INFO", "logger": "app.services.document_ingest", "message": "Document 0: content length = 872 chars", "module": "document_ingest", "function": "chunk_documents", "line": 118}
{"timestamp": "2025-08-03T14:07:49.459009", "level": "INFO", "logger": "app.services.document_ingest", "message": "Document 4 preview: *   Pin your production applications to specific [model snapshots](/docs/models) (like  `gpt-4.1-2025-04-14` for example) to ensure consistent behavior.   *   Build [evals](/docs/guides/evals) that wi...", "module": "document_ingest", "function": "chunk_documents", "line": 121}
{"timestamp": "2025-08-03T14:07:49.459175", "level": "INFO", "logger": "app.services.document_ingest", "message": "Document 0 preview: Text generation and prompting   =============================     Learn how to prompt a model to generate text.     With the OpenAI API, you can use a [large language model](/docs/models) to generate ...", "module": "document_ingest", "function": "chunk_documents", "line": 121}
{"timestamp": "2025-08-03T14:07:49.459327", "level": "INFO", "logger": "app.services.document_ingest", "message": "Document 5: content length = 629 chars", "module": "document_ingest", "function": "chunk_documents", "line": 118}
{"timestamp": "2025-08-03T14:07:49.459500", "level": "INFO", "logger": "app.services.document_ingest", "message": "Document 1: content length = 755 chars", "module": "document_ingest", "function": "chunk_documents", "line": 118}
{"timestamp": "2025-08-03T14:07:49.459731", "level": "INFO", "logger": "app.services.document_ingest", "message": "Document 5 preview: });    console.log(response.output_text);   ```     ```python   from openai import OpenAI   client = OpenAI()     response = client.responses.create(       model=\"gpt -4.1\",       instructions=\"Talk l...", "module": "document_ingest", "function": "chunk_documents", "line": 121}
{"timestamp": "2025-08-03T14:07:49.459956", "level": "INFO", "logger": "app.services.document_ingest", "message": "Document 1 preview:   response = client.responses.create(       model=\"gpt -4.1\",       input=\"Write a one -sentence bedtime story about a unicorn.\"   )    print(response.output_text)   ```     ```bash   curl \"https://ap...", "module": "document_ingest", "function": "chunk_documents", "line": 121}
{"timestamp": "2025-08-03T14:07:49.460171", "level": "INFO", "logger": "app.services.document_ingest", "message": "Document 6: content length = 620 chars", "module": "document_ingest", "function": "chunk_documents", "line": 118}
{"timestamp": "2025-08-03T14:07:49.460372", "level": "INFO", "logger": "app.services.document_ingest", "message": "Document 2: content length = 1288 chars", "module": "document_ingest", "function": "chunk_documents", "line": 118}
{"timestamp": "2025-08-03T14:07:49.460536", "level": "INFO", "logger": "app.services.document_ingest", "message": "Document 2 preview:         \"content\": [               {                  \"type\": \"output_text\",                   \"text\": \"Under the soft glow of the moon, Luna the unicorn danced through fields  of twinkling stardust, ...", "module": "document_ingest", "function": "chunk_documents", "line": 121}
{"timestamp": "2025-08-03T14:07:49.460692", "level": "INFO", "logger": "app.services.document_ingest", "message": "Document 3: content length = 1830 chars", "module": "document_ingest", "function": "chunk_documents", "line": 118}
{"timestamp": "2025-08-03T14:07:49.460872", "level": "INFO", "logger": "app.services.document_ingest", "message": "Document 6 preview:   The example above is roughly equivalent to using the following input messages in the  `input` array:     Generate text with messages using different roles     ```javascript   import OpenAI from \"ope...", "module": "document_ingest", "function": "chunk_documents", "line": 121}
{"timestamp": "2025-08-03T14:07:49.461051", "level": "INFO", "logger": "app.services.document_ingest", "message": "Document 3 preview: available models here](/docs/models). Here are a few factors to consider when  choosing a model for text generation.     *   **[Reasoning models](/docs/guides/reasoning)** generate an internal chain o...", "module": "document_ingest", "function": "chunk_documents", "line": 121}
{"timestamp": "2025-08-03T14:07:49.461206", "level": "INFO", "logger": "app.services.document_ingest", "message": "Document 7: content length = 626 chars", "module": "document_ingest", "function": "chunk_documents", "line": 118}
{"timestamp": "2025-08-03T14:07:49.461367", "level": "INFO", "logger": "app.services.document_ingest", "message": "Document 7 preview: from openai import OpenAI   client = OpenAI()     response = client.responses.create(       model=\"gpt -4.1\",       input=[           {              \"role\": \"developer\",               \"content\": \"Talk...", "module": "document_ingest", "function": "chunk_documents", "line": 121}
{"timestamp": "2025-08-03T14:07:49.461497", "level": "INFO", "logger": "app.services.document_ingest", "message": "Document 4: content length = 1331 chars", "module": "document_ingest", "function": "chunk_documents", "line": 118}
{"timestamp": "2025-08-03T14:07:49.461653", "level": "INFO", "logger": "app.services.document_ingest", "message": "Document 8: content length = 1305 chars", "module": "document_ingest", "function": "chunk_documents", "line": 118}
{"timestamp": "2025-08-03T14:07:49.461825", "level": "INFO", "logger": "app.services.document_ingest", "message": "Document 4 preview: *   Pin your production applications to specific [model snapshots](/docs/models) (like  `gpt-4.1-2025-04-14` for example) to ensure consistent behavior.   *   Build [evals](/docs/guides/evals) that wi...", "module": "document_ingest", "function": "chunk_documents", "line": 121}
{"timestamp": "2025-08-03T14:07:49.462018", "level": "INFO", "logger": "app.services.document_ingest", "message": "Document 5: content length = 629 chars", "module": "document_ingest", "function": "chunk_documents", "line": 118}
{"timestamp": "2025-08-03T14:07:49.462210", "level": "INFO", "logger": "app.services.document_ingest", "message": "Document 8 preview:                 \"role\": \"developer\",                   \"content\": \"Talk like a pirate.\"               },              {                  \"role\": \"user\",                   \"content\": \"Are semicolons op...", "module": "document_ingest", "function": "chunk_documents", "line": 121}
{"timestamp": "2025-08-03T14:07:49.462410", "level": "INFO", "logger": "app.services.document_ingest", "message": "Document 5 preview: });    console.log(response.output_text);   ```     ```python   from openai import OpenAI   client = OpenAI()     response = client.responses.create(       model=\"gpt -4.1\",       instructions=\"Talk l...", "module": "document_ingest", "function": "chunk_documents", "line": 121}
{"timestamp": "2025-08-03T14:07:49.462566", "level": "INFO", "logger": "app.services.document_ingest", "message": "Document 6: content length = 620 chars", "module": "document_ingest", "function": "chunk_documents", "line": 118}
{"timestamp": "2025-08-03T14:07:49.462770", "level": "INFO", "logger": "app.services.document_ingest", "message": "Document 9: content length = 1801 chars", "module": "document_ingest", "function": "chunk_documents", "line": 118}
{"timestamp": "2025-08-03T14:07:49.462998", "level": "INFO", "logger": "app.services.document_ingest", "message": "Document 6 preview:   The example above is roughly equivalent to using the following input messages in the  `input` array:     Generate text with messages using different roles     ```javascript   import OpenAI from \"ope...", "module": "document_ingest", "function": "chunk_documents", "line": 121}
{"timestamp": "2025-08-03T14:07:49.463138", "level": "INFO", "logger": "app.services.document_ingest", "message": "Document 7: content length = 626 chars", "module": "document_ingest", "function": "chunk_documents", "line": 118}
{"timestamp": "2025-08-03T14:07:49.463304", "level": "INFO", "logger": "app.services.document_ingest", "message": "Document 9 preview: You could think about `developer` and `user` messages like a function and its  arguments in a programming language.     *   `developer` messages provide the system's rules and business logic, like a f...", "module": "document_ingest", "function": "chunk_documents", "line": 121}
{"timestamp": "2025-08-03T14:07:49.463490", "level": "INFO", "logger": "app.services.document_ingest", "message": "Document 7 preview: from openai import OpenAI   client = OpenAI()     response = client.responses.create(       model=\"gpt -4.1\",       input=[           {              \"role\": \"developer\",               \"content\": \"Talk...", "module": "document_ingest", "function": "chunk_documents", "line": 121}
{"timestamp": "2025-08-03T14:07:49.463651", "level": "INFO", "logger": "app.services.document_ingest", "message": "Document 8: content length = 1305 chars", "module": "document_ingest", "function": "chunk_documents", "line": 118}
{"timestamp": "2025-08-03T14:07:49.463893", "level": "INFO", "logger": "app.services.document_ingest", "message": "Document 10: content length = 1170 chars", "module": "document_ingest", "function": "chunk_documents", "line": 118}
{"timestamp": "2025-08-03T14:07:49.464082", "level": "INFO", "logger": "app.services.document_ingest", "message": "Document 8 preview:                 \"role\": \"developer\",                   \"content\": \"Talk like a pirate.\"               },              {                  \"role\": \"user\",                   \"content\": \"Are semicolons op...", "module": "document_ingest", "function": "chunk_documents", "line": 121}
{"timestamp": "2025-08-03T14:07:49.464227", "level": "INFO", "logger": "app.services.document_ingest", "message": "Document 9: content length = 1801 chars", "module": "document_ingest", "function": "chunk_documents", "line": 118}
{"timestamp": "2025-08-03T14:07:49.464380", "level": "INFO", "logger": "app.services.document_ingest", "message": "Document 10 preview: *   **Examples:** Provide examples of possible inputs, along with the desired output  from the model.   *   **Context:** Give the model any additional information it might need to generate a  response...", "module": "document_ingest", "function": "chunk_documents", "line": 121}
{"timestamp": "2025-08-03T14:07:49.464536", "level": "INFO", "logger": "app.services.document_ingest", "message": "Document 11: content length = 597 chars", "module": "document_ingest", "function": "chunk_documents", "line": 118}
{"timestamp": "2025-08-03T14:07:49.464678", "level": "INFO", "logger": "app.services.document_ingest", "message": "Document 9 preview: You could think about `developer` and `user` messages like a function and its  arguments in a programming language.     *   `developer` messages provide the system's rules and business logic, like a f...", "module": "document_ingest", "function": "chunk_documents", "line": 121}
{"timestamp": "2025-08-03T14:07:49.464840", "level": "INFO", "logger": "app.services.document_ingest", "message": "Document 11 preview:   # Examples     <user_query>   How do I declare a string variable for a first name?   </user_query>     <assistant_response>   var first_name = \"Anna\";   </assistant_response>   ```     API request  ...", "module": "document_ingest", "function": "chunk_documents", "line": 121}
{"timestamp": "2025-08-03T14:07:49.464991", "level": "INFO", "logger": "app.services.document_ingest", "message": "Document 10: content length = 1170 chars", "module": "document_ingest", "function": "chunk_documents", "line": 118}
{"timestamp": "2025-08-03T14:07:49.465141", "level": "INFO", "logger": "app.services.document_ingest", "message": "Document 12: content length = 687 chars", "module": "document_ingest", "function": "chunk_documents", "line": 118}
{"timestamp": "2025-08-03T14:07:49.465308", "level": "INFO", "logger": "app.services.document_ingest", "message": "Document 10 preview: *   **Examples:** Provide examples of possible inputs, along with the desired output  from the model.   *   **Context:** Give the model any additional information it might need to generate a  response...", "module": "document_ingest", "function": "chunk_documents", "line": 121}
{"timestamp": "2025-08-03T14:07:49.465459", "level": "INFO", "logger": "app.services.document_ingest", "message": "Document 12 preview:   console.log(response.output_text);   ```     ```python   from openai import OpenAI   client = OpenAI()     with open(\"prompt.txt\", \"r\", encoding=\"utf -8\") as f:       instructions = f.read()     res...", "module": "document_ingest", "function": "chunk_documents", "line": 121}
{"timestamp": "2025-08-03T14:07:49.465617", "level": "INFO", "logger": "app.services.document_ingest", "message": "Document 11: content length = 597 chars", "module": "document_ingest", "function": "chunk_documents", "line": 118}
{"timestamp": "2025-08-03T14:07:49.465816", "level": "INFO", "logger": "app.services.document_ingest", "message": "Document 13: content length = 1312 chars", "module": "document_ingest", "function": "chunk_documents", "line": 118}
{"timestamp": "2025-08-03T14:07:49.466013", "level": "INFO", "logger": "app.services.document_ingest", "message": "Document 11 preview:   # Examples     <user_query>   How do I declare a string variable for a first name?   </user_query>     <assistant_response>   var first_name = \"Anna\";   </assistant_response>   ```     API request  ...", "module": "document_ingest", "function": "chunk_documents", "line": 121}
{"timestamp": "2025-08-03T14:07:49.466138", "level": "INFO", "logger": "app.services.document_ingest", "message": "Document 12: content length = 687 chars", "module": "document_ingest", "function": "chunk_documents", "line": 118}
{"timestamp": "2025-08-03T14:07:49.466354", "level": "INFO", "logger": "app.services.document_ingest", "message": "Document 13 preview:   }'  ```     #### Save on cost and latency with prompt caching     When constructing a message, you should try and keep content that you expect to use  over and over in your API requests at the begin...", "module": "document_ingest", "function": "chunk_documents", "line": 121}
{"timestamp": "2025-08-03T14:07:49.466525", "level": "INFO", "logger": "app.services.document_ingest", "message": "Document 12 preview:   console.log(response.output_text);   ```     ```python   from openai import OpenAI   client = OpenAI()     with open(\"prompt.txt\", \"r\", encoding=\"utf -8\") as f:       instructions = f.read()     res...", "module": "document_ingest", "function": "chunk_documents", "line": 121}
{"timestamp": "2025-08-03T14:07:49.466696", "level": "INFO", "logger": "app.services.document_ingest", "message": "Document 14: content length = 779 chars", "module": "document_ingest", "function": "chunk_documents", "line": 118}
{"timestamp": "2025-08-03T14:07:49.466862", "level": "INFO", "logger": "app.services.document_ingest", "message": "Document 13: content length = 1312 chars", "module": "document_ingest", "function": "chunk_documents", "line": 118}
{"timestamp": "2025-08-03T14:07:49.467048", "level": "INFO", "logger": "app.services.document_ingest", "message": "Document 14 preview: # Instructions     * Only output a single word in your response with no additional formatting     or commentary.   * Your response should only be one of the words \"Positive\", \"Negative\", or     \"Neutr...", "module": "document_ingest", "function": "chunk_documents", "line": 121}
{"timestamp": "2025-08-03T14:07:49.467206", "level": "INFO", "logger": "app.services.document_ingest", "message": "Document 15: content length = 1381 chars", "module": "document_ingest", "function": "chunk_documents", "line": 118}
{"timestamp": "2025-08-03T14:07:49.467387", "level": "INFO", "logger": "app.services.document_ingest", "message": "Document 15 preview:   <assistant_response id=\"example -3\">  Negative   </assistant_response>   ```     Include relevant context information   ------------------------------------     It is often useful to include additio...", "module": "document_ingest", "function": "chunk_documents", "line": 121}
{"timestamp": "2025-08-03T14:07:49.467598", "level": "INFO", "logger": "app.services.document_ingest", "message": "Document 13 preview:   }'  ```     #### Save on cost and latency with prompt caching     When constructing a message, you should try and keep content that you expect to use  over and over in your API requests at the begin...", "module": "document_ingest", "function": "chunk_documents", "line": 121}
{"timestamp": "2025-08-03T14:07:49.467830", "level": "INFO", "logger": "app.services.document_ingest", "message": "Document 16: content length = 1180 chars", "module": "document_ingest", "function": "chunk_documents", "line": 118}
{"timestamp": "2025-08-03T14:07:49.468022", "level": "INFO", "logger": "app.services.document_ingest", "message": "Document 14: content length = 779 chars", "module": "document_ingest", "function": "chunk_documents", "line": 118}
{"timestamp": "2025-08-03T14:07:49.468171", "level": "INFO", "logger": "app.services.document_ingest", "message": "Document 14 preview: # Instructions     * Only output a single word in your response with no additional formatting     or commentary.   * Your response should only be one of the words \"Positive\", \"Negative\", or     \"Neutr...", "module": "document_ingest", "function": "chunk_documents", "line": 121}
{"timestamp": "2025-08-03T14:07:49.468387", "level": "INFO", "logger": "app.services.document_ingest", "message": "Document 16 preview: Models have different context window sizes from the low 100k range up to one million  tokens for newer GPT -4.1 models. [Refer to the model docs](/docs/models) for specific  context window sizes per m...", "module": "document_ingest", "function": "chunk_documents", "line": 121}
{"timestamp": "2025-08-03T14:07:49.468672", "level": "INFO", "logger": "app.services.document_ingest", "message": "Document 15: content length = 1381 chars", "module": "document_ingest", "function": "chunk_documents", "line": 118}
{"timestamp": "2025-08-03T14:07:49.468843", "level": "INFO", "logger": "app.services.document_ingest", "message": "Document 17: content length = 1449 chars", "module": "document_ingest", "function": "chunk_documents", "line": 118}
{"timestamp": "2025-08-03T14:07:49.469044", "level": "INFO", "logger": "app.services.document_ingest", "message": "Document 15 preview:   <assistant_response id=\"example -3\">  Negative   </assistant_response>   ```     Include relevant context information   ------------------------------------     It is often useful to include additio...", "module": "document_ingest", "function": "chunk_documents", "line": 121}
{"timestamp": "2025-08-03T14:07:49.469174", "level": "INFO", "logger": "app.services.document_ingest", "message": "Document 16: content length = 1180 chars", "module": "document_ingest", "function": "chunk_documents", "line": 118}
{"timestamp": "2025-08-03T14:07:49.469365", "level": "INFO", "logger": "app.services.document_ingest", "message": "Document 17 preview:   In order to best utilize the agentic capabilities of GPT -4.1, we recommend including  three key types of reminders in all agent prompts for persistence, tool calling, and  planning. As a whole, we ...", "module": "document_ingest", "function": "chunk_documents", "line": 121}
{"timestamp": "2025-08-03T14:07:49.469527", "level": "INFO", "logger": "app.services.document_ingest", "message": "Document 18: content length = 1477 chars", "module": "document_ingest", "function": "chunk_documents", "line": 118}
{"timestamp": "2025-08-03T14:07:49.469695", "level": "INFO", "logger": "app.services.document_ingest", "message": "Document 16 preview: Models have different context window sizes from the low 100k range up to one million  tokens for newer GPT -4.1 models. [Refer to the model docs](/docs/models) for specific  context window sizes per m...", "module": "document_ingest", "function": "chunk_documents", "line": 121}
{"timestamp": "2025-08-03T14:07:49.469858", "level": "INFO", "logger": "app.services.document_ingest", "message": "Document 17: content length = 1449 chars", "module": "document_ingest", "function": "chunk_documents", "line": 118}
{"timestamp": "2025-08-03T14:07:49.470041", "level": "INFO", "logger": "app.services.document_ingest", "message": "Document 18 preview: and performance, rather than manually injecting tool descriptions into the system  prompt and writing a separate parser for tool calls, as some have reported doing in the  past.     #### Diff Generati...", "module": "document_ingest", "function": "chunk_documents", "line": 121}
{"timestamp": "2025-08-03T14:07:49.470195", "level": "INFO", "logger": "app.services.document_ingest", "message": "Document 19: content length = 1612 chars", "module": "document_ingest", "function": "chunk_documents", "line": 118}
{"timestamp": "2025-08-03T14:07:49.470375", "level": "INFO", "logger": "app.services.document_ingest", "message": "Document 17 preview:   In order to best utilize the agentic capabilities of GPT -4.1, we recommend including  three key types of reminders in all agent prompts for persistence, tool calling, and  planning. As a whole, we ...", "module": "document_ingest", "function": "chunk_documents", "line": 121}
{"timestamp": "2025-08-03T14:07:49.470524", "level": "INFO", "logger": "app.services.document_ingest", "message": "Document 19 preview:   Especially in long context usage, placement of instructions and context can  substantially impact performance. In our experiments, we found that it was optimal to  put critical instructions, includi...", "module": "document_ingest", "function": "chunk_documents", "line": 121}
{"timestamp": "2025-08-03T14:07:49.470731", "level": "INFO", "logger": "app.services.document_ingest", "message": "Document 18: content length = 1477 chars", "module": "document_ingest", "function": "chunk_documents", "line": 118}
{"timestamp": "2025-08-03T14:07:49.470927", "level": "INFO", "logger": "app.services.document_ingest", "message": "Document 18 preview: and performance, rather than manually injecting tool descriptions into the system  prompt and writing a separate parser for tool calls, as some have reported doing in the  past.     #### Diff Generati...", "module": "document_ingest", "function": "chunk_documents", "line": 121}
{"timestamp": "2025-08-03T14:07:49.471103", "level": "INFO", "logger": "app.services.document_ingest", "message": "Document 20: content length = 1917 chars", "module": "document_ingest", "function": "chunk_documents", "line": 118}
{"timestamp": "2025-08-03T14:07:49.471268", "level": "INFO", "logger": "app.services.document_ingest", "message": "Document 19: content length = 1612 chars", "module": "document_ingest", "function": "chunk_documents", "line": 118}
{"timestamp": "2025-08-03T14:07:49.471422", "level": "INFO", "logger": "app.services.document_ingest", "message": "Document 20 preview: However, since the model follows instructions more literally than its predecessors, may  need to provide more explicit specification around what to do or not do, and existing  prompts optimized for ot...", "module": "document_ingest", "function": "chunk_documents", "line": 121}
{"timestamp": "2025-08-03T14:07:49.471570", "level": "INFO", "logger": "app.services.document_ingest", "message": "Document 19 preview:   Especially in long context usage, placement of instructions and context can  substantially impact performance. In our experiments, we found that it was optimal to  put critical instructions, includi...", "module": "document_ingest", "function": "chunk_documents", "line": 121}
{"timestamp": "2025-08-03T14:07:49.471773", "level": "INFO", "logger": "app.services.document_ingest", "message": "Document 21: content length = 1395 chars", "module": "document_ingest", "function": "chunk_documents", "line": 118}
{"timestamp": "2025-08-03T14:07:49.471981", "level": "INFO", "logger": "app.services.document_ingest", "message": "Document 20: content length = 1917 chars", "module": "document_ingest", "function": "chunk_documents", "line": 118}
{"timestamp": "2025-08-03T14:07:49.472151", "level": "INFO", "logger": "app.services.document_ingest", "message": "Document 21 preview: *   When provided sample phrases, models can use those quotes verbatim and start to  sound repetitive to users. Ensure you instruct the model to vary them as necessary.   *   Without specific instruct...", "module": "document_ingest", "function": "chunk_documents", "line": 121}
{"timestamp": "2025-08-03T14:07:49.472351", "level": "INFO", "logger": "app.services.document_ingest", "message": "Document 20 preview: However, since the model follows instructions more literally than its predecessors, may  need to provide more explicit specification around what to do or not do, and existing  prompts optimized for ot...", "module": "document_ingest", "function": "chunk_documents", "line": 121}
{"timestamp": "2025-08-03T14:07:49.472571", "level": "INFO", "logger": "app.services.document_ingest", "message": "Document 22: content length = 530 chars", "module": "document_ingest", "function": "chunk_documents", "line": 118}
{"timestamp": "2025-08-03T14:07:49.472748", "level": "INFO", "logger": "app.services.document_ingest", "message": "Document 22 preview: Now that you known the basics of text inputs and outputs, you might want to check out  one of these resources next.     [    Build a prompt in the Playground     Use the Playground to develop and iter...", "module": "document_ingest", "function": "chunk_documents", "line": 121}
{"timestamp": "2025-08-03T14:07:49.472959", "level": "INFO", "logger": "app.services.document_ingest", "message": "Document 21: content length = 1395 chars", "module": "document_ingest", "function": "chunk_documents", "line": 118}
{"timestamp": "2025-08-03T14:07:49.473143", "level": "INFO", "logger": "app.services.document_ingest", "message": "Document 21 preview: *   When provided sample phrases, models can use those quotes verbatim and start to  sound repetitive to users. Ensure you instruct the model to vary them as necessary.   *   Without specific instruct...", "module": "document_ingest", "function": "chunk_documents", "line": 121}
{"timestamp": "2025-08-03T14:07:49.473386", "level": "INFO", "logger": "app.services.document_ingest", "message": "Document 23: content length = 1037 chars", "module": "document_ingest", "function": "chunk_documents", "line": 118}
{"timestamp": "2025-08-03T14:07:49.473571", "level": "INFO", "logger": "app.services.document_ingest", "message": "Document 22: content length = 530 chars", "module": "document_ingest", "function": "chunk_documents", "line": 118}
{"timestamp": "2025-08-03T14:07:49.473720", "level": "INFO", "logger": "app.services.document_ingest", "message": "Document 23 preview: Conversation state   ==================     Learn how to manage conversation state during a model interaction.     OpenAI provides a few ways to manage conversation state, which is important for  pres...", "module": "document_ingest", "function": "chunk_documents", "line": 121}
{"timestamp": "2025-08-03T14:07:49.473896", "level": "INFO", "logger": "app.services.document_ingest", "message": "Document 22 preview: Now that you known the basics of text inputs and outputs, you might want to check out  one of these resources next.     [    Build a prompt in the Playground     Use the Playground to develop and iter...", "module": "document_ingest", "function": "chunk_documents", "line": 121}
{"timestamp": "2025-08-03T14:07:49.474121", "level": "INFO", "logger": "app.services.document_ingest", "message": "Document 24: content length = 714 chars", "module": "document_ingest", "function": "chunk_documents", "line": 118}
{"timestamp": "2025-08-03T14:07:49.474300", "level": "INFO", "logger": "app.services.document_ingest", "message": "Document 23: content length = 1037 chars", "module": "document_ingest", "function": "chunk_documents", "line": 118}
{"timestamp": "2025-08-03T14:07:49.474441", "level": "INFO", "logger": "app.services.document_ingest", "message": "Document 24 preview:     ],  });    console.log(response.output_text);   ```     ```python   from openai import OpenAI     client = OpenAI()     response = client.responses.create(       model=\"gpt -4o-mini\",       input=...", "module": "document_ingest", "function": "chunk_documents", "line": 121}
{"timestamp": "2025-08-03T14:07:49.474603", "level": "INFO", "logger": "app.services.document_ingest", "message": "Document 23 preview: Conversation state   ==================     Learn how to manage conversation state during a model interaction.     OpenAI provides a few ways to manage conversation state, which is important for  pres...", "module": "document_ingest", "function": "chunk_documents", "line": 121}
{"timestamp": "2025-08-03T14:07:49.474761", "level": "INFO", "logger": "app.services.document_ingest", "message": "Document 25: content length = 731 chars", "module": "document_ingest", "function": "chunk_documents", "line": 118}
{"timestamp": "2025-08-03T14:07:49.474926", "level": "INFO", "logger": "app.services.document_ingest", "message": "Document 25 preview: In the following example, we ask the model to tell a joke, followed by a request for  another joke. Appending previous responses to new requests in this way helps ensure  conversations feel natural an...", "module": "document_ingest", "function": "chunk_documents", "line": 121}
{"timestamp": "2025-08-03T14:07:49.475124", "level": "INFO", "logger": "app.services.document_ingest", "message": "Document 26: content length = 483 chars", "module": "document_ingest", "function": "chunk_documents", "line": 118}
{"timestamp": "2025-08-03T14:07:49.475283", "level": "INFO", "logger": "app.services.document_ingest", "message": "Document 26 preview:     ...response.output.map((el) => {           // TODO: Remove this step           delete el.id;           return el;       }),  ];    history.push({       role: \"user\",       content: \"tell me anothe...", "module": "document_ingest", "function": "chunk_documents", "line": 121}
{"timestamp": "2025-08-03T14:07:49.475500", "level": "INFO", "logger": "app.services.document_ingest", "message": "Document 27: content length = 610 chars", "module": "document_ingest", "function": "chunk_documents", "line": 118}
{"timestamp": "2025-08-03T14:07:49.475645", "level": "INFO", "logger": "app.services.document_ingest", "message": "Document 24: content length = 714 chars", "module": "document_ingest", "function": "chunk_documents", "line": 118}
{"timestamp": "2025-08-03T14:07:49.475782", "level": "INFO", "logger": "app.services.document_ingest", "message": "Document 24 preview:     ],  });    console.log(response.output_text);   ```     ```python   from openai import OpenAI     client = OpenAI()     response = client.responses.create(       model=\"gpt -4o-mini\",       input=...", "module": "document_ingest", "function": "chunk_documents", "line": 121}
{"timestamp": "2025-08-03T14:07:49.475970", "level": "INFO", "logger": "app.services.document_ingest", "message": "Document 27 preview:         \"role\": \"user\",           \"content\": \"tell me a joke\"       }  ]    response = client.responses.create(       model=\"gpt -4o-mini\",       input=history,       store=False   )    print(response...", "module": "document_ingest", "function": "chunk_documents", "line": 121}
{"timestamp": "2025-08-03T14:07:49.476142", "level": "INFO", "logger": "app.services.document_ingest", "message": "Document 25: content length = 731 chars", "module": "document_ingest", "function": "chunk_documents", "line": 118}
{"timestamp": "2025-08-03T14:07:49.476287", "level": "INFO", "logger": "app.services.document_ingest", "message": "Document 28: content length = 951 chars", "module": "document_ingest", "function": "chunk_documents", "line": 118}
{"timestamp": "2025-08-03T14:07:49.476426", "level": "INFO", "logger": "app.services.document_ingest", "message": "Document 25 preview: In the following example, we ask the model to tell a joke, followed by a request for  another joke. Appending previous responses to new requests in this way helps ensure  conversations feel natural an...", "module": "document_ingest", "function": "chunk_documents", "line": 121}
{"timestamp": "2025-08-03T14:07:49.476599", "level": "INFO", "logger": "app.services.document_ingest", "message": "Document 26: content length = 483 chars", "module": "document_ingest", "function": "chunk_documents", "line": 118}
{"timestamp": "2025-08-03T14:07:49.476757", "level": "INFO", "logger": "app.services.document_ingest", "message": "Document 28 preview: ----------------------------------     Our APIs make it easier to manage conversation state automatically, so you don't have  to do pass inputs manually with each turn of a conversation.     Share con...", "module": "document_ingest", "function": "chunk_documents", "line": 121}
{"timestamp": "2025-08-03T14:07:49.476959", "level": "INFO", "logger": "app.services.document_ingest", "message": "Document 29: content length = 657 chars", "module": "document_ingest", "function": "chunk_documents", "line": 118}
{"timestamp": "2025-08-03T14:07:49.477110", "level": "INFO", "logger": "app.services.document_ingest", "message": "Document 26 preview:     ...response.output.map((el) => {           // TODO: Remove this step           delete el.id;           return el;       }),  ];    history.push({       role: \"user\",       content: \"tell me anothe...", "module": "document_ingest", "function": "chunk_documents", "line": 121}
{"timestamp": "2025-08-03T14:07:49.477330", "level": "INFO", "logger": "app.services.document_ingest", "message": "Document 29 preview:     previous_response_id: response.id,       input: [{\"role\": \"user\", \"content\": \"explain why this is funny.\"}],       store: true,   });    console.log(secondResponse.output_text);   ```     ```pytho...", "module": "document_ingest", "function": "chunk_documents", "line": 121}
{"timestamp": "2025-08-03T14:07:49.477515", "level": "INFO", "logger": "app.services.document_ingest", "message": "Document 27: content length = 610 chars", "module": "document_ingest", "function": "chunk_documents", "line": 118}
{"timestamp": "2025-08-03T14:07:49.477684", "level": "INFO", "logger": "app.services.document_ingest", "message": "Document 27 preview:         \"role\": \"user\",           \"content\": \"tell me a joke\"       }  ]    response = client.responses.create(       model=\"gpt -4o-mini\",       input=history,       store=False   )    print(response...", "module": "document_ingest", "function": "chunk_documents", "line": 121}
{"timestamp": "2025-08-03T14:07:49.477864", "level": "INFO", "logger": "app.services.document_ingest", "message": "Document 30: content length = 1528 chars", "module": "document_ingest", "function": "chunk_documents", "line": 118}
{"timestamp": "2025-08-03T14:07:49.478058", "level": "INFO", "logger": "app.services.document_ingest", "message": "Document 28: content length = 951 chars", "module": "document_ingest", "function": "chunk_documents", "line": 118}
{"timestamp": "2025-08-03T14:07:49.478220", "level": "INFO", "logger": "app.services.document_ingest", "message": "Document 28 preview: ----------------------------------     Our APIs make it easier to manage conversation state automatically, so you don't have  to do pass inputs manually with each turn of a conversation.     Share con...", "module": "document_ingest", "function": "chunk_documents", "line": 121}
{"timestamp": "2025-08-03T14:07:49.478407", "level": "INFO", "logger": "app.services.document_ingest", "message": "Document 30 preview: Response objects are saved for 30 days by default. They can be viewed in the dashboard  [logs](/logs?api=responses) page or [retrieved](/docs/api -reference/responses/get) via  the API. You can disabl...", "module": "document_ingest", "function": "chunk_documents", "line": 121}
{"timestamp": "2025-08-03T14:07:49.478552", "level": "INFO", "logger": "app.services.document_ingest", "message": "Document 29: content length = 657 chars", "module": "document_ingest", "function": "chunk_documents", "line": 118}
{"timestamp": "2025-08-03T14:07:49.478693", "level": "INFO", "logger": "app.services.document_ingest", "message": "Document 31: content length = 1638 chars", "module": "document_ingest", "function": "chunk_documents", "line": 118}
{"timestamp": "2025-08-03T14:07:49.478883", "level": "INFO", "logger": "app.services.document_ingest", "message": "Document 29 preview:     previous_response_id: response.id,       input: [{\"role\": \"user\", \"content\": \"explain why this is funny.\"}],       store: true,   });    console.log(secondResponse.output_text);   ```     ```pytho...", "module": "document_ingest", "function": "chunk_documents", "line": 121}
{"timestamp": "2025-08-03T14:07:49.479001", "level": "INFO", "logger": "app.services.document_ingest", "message": "Document 30: content length = 1528 chars", "module": "document_ingest", "function": "chunk_documents", "line": 118}
{"timestamp": "2025-08-03T14:07:49.479161", "level": "INFO", "logger": "app.services.document_ingest", "message": "Document 31 preview: *   **Output tokens** are the tokens generated by a model in response to a prompt.  Each model has different [limits for output tokens](/docs/models). For example, `gpt - 4o-2024-08-06` can generate a...", "module": "document_ingest", "function": "chunk_documents", "line": 121}
{"timestamp": "2025-08-03T14:07:49.479305", "level": "INFO", "logger": "app.services.document_ingest", "message": "Document 32: content length = 632 chars", "module": "document_ingest", "function": "chunk_documents", "line": 118}
{"timestamp": "2025-08-03T14:07:49.479466", "level": "INFO", "logger": "app.services.document_ingest", "message": "Document 30 preview: Response objects are saved for 30 days by default. They can be viewed in the dashboard  [logs](/logs?api=responses) page or [retrieved](/docs/api -reference/responses/get) via  the API. You can disabl...", "module": "document_ingest", "function": "chunk_documents", "line": 121}
{"timestamp": "2025-08-03T14:07:49.479608", "level": "INFO", "logger": "app.services.document_ingest", "message": "Document 32 preview: You can estimate the number of tokens your messages will use with the [tokenizer  tool](/tokenizer).     Next steps   ----------     For more specific examples and use cases, visit the [OpenAI  Cookbo...", "module": "document_ingest", "function": "chunk_documents", "line": 121}
{"timestamp": "2025-08-03T14:07:49.479844", "level": "INFO", "logger": "app.services.document_ingest", "message": "Document 31: content length = 1638 chars", "module": "document_ingest", "function": "chunk_documents", "line": 118}
{"timestamp": "2025-08-03T14:07:49.480032", "level": "INFO", "logger": "app.services.document_ingest", "message": "Document 33: content length = 938 chars", "module": "document_ingest", "function": "chunk_documents", "line": 118}
{"timestamp": "2025-08-03T14:07:49.480223", "level": "INFO", "logger": "app.services.document_ingest", "message": "Document 31 preview: *   **Output tokens** are the tokens generated by a model in response to a prompt.  Each model has different [limits for output tokens](/docs/models). For example, `gpt - 4o-2024-08-06` can generate a...", "module": "document_ingest", "function": "chunk_documents", "line": 121}
{"timestamp": "2025-08-03T14:07:49.480398", "level": "INFO", "logger": "app.services.document_ingest", "message": "Document 33 preview: Streaming API responses   =======================     Learn how to stream model responses from the OpenAI API using server -sent events.     By default, when you make a request to the OpenAI API, we g...", "module": "document_ingest", "function": "chunk_documents", "line": 121}
{"timestamp": "2025-08-03T14:07:49.480549", "level": "INFO", "logger": "app.services.document_ingest", "message": "Document 34: content length = 442 chars", "module": "document_ingest", "function": "chunk_documents", "line": 118}
{"timestamp": "2025-08-03T14:07:49.480718", "level": "INFO", "logger": "app.services.document_ingest", "message": "Document 34 preview:     stream: true,   });    for await (const  event of stream) {       console.log(event);   }  ```     ```python   from openai import OpenAI   client = OpenAI()     stream = client.responses.create(  ...", "module": "document_ingest", "function": "chunk_documents", "line": 121}
{"timestamp": "2025-08-03T14:07:49.480904", "level": "INFO", "logger": "app.services.document_ingest", "message": "Document 32: content length = 632 chars", "module": "document_ingest", "function": "chunk_documents", "line": 118}
{"timestamp": "2025-08-03T14:07:49.481116", "level": "INFO", "logger": "app.services.document_ingest", "message": "Document 35: content length = 1007 chars", "module": "document_ingest", "function": "chunk_documents", "line": 118}
{"timestamp": "2025-08-03T14:07:49.481305", "level": "INFO", "logger": "app.services.document_ingest", "message": "Document 32 preview: You can estimate the number of tokens your messages will use with the [tokenizer  tool](/tokenizer).     Next steps   ----------     For more specific examples and use cases, visit the [OpenAI  Cookbo...", "module": "document_ingest", "function": "chunk_documents", "line": 121}
{"timestamp": "2025-08-03T14:07:49.481458", "level": "INFO", "logger": "app.services.document_ingest", "message": "Document 33: content length = 938 chars", "module": "document_ingest", "function": "chunk_documents", "line": 118}
{"timestamp": "2025-08-03T14:07:49.481681", "level": "INFO", "logger": "app.services.document_ingest", "message": "Document 35 preview: The Responses API uses semantic events for streaming. Each event is typed with a  predefined schema, so you can listen for events you care about.     For a full list of event types, see the [API refer...", "module": "document_ingest", "function": "chunk_documents", "line": 121}
{"timestamp": "2025-08-03T14:07:49.481912", "level": "INFO", "logger": "app.services.document_ingest", "message": "Document 33 preview: Streaming API responses   =======================     Learn how to stream model responses from the OpenAI API using server -sent events.     By default, when you make a request to the OpenAI API, we g...", "module": "document_ingest", "function": "chunk_documents", "line": 121}
{"timestamp": "2025-08-03T14:07:49.482144", "level": "INFO", "logger": "app.services.document_ingest", "message": "Document 36: content length = 757 chars", "module": "document_ingest", "function": "chunk_documents", "line": 118}
{"timestamp": "2025-08-03T14:07:49.482317", "level": "INFO", "logger": "app.services.document_ingest", "message": "Document 34: content length = 442 chars", "module": "document_ingest", "function": "chunk_documents", "line": 118}
{"timestamp": "2025-08-03T14:07:49.482518", "level": "INFO", "logger": "app.services.document_ingest", "message": "Document 36 preview:  | ResponseCodeInterpreterCallIntepreting    | ResponseCodeInterpreterCallCompleted    | Error   ```     Read the responses   ------------------     If you're using our SDK, every event is a typed ins...", "module": "document_ingest", "function": "chunk_documents", "line": 121}
{"timestamp": "2025-08-03T14:07:49.482679", "level": "INFO", "logger": "app.services.document_ingest", "message": "Document 34 preview:     stream: true,   });    for await (const  event of stream) {       console.log(event);   }  ```     ```python   from openai import OpenAI   client = OpenAI()     stream = client.responses.create(  ...", "module": "document_ingest", "function": "chunk_documents", "line": 121}
{"timestamp": "2025-08-03T14:07:49.482840", "level": "INFO", "logger": "app.services.document_ingest", "message": "Document 35: content length = 1007 chars", "module": "document_ingest", "function": "chunk_documents", "line": 118}
{"timestamp": "2025-08-03T14:07:49.482992", "level": "INFO", "logger": "app.services.document_ingest", "message": "Document 37: content length = 544 chars", "module": "document_ingest", "function": "chunk_documents", "line": 118}
{"timestamp": "2025-08-03T14:07:49.483139", "level": "INFO", "logger": "app.services.document_ingest", "message": "Document 35 preview: The Responses API uses semantic events for streaming. Each event is typed with a  predefined schema, so you can listen for events you care about.     For a full list of event types, see the [API refer...", "module": "document_ingest", "function": "chunk_documents", "line": 121}
{"timestamp": "2025-08-03T14:07:49.483315", "level": "INFO", "logger": "app.services.document_ingest", "message": "Document 37 preview: For more advanced use cases, like streaming tool calls, check out the following  dedicated guides:     *   [Streaming function calls](/docs/guides/function -calling#streaming)   *   [Streaming structu...", "module": "document_ingest", "function": "chunk_documents", "line": 121}
{"timestamp": "2025-08-03T14:07:49.483486", "level": "INFO", "logger": "app.services.document_ingest", "message": "Document 36: content length = 757 chars", "module": "document_ingest", "function": "chunk_documents", "line": 118}
{"timestamp": "2025-08-03T14:07:49.483626", "level": "INFO", "logger": "app.services.document_ingest", "message": "Document 36 preview:  | ResponseCodeInterpreterCallIntepreting    | ResponseCodeInterpreterCallCompleted    | Error   ```     Read the responses   ------------------     If you're using our SDK, every event is a typed ins...", "module": "document_ingest", "function": "chunk_documents", "line": 121}
{"timestamp": "2025-08-03T14:07:49.483739", "level": "INFO", "logger": "app.services.document_ingest", "message": "Document 37: content length = 544 chars", "module": "document_ingest", "function": "chunk_documents", "line": 118}
{"timestamp": "2025-08-03T14:07:49.483940", "level": "INFO", "logger": "app.services.document_ingest", "message": "Document 38: content length = 1332 chars", "module": "document_ingest", "function": "chunk_documents", "line": 118}
{"timestamp": "2025-08-03T14:07:49.484094", "level": "INFO", "logger": "app.services.document_ingest", "message": "Document 37 preview: For more advanced use cases, like streaming tool calls, check out the following  dedicated guides:     *   [Streaming function calls](/docs/guides/function -calling#streaming)   *   [Streaming structu...", "module": "document_ingest", "function": "chunk_documents", "line": 121}
{"timestamp": "2025-08-03T14:07:49.484335", "level": "INFO", "logger": "app.services.document_ingest", "message": "Document 38 preview: File search   ===========     Allow models to search your files for relevant information before generating a response.     File search is a tool available in the [Responses API](/docs/api -reference/r...", "module": "document_ingest", "function": "chunk_documents", "line": 121}
{"timestamp": "2025-08-03T14:07:49.484525", "level": "INFO", "logger": "app.services.document_ingest", "message": "Document 38: content length = 1332 chars", "module": "document_ingest", "function": "chunk_documents", "line": 118}
{"timestamp": "2025-08-03T14:07:49.484694", "level": "INFO", "logger": "app.services.document_ingest", "message": "Document 39: content length = 839 chars", "module": "document_ingest", "function": "chunk_documents", "line": 118}
{"timestamp": "2025-08-03T14:07:49.484886", "level": "INFO", "logger": "app.services.document_ingest", "message": "Document 39 preview:   Upload a file     ```python   import requests   from io import BytesIO   from openai import OpenAI     client = OpenAI()     def create_file(client, file_path):       if file_path.startswith(\"http:/...", "module": "document_ingest", "function": "chunk_documents", "line": 121}
{"timestamp": "2025-08-03T14:07:49.485075", "level": "INFO", "logger": "app.services.document_ingest", "message": "Document 38 preview: File search   ===========     Allow models to search your files for relevant information before generating a response.     File search is a tool available in the [Responses API](/docs/api -reference/r...", "module": "document_ingest", "function": "chunk_documents", "line": 121}
{"timestamp": "2025-08-03T14:07:49.485221", "level": "INFO", "logger": "app.services.document_ingest", "message": "Document 39: content length = 839 chars", "module": "document_ingest", "function": "chunk_documents", "line": 118}
{"timestamp": "2025-08-03T14:07:49.485427", "level": "INFO", "logger": "app.services.document_ingest", "message": "Document 40: content length = 910 chars", "module": "document_ingest", "function": "chunk_documents", "line": 118}
{"timestamp": "2025-08-03T14:07:49.485575", "level": "INFO", "logger": "app.services.document_ingest", "message": "Document 39 preview:   Upload a file     ```python   import requests   from io import BytesIO   from openai import OpenAI     client = OpenAI()     def create_file(client, file_path):       if file_path.startswith(\"http:/...", "module": "document_ingest", "function": "chunk_documents", "line": 121}
{"timestamp": "2025-08-03T14:07:49.485800", "level": "INFO", "logger": "app.services.document_ingest", "message": "Document 40 preview:     print(result.id)       return result.id     # Replace with your own file path or URL   file_id = create_file(client, \"https://cdn.openai.com/API/docs/deep_research_blog.pdf\")   ```     ```javascri...", "module": "document_ingest", "function": "chunk_documents", "line": 121}
{"timestamp": "2025-08-03T14:07:49.485944", "level": "INFO", "logger": "app.services.document_ingest", "message": "Document 40: content length = 910 chars", "module": "document_ingest", "function": "chunk_documents", "line": 118}
{"timestamp": "2025-08-03T14:07:49.486086", "level": "INFO", "logger": "app.services.document_ingest", "message": "Document 41: content length = 513 chars", "module": "document_ingest", "function": "chunk_documents", "line": 118}
{"timestamp": "2025-08-03T14:07:49.486253", "level": "INFO", "logger": "app.services.document_ingest", "message": "Document 41 preview:     result = await openai.files.create({         file: fileContent,         purpose: \"assistants\",       });    }    return result.id;   }    // Replace with your own file path or URL   const fileId =...", "module": "document_ingest", "function": "chunk_documents", "line": 121}
{"timestamp": "2025-08-03T14:07:49.486401", "level": "INFO", "logger": "app.services.document_ingest", "message": "Document 42: content length = 496 chars", "module": "document_ingest", "function": "chunk_documents", "line": 118}
{"timestamp": "2025-08-03T14:07:49.486599", "level": "INFO", "logger": "app.services.document_ingest", "message": "Document 40 preview:     print(result.id)       return result.id     # Replace with your own file path or URL   file_id = create_file(client, \"https://cdn.openai.com/API/docs/deep_research_blog.pdf\")   ```     ```javascri...", "module": "document_ingest", "function": "chunk_documents", "line": 121}
{"timestamp": "2025-08-03T14:07:49.486798", "level": "INFO", "logger": "app.services.document_ingest", "message": "Document 42 preview: const vectorStore = await openai.vectorStores.create({       name: \"knowledge_base\",   });  console.log(vectorStore.id);   ```     #### Add the file to the vector store     Add a file to a vector stor...", "module": "document_ingest", "function": "chunk_documents", "line": 121}
{"timestamp": "2025-08-03T14:07:49.486969", "level": "INFO", "logger": "app.services.document_ingest", "message": "Document 41: content length = 513 chars", "module": "document_ingest", "function": "chunk_documents", "line": 118}
{"timestamp": "2025-08-03T14:07:49.487111", "level": "INFO", "logger": "app.services.document_ingest", "message": "Document 43: content length = 644 chars", "module": "document_ingest", "function": "chunk_documents", "line": 118}
{"timestamp": "2025-08-03T14:07:49.487271", "level": "INFO", "logger": "app.services.document_ingest", "message": "Document 41 preview:     result = await openai.files.create({         file: fileContent,         purpose: \"assistants\",       });    }    return result.id;   }    // Replace with your own file path or URL   const fileId =...", "module": "document_ingest", "function": "chunk_documents", "line": 121}
{"timestamp": "2025-08-03T14:07:49.487412", "level": "INFO", "logger": "app.services.document_ingest", "message": "Document 43 preview:   Run this code until the file is ready to be used (i.e., when the status is `completed`).     Check status     ```python   result = client.vector_stores.files.list(       vector_store_id=vector_store...", "module": "document_ingest", "function": "chunk_documents", "line": 121}
{"timestamp": "2025-08-03T14:07:49.487572", "level": "INFO", "logger": "app.services.document_ingest", "message": "Document 44: content length = 698 chars", "module": "document_ingest", "function": "chunk_documents", "line": 118}
{"timestamp": "2025-08-03T14:07:49.487762", "level": "INFO", "logger": "app.services.document_ingest", "message": "Document 42: content length = 496 chars", "module": "document_ingest", "function": "chunk_documents", "line": 118}
{"timestamp": "2025-08-03T14:07:49.487912", "level": "INFO", "logger": "app.services.document_ingest", "message": "Document 42 preview: const vectorStore = await openai.vectorStores.create({       name: \"knowledge_base\",   });  console.log(vectorStore.id);   ```     #### Add the file to the vector store     Add a file to a vector stor...", "module": "document_ingest", "function": "chunk_documents", "line": 121}
{"timestamp": "2025-08-03T14:07:49.488069", "level": "INFO", "logger": "app.services.document_ingest", "message": "Document 43: content length = 644 chars", "module": "document_ingest", "function": "chunk_documents", "line": 118}
{"timestamp": "2025-08-03T14:07:49.488234", "level": "INFO", "logger": "app.services.document_ingest", "message": "Document 43 preview:   Run this code until the file is ready to be used (i.e., when the status is `completed`).     Check status     ```python   result = client.vector_stores.files.list(       vector_store_id=vector_store...", "module": "document_ingest", "function": "chunk_documents", "line": 121}
{"timestamp": "2025-08-03T14:07:49.488405", "level": "INFO", "logger": "app.services.document_ingest", "message": "Document 44 preview: response = client.responses.create(       model=\"gpt -4o-mini\",       input=\"What is deep research by OpenAI?\",       tools=[{           \"type\": \"file_search\",           \"vector_store_ids\": [\"<vector_...", "module": "document_ingest", "function": "chunk_documents", "line": 121}
{"timestamp": "2025-08-03T14:07:49.488641", "level": "INFO", "logger": "app.services.document_ingest", "message": "Document 44: content length = 698 chars", "module": "document_ingest", "function": "chunk_documents", "line": 118}
{"timestamp": "2025-08-03T14:07:49.488765", "level": "INFO", "logger": "app.services.document_ingest", "message": "Document 45: content length = 1114 chars", "module": "document_ingest", "function": "chunk_documents", "line": 118}
{"timestamp": "2025-08-03T14:07:49.488958", "level": "INFO", "logger": "app.services.document_ingest", "message": "Document 45 preview: 1.  A `file_search_call` output item, which contains the id of the file search call.   2.  A `message` output item, which contains the response from the model, along with  the file citations.     File...", "module": "document_ingest", "function": "chunk_documents", "line": 121}
{"timestamp": "2025-08-03T14:07:49.489154", "level": "INFO", "logger": "app.services.document_ingest", "message": "Document 44 preview: response = client.responses.create(       model=\"gpt -4o-mini\",       input=\"What is deep research by OpenAI?\",       tools=[{           \"type\": \"file_search\",           \"vector_store_ids\": [\"<vector_...", "module": "document_ingest", "function": "chunk_documents", "line": 121}
{"timestamp": "2025-08-03T14:07:49.489298", "level": "INFO", "logger": "app.services.document_ingest", "message": "Document 45: content length = 1114 chars", "module": "document_ingest", "function": "chunk_documents", "line": 118}
{"timestamp": "2025-08-03T14:07:49.489491", "level": "INFO", "logger": "app.services.document_ingest", "message": "Document 46: content length = 896 chars", "module": "document_ingest", "function": "chunk_documents", "line": 118}
{"timestamp": "2025-08-03T14:07:49.489693", "level": "INFO", "logger": "app.services.document_ingest", "message": "Document 45 preview: 1.  A `file_search_call` output item, which contains the id of the file search call.   2.  A `message` output item, which contains the response from the model, along with  the file citations.     File...", "module": "document_ingest", "function": "chunk_documents", "line": 121}
{"timestamp": "2025-08-03T14:07:49.489915", "level": "INFO", "logger": "app.services.document_ingest", "message": "Document 46 preview:             {                \"type\": \"file_citation\",                 \"index\": 992,                 \"file_id\": \"file -2dtbBZdjtDKS8eqWxqbgDi\",                 \"filename\": \"deep_research_blog.pdf\"     ...", "module": "document_ingest", "function": "chunk_documents", "line": 121}
{"timestamp": "2025-08-03T14:07:49.490077", "level": "INFO", "logger": "app.services.document_ingest", "message": "Document 47: content length = 696 chars", "module": "document_ingest", "function": "chunk_documents", "line": 118}
{"timestamp": "2025-08-03T14:07:49.490245", "level": "INFO", "logger": "app.services.document_ingest", "message": "Document 46: content length = 896 chars", "module": "document_ingest", "function": "chunk_documents", "line": 118}
{"timestamp": "2025-08-03T14:07:49.490413", "level": "INFO", "logger": "app.services.document_ingest", "message": "Document 47 preview:   ]  }  ```     Retrieval customization   -----------------------     ### Limiting the number of results     Using the file search tool with the Responses API, you can customize the number of  results...", "module": "document_ingest", "function": "chunk_documents", "line": 121}
{"timestamp": "2025-08-03T14:07:49.490560", "level": "INFO", "logger": "app.services.document_ingest", "message": "Document 46 preview:             {                \"type\": \"file_citation\",                 \"index\": 992,                 \"file_id\": \"file -2dtbBZdjtDKS8eqWxqbgDi\",                 \"filename\": \"deep_research_blog.pdf\"     ...", "module": "document_ingest", "function": "chunk_documents", "line": 121}
{"timestamp": "2025-08-03T14:07:49.490698", "level": "INFO", "logger": "app.services.document_ingest", "message": "Document 47: content length = 696 chars", "module": "document_ingest", "function": "chunk_documents", "line": 118}
{"timestamp": "2025-08-03T14:07:49.490910", "level": "INFO", "logger": "app.services.document_ingest", "message": "Document 47 preview:   ]  }  ```     Retrieval customization   -----------------------     ### Limiting the number of results     Using the file search tool with the Responses API, you can customize the number of  results...", "module": "document_ingest", "function": "chunk_documents", "line": 121}
{"timestamp": "2025-08-03T14:07:49.491083", "level": "INFO", "logger": "app.services.document_ingest", "message": "Document 48: content length = 856 chars", "module": "document_ingest", "function": "chunk_documents", "line": 118}
{"timestamp": "2025-08-03T14:07:49.491238", "level": "INFO", "logger": "app.services.document_ingest", "message": "Document 48: content length = 856 chars", "module": "document_ingest", "function": "chunk_documents", "line": 118}
{"timestamp": "2025-08-03T14:07:49.491406", "level": "INFO", "logger": "app.services.document_ingest", "message": "Document 48 preview: const response = await openai.responses.create({       model: \"gpt -4o-mini\",       input: \"What is deep research by OpenAI?\",       tools: [{           type: \"file_search\",           vector_store_ids...", "module": "document_ingest", "function": "chunk_documents", "line": 121}
{"timestamp": "2025-08-03T14:07:49.491567", "level": "INFO", "logger": "app.services.document_ingest", "message": "Document 48 preview: const response = await openai.responses.create({       model: \"gpt -4o-mini\",       input: \"What is deep research by OpenAI?\",       tools: [{           type: \"file_search\",           vector_store_ids...", "module": "document_ingest", "function": "chunk_documents", "line": 121}
{"timestamp": "2025-08-03T14:07:49.491772", "level": "INFO", "logger": "app.services.document_ingest", "message": "Document 49: content length = 791 chars", "module": "document_ingest", "function": "chunk_documents", "line": 118}
{"timestamp": "2025-08-03T14:07:49.491918", "level": "INFO", "logger": "app.services.document_ingest", "message": "Document 49: content length = 791 chars", "module": "document_ingest", "function": "chunk_documents", "line": 118}
{"timestamp": "2025-08-03T14:07:49.492050", "level": "INFO", "logger": "app.services.document_ingest", "message": "Document 49 preview:     }],      include=[\" file_search_call.results\"]   )  print(response)   ```     ```javascript   const response = await openai.responses.create({       model: \"gpt -4o-mini\",       input: \"What is de...", "module": "document_ingest", "function": "chunk_documents", "line": 121}
{"timestamp": "2025-08-03T14:07:49.492200", "level": "INFO", "logger": "app.services.document_ingest", "message": "Document 50: content length = 703 chars", "module": "document_ingest", "function": "chunk_documents", "line": 118}
{"timestamp": "2025-08-03T14:07:49.492334", "level": "INFO", "logger": "app.services.document_ingest", "message": "Document 49 preview:     }],      include=[\" file_search_call.results\"]   )  print(response)   ```     ```javascript   const response = await openai.responses.create({       model: \"gpt -4o-mini\",       input: \"What is de...", "module": "document_ingest", "function": "chunk_documents", "line": 121}
{"timestamp": "2025-08-03T14:07:49.492446", "level": "INFO", "logger": "app.services.document_ingest", "message": "Document 50: content length = 703 chars", "module": "document_ingest", "function": "chunk_documents", "line": 118}
{"timestamp": "2025-08-03T14:07:49.492608", "level": "INFO", "logger": "app.services.document_ingest", "message": "Document 50 preview:   ```python   response = client.responses.create(       model=\"gpt -4o-mini\",       input=\"What is deep research by OpenAI?\",       tools=[{           \"type\": \"file_search\",           \"vector_store_id...", "module": "document_ingest", "function": "chunk_documents", "line": 121}
{"timestamp": "2025-08-03T14:07:49.492793", "level": "INFO", "logger": "app.services.document_ingest", "message": "Document 50 preview:   ```python   response = client.responses.create(       model=\"gpt -4o-mini\",       input=\"What is deep research by OpenAI?\",       tools=[{           \"type\": \"file_search\",           \"vector_store_id...", "module": "document_ingest", "function": "chunk_documents", "line": 121}
{"timestamp": "2025-08-03T14:07:49.493010", "level": "INFO", "logger": "app.services.document_ingest", "message": "Document 51: content length = 622 chars", "module": "document_ingest", "function": "chunk_documents", "line": 118}
{"timestamp": "2025-08-03T14:07:49.493183", "level": "INFO", "logger": "app.services.document_ingest", "message": "Document 51: content length = 622 chars", "module": "document_ingest", "function": "chunk_documents", "line": 118}
{"timestamp": "2025-08-03T14:07:49.493311", "level": "INFO", "logger": "app.services.document_ingest", "message": "Document 51 preview:             value: \"blog\"           }      }]  });  console.log(response);   ```     Supported files   ---------------     _For `text/` MIME types, the encoding must be one of `utf -8`, `utf-16`, or `...", "module": "document_ingest", "function": "chunk_documents", "line": 121}
{"timestamp": "2025-08-03T14:07:49.493443", "level": "INFO", "logger": "app.services.document_ingest", "message": "Document 51 preview:             value: \"blog\"           }      }]  });  console.log(response);   ```     Supported files   ---------------     _For `text/` MIME types, the encoding must be one of `utf -8`, `utf-16`, or `...", "module": "document_ingest", "function": "chunk_documents", "line": 121}
{"timestamp": "2025-08-03T14:07:49.493578", "level": "INFO", "logger": "app.services.document_ingest", "message": "Document 52: content length = 415 chars", "module": "document_ingest", "function": "chunk_documents", "line": 118}
{"timestamp": "2025-08-03T14:07:49.493733", "level": "INFO", "logger": "app.services.document_ingest", "message": "Document 52: content length = 415 chars", "module": "document_ingest", "function": "chunk_documents", "line": 118}
{"timestamp": "2025-08-03T14:07:49.493880", "level": "INFO", "logger": "app.services.document_ingest", "message": "Document 52 preview: |.pptx|application/vnd.openxmlformats -officedocument.presentationml.presentation|   |.py|text/x -python|   |.py|text/x -script.python|   |.rb|text/x -ruby|   |.sh|application/x -sh|  |.tex|text/x -te...", "module": "document_ingest", "function": "chunk_documents", "line": 121}
{"timestamp": "2025-08-03T14:07:49.495912", "level": "INFO", "logger": "app.services.document_ingest", "message": "Document 52 preview: |.pptx|application/vnd.openxmlformats -officedocument.presentationml.presentation|   |.py|text/x -python|   |.py|text/x -script.python|   |.rb|text/x -ruby|   |.sh|application/x -sh|  |.tex|text/x -te...", "module": "document_ingest", "function": "chunk_documents", "line": 121}
{"timestamp": "2025-08-03T14:07:49.497908", "level": "INFO", "logger": "app.services.document_ingest", "message": "Split 53 documents into 150 chunks with size=500, overlap=150", "module": "document_ingest", "function": "chunk_documents", "line": 141}
{"timestamp": "2025-08-03T14:07:49.498090", "level": "INFO", "logger": "app.services.document_ingest", "message": "Split 53 documents into 150 chunks with size=500, overlap=150", "module": "document_ingest", "function": "chunk_documents", "line": 141}
{"timestamp": "2025-08-03T14:07:49.498256", "level": "INFO", "logger": "app.services.document_ingest", "message": "Chunk 0: length = 493 chars, metadata = {'source': 'KnowledgeBaseSampleData_1_28aeb6b2.pdf', 'page': 0, 'source_path': '/data/user_documents/1/KnowledgeBaseSampleData_1_28aeb6b2.pdf', 'user_id': 1, 'document_id': 2}", "module": "document_ingest", "function": "chunk_documents", "line": 146}
{"timestamp": "2025-08-03T14:07:49.498401", "level": "INFO", "logger": "app.services.document_ingest", "message": "Chunk 0: length = 493 chars, metadata = {'source': 'KnowledgeBaseSampleData_1_28aeb6b2.pdf', 'page': 0, 'source_path': '/data/user_documents/1/KnowledgeBaseSampleData_1_28aeb6b2.pdf', 'user_id': 1, 'document_id': 2}", "module": "document_ingest", "function": "chunk_documents", "line": 146}
{"timestamp": "2025-08-03T14:07:49.498609", "level": "INFO", "logger": "app.services.document_ingest", "message": "Chunk 1: length = 487 chars, metadata = {'source': 'KnowledgeBaseSampleData_1_28aeb6b2.pdf', 'page': 0, 'source_path': '/data/user_documents/1/KnowledgeBaseSampleData_1_28aeb6b2.pdf', 'user_id': 1, 'document_id': 2}", "module": "document_ingest", "function": "chunk_documents", "line": 146}
{"timestamp": "2025-08-03T14:07:49.498812", "level": "INFO", "logger": "app.services.document_ingest", "message": "Chunk 1: length = 487 chars, metadata = {'source': 'KnowledgeBaseSampleData_1_28aeb6b2.pdf', 'page': 0, 'source_path': '/data/user_documents/1/KnowledgeBaseSampleData_1_28aeb6b2.pdf', 'user_id': 1, 'document_id': 2}", "module": "document_ingest", "function": "chunk_documents", "line": 146}
{"timestamp": "2025-08-03T14:07:49.499011", "level": "INFO", "logger": "app.services.document_ingest", "message": "Chunk 2: length = 109 chars, metadata = {'source': 'KnowledgeBaseSampleData_1_28aeb6b2.pdf', 'page': 0, 'source_path': '/data/user_documents/1/KnowledgeBaseSampleData_1_28aeb6b2.pdf', 'user_id': 1, 'document_id': 2}", "module": "document_ingest", "function": "chunk_documents", "line": 146}
{"timestamp": "2025-08-03T14:07:49.501052", "level": "INFO", "logger": "app.services.document_ingest", "message": "Chunk 2: length = 109 chars, metadata = {'source': 'KnowledgeBaseSampleData_1_28aeb6b2.pdf', 'page': 0, 'source_path': '/data/user_documents/1/KnowledgeBaseSampleData_1_28aeb6b2.pdf', 'user_id': 1, 'document_id': 2}", "module": "document_ingest", "function": "chunk_documents", "line": 146}
{"timestamp": "2025-08-03T14:07:49.502669", "level": "ERROR", "logger": "chromadb.telemetry.product.posthog", "message": "Failed to send telemetry event ClientStartEvent: capture() takes 1 positional argument but 3 were given", "module": "posthog", "function": "_direct_capture", "line": 59}
{"timestamp": "2025-08-03T14:07:49.502841", "level": "ERROR", "logger": "chromadb.telemetry.product.posthog", "message": "Failed to send telemetry event ClientStartEvent: capture() takes 1 positional argument but 3 were given", "module": "posthog", "function": "_direct_capture", "line": 59}
{"timestamp": "2025-08-03T14:07:49.504836", "level": "ERROR", "logger": "chromadb.telemetry.product.posthog", "message": "Failed to send telemetry event ClientCreateCollectionEvent: capture() takes 1 positional argument but 3 were given", "module": "posthog", "function": "_direct_capture", "line": 59}
{"timestamp": "2025-08-03T14:07:49.505080", "level": "ERROR", "logger": "chromadb.telemetry.product.posthog", "message": "Failed to send telemetry event ClientCreateCollectionEvent: capture() takes 1 positional argument but 3 were given", "module": "posthog", "function": "_direct_capture", "line": 59}
{"timestamp": "2025-08-03T14:08:47.858887", "level": "INFO", "logger": "app.api.routes_document", "message": "Successfully uploaded file: IntJNetworkMgmt-2023-Agarwal-Blockchainandcryptofo_1_1cc4ca7b.pdf", "module": "routes_document", "function": "upload_user_documents", "line": 155}
{"timestamp": "2025-08-03T14:08:48.452765", "level": "INFO", "logger": "app.services.document_ingest", "message": "Loaded 32 pages from IntJNetworkMgmt-2023-Agarwal-Blockchainandcryptofo_1_1cc4ca7b.pdf", "module": "document_ingest", "function": "load_documents_from_pdfs", "line": 75}
{"timestamp": "2025-08-03T14:08:48.458240", "level": "INFO", "logger": "app.services.document_ingest", "message": "Loaded 32 pages from IntJNetworkMgmt-2023-Agarwal-Blockchainandcryptofo_1_1cc4ca7b.pdf", "module": "document_ingest", "function": "load_documents_from_pdfs", "line": 75}
{"timestamp": "2025-08-03T14:08:48.458545", "level": "INFO", "logger": "app.services.document_ingest", "message": "Document 0: content length = 3169 chars", "module": "document_ingest", "function": "chunk_documents", "line": 118}
{"timestamp": "2025-08-03T14:08:48.458775", "level": "INFO", "logger": "app.services.document_ingest", "message": "Document 0: content length = 3169 chars", "module": "document_ingest", "function": "chunk_documents", "line": 118}
{"timestamp": "2025-08-03T14:08:48.459030", "level": "INFO", "logger": "app.services.document_ingest", "message": "Document 0 preview: RESEARCH ARTICLE Blockchain and crypto forensics: Investigating crypto frauds Udit Agarwal1| Vinay Rishiwal1| Sudeep Tanwar2| Mano Yadav3 1Department of Computer Science and Information Technology, MJ...", "module": "document_ingest", "function": "chunk_documents", "line": 121}
{"timestamp": "2025-08-03T14:08:48.459296", "level": "INFO", "logger": "app.services.document_ingest", "message": "Document 0 preview: RESEARCH ARTICLE Blockchain and crypto forensics: Investigating crypto frauds Udit Agarwal1| Vinay Rishiwal1| Sudeep Tanwar2| Mano Yadav3 1Department of Computer Science and Information Technology, MJ...", "module": "document_ingest", "function": "chunk_documents", "line": 121}
{"timestamp": "2025-08-03T14:08:48.459514", "level": "INFO", "logger": "app.services.document_ingest", "message": "Document 1: content length = 4834 chars", "module": "document_ingest", "function": "chunk_documents", "line": 118}
{"timestamp": "2025-08-03T14:08:48.459745", "level": "INFO", "logger": "app.services.document_ingest", "message": "Document 1: content length = 4834 chars", "module": "document_ingest", "function": "chunk_documents", "line": 118}
{"timestamp": "2025-08-03T14:08:48.459952", "level": "INFO", "logger": "app.services.document_ingest", "message": "Document 1 preview: pseudo-anonymity, the absence of middlemen, and decentralization. It is not easy to trace fund movement in routine transactions involving fiat currencies, regardless of whether the transactions were d...", "module": "document_ingest", "function": "chunk_documents", "line": 121}
{"timestamp": "2025-08-03T14:08:48.460195", "level": "INFO", "logger": "app.services.document_ingest", "message": "Document 1 preview: pseudo-anonymity, the absence of middlemen, and decentralization. It is not easy to trace fund movement in routine transactions involving fiat currencies, regardless of whether the transactions were d...", "module": "document_ingest", "function": "chunk_documents", "line": 121}
{"timestamp": "2025-08-03T14:08:48.460392", "level": "INFO", "logger": "app.services.document_ingest", "message": "Document 2: content length = 3324 chars", "module": "document_ingest", "function": "chunk_documents", "line": 118}
{"timestamp": "2025-08-03T14:08:48.460562", "level": "INFO", "logger": "app.services.document_ingest", "message": "Document 2: content length = 3324 chars", "module": "document_ingest", "function": "chunk_documents", "line": 118}
{"timestamp": "2025-08-03T14:08:48.460776", "level": "INFO", "logger": "app.services.document_ingest", "message": "Document 2 preview: \u0081The present crypto market is constantly changing, with new technologies and fraudulent schemes frequently emerg- ing. Therefore, previous studies may not accurately reflect the industry's current sta...", "module": "document_ingest", "function": "chunk_documents", "line": 121}
{"timestamp": "2025-08-03T14:08:48.460939", "level": "INFO", "logger": "app.services.document_ingest", "message": "Document 2 preview: \u0081The present crypto market is constantly changing, with new technologies and fraudulent schemes frequently emerg- ing. Therefore, previous studies may not accurately reflect the industry's current sta...", "module": "document_ingest", "function": "chunk_documents", "line": 121}
{"timestamp": "2025-08-03T14:08:48.461080", "level": "INFO", "logger": "app.services.document_ingest", "message": "Document 3: content length = 3913 chars", "module": "document_ingest", "function": "chunk_documents", "line": 118}
{"timestamp": "2025-08-03T14:08:48.461279", "level": "INFO", "logger": "app.services.document_ingest", "message": "Document 3: content length = 3913 chars", "module": "document_ingest", "function": "chunk_documents", "line": 118}
{"timestamp": "2025-08-03T14:08:48.461439", "level": "INFO", "logger": "app.services.document_ingest", "message": "Document 3 preview: \u0081Previous state-of-the-art approaches for investigating crypto fraud have primarily focused on BTC-related frauds while disregarding other cryptocurrencies.8However, as the crypto market continues to ...", "module": "document_ingest", "function": "chunk_documents", "line": 121}
{"timestamp": "2025-08-03T14:08:48.461603", "level": "INFO", "logger": "app.services.document_ingest", "message": "Document 4: content length = 3069 chars", "module": "document_ingest", "function": "chunk_documents", "line": 118}
{"timestamp": "2025-08-03T14:08:48.461789", "level": "INFO", "logger": "app.services.document_ingest", "message": "Document 3 preview: \u0081Previous state-of-the-art approaches for investigating crypto fraud have primarily focused on BTC-related frauds while disregarding other cryptocurrencies.8However, as the crypto market continues to ...", "module": "document_ingest", "function": "chunk_documents", "line": 121}
{"timestamp": "2025-08-03T14:08:48.462019", "level": "INFO", "logger": "app.services.document_ingest", "message": "Document 4 preview: 1.3.2 | Data sources We searched peer-reviewed journal databases such as IEEE Xplore, ScienceDirect, Scopus, ACM DL, and Google Scholar to uncover contemporary literary studies and material online. We...", "module": "document_ingest", "function": "chunk_documents", "line": 121}
{"timestamp": "2025-08-03T14:08:48.462215", "level": "INFO", "logger": "app.services.document_ingest", "message": "Document 4: content length = 3069 chars", "module": "document_ingest", "function": "chunk_documents", "line": 118}
{"timestamp": "2025-08-03T14:08:48.462382", "level": "INFO", "logger": "app.services.document_ingest", "message": "Document 5: content length = 1279 chars", "module": "document_ingest", "function": "chunk_documents", "line": 118}
{"timestamp": "2025-08-03T14:08:48.462532", "level": "INFO", "logger": "app.services.document_ingest", "message": "Document 4 preview: 1.3.2 | Data sources We searched peer-reviewed journal databases such as IEEE Xplore, ScienceDirect, Scopus, ACM DL, and Google Scholar to uncover contemporary literary studies and material online. We...", "module": "document_ingest", "function": "chunk_documents", "line": 121}
{"timestamp": "2025-08-03T14:08:48.462712", "level": "INFO", "logger": "app.services.document_ingest", "message": "Document 5 preview: 2|BACKGROUND AND PRELIMINARIES Scammers are drawn to cryptocurrency for a variety of reasons. There is no bank or other centralized body to identify questionable transactions and try to prevent fraud ...", "module": "document_ingest", "function": "chunk_documents", "line": 121}
{"timestamp": "2025-08-03T14:08:48.462889", "level": "INFO", "logger": "app.services.document_ingest", "message": "Document 5: content length = 1279 chars", "module": "document_ingest", "function": "chunk_documents", "line": 118}
{"timestamp": "2025-08-03T14:08:48.463069", "level": "INFO", "logger": "app.services.document_ingest", "message": "Document 6: content length = 3926 chars", "module": "document_ingest", "function": "chunk_documents", "line": 118}
{"timestamp": "2025-08-03T14:08:48.463250", "level": "INFO", "logger": "app.services.document_ingest", "message": "Document 5 preview: 2|BACKGROUND AND PRELIMINARIES Scammers are drawn to cryptocurrency for a variety of reasons. There is no bank or other centralized body to identify questionable transactions and try to prevent fraud ...", "module": "document_ingest", "function": "chunk_documents", "line": 121}
{"timestamp": "2025-08-03T14:08:48.463399", "level": "INFO", "logger": "app.services.document_ingest", "message": "Document 6 preview: hacked not once, but twice.17The first hack occurred in 2011, and the second in 2014. Many exchanges, including Mt. Gox, have been severely hacked in an attempt to steal cryptocurrencies traded on the...", "module": "document_ingest", "function": "chunk_documents", "line": 121}
{"timestamp": "2025-08-03T14:08:48.463541", "level": "INFO", "logger": "app.services.document_ingest", "message": "Document 6: content length = 3926 chars", "module": "document_ingest", "function": "chunk_documents", "line": 118}
{"timestamp": "2025-08-03T14:08:48.463752", "level": "INFO", "logger": "app.services.document_ingest", "message": "Document 7: content length = 3695 chars", "module": "document_ingest", "function": "chunk_documents", "line": 118}
{"timestamp": "2025-08-03T14:08:48.463932", "level": "INFO", "logger": "app.services.document_ingest", "message": "Document 6 preview: hacked not once, but twice.17The first hack occurred in 2011, and the second in 2014. Many exchanges, including Mt. Gox, have been severely hacked in an attempt to steal cryptocurrencies traded on the...", "module": "document_ingest", "function": "chunk_documents", "line": 121}
{"timestamp": "2025-08-03T14:08:48.464157", "level": "INFO", "logger": "app.services.document_ingest", "message": "Document 7 preview: HYIPs. They disclosed selective payments, that is, HYIPs that pay only to aggregators or selected investors, defrauding innocent investors. Toyoda et al22described a clustering algorithm for detecting...", "module": "document_ingest", "function": "chunk_documents", "line": 121}
{"timestamp": "2025-08-03T14:08:48.464343", "level": "INFO", "logger": "app.services.document_ingest", "message": "Document 7: content length = 3695 chars", "module": "document_ingest", "function": "chunk_documents", "line": 118}
{"timestamp": "2025-08-03T14:08:48.464511", "level": "INFO", "logger": "app.services.document_ingest", "message": "Document 8: content length = 4164 chars", "module": "document_ingest", "function": "chunk_documents", "line": 118}
{"timestamp": "2025-08-03T14:08:48.464654", "level": "INFO", "logger": "app.services.document_ingest", "message": "Document 7 preview: HYIPs. They disclosed selective payments, that is, HYIPs that pay only to aggregators or selected investors, defrauding innocent investors. Toyoda et al22described a clustering algorithm for detecting...", "module": "document_ingest", "function": "chunk_documents", "line": 121}
{"timestamp": "2025-08-03T14:08:48.464800", "level": "INFO", "logger": "app.services.document_ingest", "message": "Document 8 preview: \u0081Fake celebrity endorsements: This particular form of investment fraud differs from the usual. To create the illu- sion of a prominent financial gain endorsed by a celebrity, perpetrators incorporate ...", "module": "document_ingest", "function": "chunk_documents", "line": 121}
{"timestamp": "2025-08-03T14:08:48.464971", "level": "INFO", "logger": "app.services.document_ingest", "message": "Document 8: content length = 4164 chars", "module": "document_ingest", "function": "chunk_documents", "line": 118}
{"timestamp": "2025-08-03T14:08:48.465167", "level": "INFO", "logger": "app.services.document_ingest", "message": "Document 9: content length = 4725 chars", "module": "document_ingest", "function": "chunk_documents", "line": 118}
{"timestamp": "2025-08-03T14:08:48.465394", "level": "INFO", "logger": "app.services.document_ingest", "message": "Document 8 preview: \u0081Fake celebrity endorsements: This particular form of investment fraud differs from the usual. To create the illu- sion of a prominent financial gain endorsed by a celebrity, perpetrators incorporate ...", "module": "document_ingest", "function": "chunk_documents", "line": 121}
{"timestamp": "2025-08-03T14:08:48.465579", "level": "INFO", "logger": "app.services.document_ingest", "message": "Document 9 preview: is PlexCoin. This fictitious cryptocurrency lured high-end investors into making sizable investments in a fake crypto- currency by promising shockingly huge returns (1300%) within the first 30 days. I...", "module": "document_ingest", "function": "chunk_documents", "line": 121}
{"timestamp": "2025-08-03T14:08:48.465736", "level": "INFO", "logger": "app.services.document_ingest", "message": "Document 9: content length = 4725 chars", "module": "document_ingest", "function": "chunk_documents", "line": 118}
{"timestamp": "2025-08-03T14:08:48.465944", "level": "INFO", "logger": "app.services.document_ingest", "message": "Document 10: content length = 4998 chars", "module": "document_ingest", "function": "chunk_documents", "line": 118}
{"timestamp": "2025-08-03T14:08:48.466137", "level": "INFO", "logger": "app.services.document_ingest", "message": "Document 9 preview: is PlexCoin. This fictitious cryptocurrency lured high-end investors into making sizable investments in a fake crypto- currency by promising shockingly huge returns (1300%) within the first 30 days. I...", "module": "document_ingest", "function": "chunk_documents", "line": 121}
{"timestamp": "2025-08-03T14:08:48.466310", "level": "INFO", "logger": "app.services.document_ingest", "message": "Document 10 preview: individuals into thinking that a particular investment holds substantial potential. The scammer patiently awaits the moment when the Value of the investment skyrockets to an exorbitant level, only to ...", "module": "document_ingest", "function": "chunk_documents", "line": 121}
{"timestamp": "2025-08-03T14:08:48.466437", "level": "INFO", "logger": "app.services.document_ingest", "message": "Document 11: content length = 5023 chars", "module": "document_ingest", "function": "chunk_documents", "line": 118}
{"timestamp": "2025-08-03T14:08:48.466597", "level": "INFO", "logger": "app.services.document_ingest", "message": "Document 10: content length = 4998 chars", "module": "document_ingest", "function": "chunk_documents", "line": 118}
{"timestamp": "2025-08-03T14:08:48.466752", "level": "INFO", "logger": "app.services.document_ingest", "message": "Document 11 preview: fraudulent or false websites, cryptocurrency wallets, or even a fake/fraudulent person. The scammers then prefer to vanish with the target victim's money. Most cryptocurrency dating scams follow a pat...", "module": "document_ingest", "function": "chunk_documents", "line": 121}
{"timestamp": "2025-08-03T14:08:48.466944", "level": "INFO", "logger": "app.services.document_ingest", "message": "Document 10 preview: individuals into thinking that a particular investment holds substantial potential. The scammer patiently awaits the moment when the Value of the investment skyrockets to an exorbitant level, only to ...", "module": "document_ingest", "function": "chunk_documents", "line": 121}
{"timestamp": "2025-08-03T14:08:48.467153", "level": "INFO", "logger": "app.services.document_ingest", "message": "Document 12: content length = 3172 chars", "module": "document_ingest", "function": "chunk_documents", "line": 118}
{"timestamp": "2025-08-03T14:08:48.467330", "level": "INFO", "logger": "app.services.document_ingest", "message": "Document 11: content length = 5023 chars", "module": "document_ingest", "function": "chunk_documents", "line": 118}
{"timestamp": "2025-08-03T14:08:48.467481", "level": "INFO", "logger": "app.services.document_ingest", "message": "Document 11 preview: fraudulent or false websites, cryptocurrency wallets, or even a fake/fraudulent person. The scammers then prefer to vanish with the target victim's money. Most cryptocurrency dating scams follow a pat...", "module": "document_ingest", "function": "chunk_documents", "line": 121}
{"timestamp": "2025-08-03T14:08:48.467645", "level": "INFO", "logger": "app.services.document_ingest", "message": "Document 12 preview: consumers' money.52Crypto-jacking is a major scam in the cryptocurrency realm. This is the unauthorized use of another person's computer to mine cryptocurrency. It is effectively hijacking another com...", "module": "document_ingest", "function": "chunk_documents", "line": 121}
{"timestamp": "2025-08-03T14:08:48.467812", "level": "INFO", "logger": "app.services.document_ingest", "message": "Document 13: content length = 2121 chars", "module": "document_ingest", "function": "chunk_documents", "line": 118}
{"timestamp": "2025-08-03T14:08:48.467998", "level": "INFO", "logger": "app.services.document_ingest", "message": "Document 13 preview: addresses.5758There are certain common flaws, such as the address relation inside a transaction, the address relation across transactions, and the relationship between blockchain addresses and actual ...", "module": "document_ingest", "function": "chunk_documents", "line": 121}
{"timestamp": "2025-08-03T14:08:48.468235", "level": "INFO", "logger": "app.services.document_ingest", "message": "Document 12: content length = 3172 chars", "module": "document_ingest", "function": "chunk_documents", "line": 118}
{"timestamp": "2025-08-03T14:08:48.468422", "level": "INFO", "logger": "app.services.document_ingest", "message": "Document 14: content length = 5252 chars", "module": "document_ingest", "function": "chunk_documents", "line": 118}
{"timestamp": "2025-08-03T14:08:48.468588", "level": "INFO", "logger": "app.services.document_ingest", "message": "Document 12 preview: consumers' money.52Crypto-jacking is a major scam in the cryptocurrency realm. This is the unauthorized use of another person's computer to mine cryptocurrency. It is effectively hijacking another com...", "module": "document_ingest", "function": "chunk_documents", "line": 121}
{"timestamp": "2025-08-03T14:08:48.468739", "level": "INFO", "logger": "app.services.document_ingest", "message": "Document 14 preview: techniques for Ethereum smart contracts. The other major type of crypto fraud in Ethereum cryptocurrency is fake Ethereum wallets. Fraudsters develop fake Ethereum wallets that seem authentic but aim ...", "module": "document_ingest", "function": "chunk_documents", "line": 121}
{"timestamp": "2025-08-03T14:08:48.468890", "level": "INFO", "logger": "app.services.document_ingest", "message": "Document 13: content length = 2121 chars", "module": "document_ingest", "function": "chunk_documents", "line": 118}
{"timestamp": "2025-08-03T14:08:48.469028", "level": "INFO", "logger": "app.services.document_ingest", "message": "Document 13 preview: addresses.5758There are certain common flaws, such as the address relation inside a transaction, the address relation across transactions, and the relationship between blockchain addresses and actual ...", "module": "document_ingest", "function": "chunk_documents", "line": 121}
{"timestamp": "2025-08-03T14:08:48.469179", "level": "INFO", "logger": "app.services.document_ingest", "message": "Document 15: content length = 5015 chars", "module": "document_ingest", "function": "chunk_documents", "line": 118}
{"timestamp": "2025-08-03T14:08:48.469337", "level": "INFO", "logger": "app.services.document_ingest", "message": "Document 15 preview: was arrested in 2019 and accused of performing unneeded procedures on female patients to collect insurance money.73,77 \u2013Fraudsters sell counterfeit medical products such as pacemakers, thermometers, r...", "module": "document_ingest", "function": "chunk_documents", "line": 121}
{"timestamp": "2025-08-03T14:08:48.469541", "level": "INFO", "logger": "app.services.document_ingest", "message": "Document 14: content length = 5252 chars", "module": "document_ingest", "function": "chunk_documents", "line": 118}
{"timestamp": "2025-08-03T14:08:48.469712", "level": "INFO", "logger": "app.services.document_ingest", "message": "Document 14 preview: techniques for Ethereum smart contracts. The other major type of crypto fraud in Ethereum cryptocurrency is fake Ethereum wallets. Fraudsters develop fake Ethereum wallets that seem authentic but aim ...", "module": "document_ingest", "function": "chunk_documents", "line": 121}
{"timestamp": "2025-08-03T14:08:48.469889", "level": "INFO", "logger": "app.services.document_ingest", "message": "Document 16: content length = 3785 chars", "module": "document_ingest", "function": "chunk_documents", "line": 118}
{"timestamp": "2025-08-03T14:08:48.470083", "level": "INFO", "logger": "app.services.document_ingest", "message": "Document 15: content length = 5015 chars", "module": "document_ingest", "function": "chunk_documents", "line": 118}
{"timestamp": "2025-08-03T14:08:48.470257", "level": "INFO", "logger": "app.services.document_ingest", "message": "Document 16 preview: 3.3 |Forensic tools The third component of the crypto forensics taxonomy is the forensic tools used to study crypto forensics. These tools are classified into two main types: Open-source tools and Pro...", "module": "document_ingest", "function": "chunk_documents", "line": 121}
{"timestamp": "2025-08-03T14:08:48.470429", "level": "INFO", "logger": "app.services.document_ingest", "message": "Document 15 preview: was arrested in 2019 and accused of performing unneeded procedures on female patients to collect insurance money.73,77 \u2013Fraudsters sell counterfeit medical products such as pacemakers, thermometers, r...", "module": "document_ingest", "function": "chunk_documents", "line": 121}
{"timestamp": "2025-08-03T14:08:48.470584", "level": "INFO", "logger": "app.services.document_ingest", "message": "Document 17: content length = 5244 chars", "module": "document_ingest", "function": "chunk_documents", "line": 118}
{"timestamp": "2025-08-03T14:08:48.470757", "level": "INFO", "logger": "app.services.document_ingest", "message": "Document 16: content length = 3785 chars", "module": "document_ingest", "function": "chunk_documents", "line": 118}
{"timestamp": "2025-08-03T14:08:48.470918", "level": "INFO", "logger": "app.services.document_ingest", "message": "Document 17 preview: Preservation phase, data is obtained from the seized source and preserved using hashing, integrity checking, and backup techniques. This process involves extracting or imaging databases and hashing th...", "module": "document_ingest", "function": "chunk_documents", "line": 121}
{"timestamp": "2025-08-03T14:08:48.471073", "level": "INFO", "logger": "app.services.document_ingest", "message": "Document 18: content length = 6125 chars", "module": "document_ingest", "function": "chunk_documents", "line": 118}
{"timestamp": "2025-08-03T14:08:48.471215", "level": "INFO", "logger": "app.services.document_ingest", "message": "Document 18 preview: uncover the real identities behind blockchain addresses, blockchain analysis tools utilize techniques such as clustering algorithms, scraping data from websites, monitoring scam databases, and launchi...", "module": "document_ingest", "function": "chunk_documents", "line": 121}
{"timestamp": "2025-08-03T14:08:48.471367", "level": "INFO", "logger": "app.services.document_ingest", "message": "Document 16 preview: 3.3 |Forensic tools The third component of the crypto forensics taxonomy is the forensic tools used to study crypto forensics. These tools are classified into two main types: Open-source tools and Pro...", "module": "document_ingest", "function": "chunk_documents", "line": 121}
{"timestamp": "2025-08-03T14:08:48.471527", "level": "INFO", "logger": "app.services.document_ingest", "message": "Document 19: content length = 4469 chars", "module": "document_ingest", "function": "chunk_documents", "line": 118}
{"timestamp": "2025-08-03T14:08:48.471666", "level": "INFO", "logger": "app.services.document_ingest", "message": "Document 17: content length = 5244 chars", "module": "document_ingest", "function": "chunk_documents", "line": 118}
{"timestamp": "2025-08-03T14:08:48.471852", "level": "INFO", "logger": "app.services.document_ingest", "message": "Document 19 preview: 5|AI AND BLOCKCHAIN-DRIVEN ARCHITECTURE TO DETECT CRYPTO FRAUDS: A CASE STUDY The projected framework is a system that uses AI and blockchain technology to detect and prevent cryptocurrency fraud. The...", "module": "document_ingest", "function": "chunk_documents", "line": 121}
{"timestamp": "2025-08-03T14:08:48.472054", "level": "INFO", "logger": "app.services.document_ingest", "message": "Document 17 preview: Preservation phase, data is obtained from the seized source and preserved using hashing, integrity checking, and backup techniques. This process involves extracting or imaging databases and hashing th...", "module": "document_ingest", "function": "chunk_documents", "line": 121}
{"timestamp": "2025-08-03T14:08:48.472242", "level": "INFO", "logger": "app.services.document_ingest", "message": "Document 20: content length = 2708 chars", "module": "document_ingest", "function": "chunk_documents", "line": 118}
{"timestamp": "2025-08-03T14:08:48.472428", "level": "INFO", "logger": "app.services.document_ingest", "message": "Document 18: content length = 6125 chars", "module": "document_ingest", "function": "chunk_documents", "line": 118}
{"timestamp": "2025-08-03T14:08:48.472622", "level": "INFO", "logger": "app.services.document_ingest", "message": "Document 20 preview: Figure 8shows the complete proposed system model, which comprises three layers, i.e., cognitive, AI, and protec- tion. A dataset including many crypto transactions from various sources is available to...", "module": "document_ingest", "function": "chunk_documents", "line": 121}
{"timestamp": "2025-08-03T14:08:48.472859", "level": "INFO", "logger": "app.services.document_ingest", "message": "Document 18 preview: uncover the real identities behind blockchain addresses, blockchain analysis tools utilize techniques such as clustering algorithms, scraping data from websites, monitoring scam databases, and launchi...", "module": "document_ingest", "function": "chunk_documents", "line": 121}
{"timestamp": "2025-08-03T14:08:48.473008", "level": "INFO", "logger": "app.services.document_ingest", "message": "Document 21: content length = 4711 chars", "module": "document_ingest", "function": "chunk_documents", "line": 118}
{"timestamp": "2025-08-03T14:08:48.473150", "level": "INFO", "logger": "app.services.document_ingest", "message": "Document 19: content length = 4469 chars", "module": "document_ingest", "function": "chunk_documents", "line": 118}
{"timestamp": "2025-08-03T14:08:48.473289", "level": "INFO", "logger": "app.services.document_ingest", "message": "Document 19 preview: 5|AI AND BLOCKCHAIN-DRIVEN ARCHITECTURE TO DETECT CRYPTO FRAUDS: A CASE STUDY The projected framework is a system that uses AI and blockchain technology to detect and prevent cryptocurrency fraud. The...", "module": "document_ingest", "function": "chunk_documents", "line": 121}
{"timestamp": "2025-08-03T14:08:48.473415", "level": "INFO", "logger": "app.services.document_ingest", "message": "Document 20: content length = 2708 chars", "module": "document_ingest", "function": "chunk_documents", "line": 118}
{"timestamp": "2025-08-03T14:08:48.473559", "level": "INFO", "logger": "app.services.document_ingest", "message": "Document 21 preview: not normalized, the columns may contain small and large values, and missing values may cause bias in the learning model. Thus, the dataset is preprocessed using various techniques, including filling i...", "module": "document_ingest", "function": "chunk_documents", "line": 121}
{"timestamp": "2025-08-03T14:08:48.473712", "level": "INFO", "logger": "app.services.document_ingest", "message": "Document 20 preview: Figure 8shows the complete proposed system model, which comprises three layers, i.e., cognitive, AI, and protec- tion. A dataset including many crypto transactions from various sources is available to...", "module": "document_ingest", "function": "chunk_documents", "line": 121}
{"timestamp": "2025-08-03T14:08:48.473932", "level": "INFO", "logger": "app.services.document_ingest", "message": "Document 22: content length = 3716 chars", "module": "document_ingest", "function": "chunk_documents", "line": 118}
{"timestamp": "2025-08-03T14:08:48.474131", "level": "INFO", "logger": "app.services.document_ingest", "message": "Document 21: content length = 4711 chars", "module": "document_ingest", "function": "chunk_documents", "line": 118}
{"timestamp": "2025-08-03T14:08:48.474320", "level": "INFO", "logger": "app.services.document_ingest", "message": "Document 22 preview: area under the curve (AUC), which specifies that it has the best overall performance among the classifiers. The deci- sion tree and KNN classifiers also have relatively high AUC values, indicating goo...", "module": "document_ingest", "function": "chunk_documents", "line": 121}
{"timestamp": "2025-08-03T14:08:48.474456", "level": "INFO", "logger": "app.services.document_ingest", "message": "Document 23: content length = 1413 chars", "module": "document_ingest", "function": "chunk_documents", "line": 118}
{"timestamp": "2025-08-03T14:08:48.474636", "level": "INFO", "logger": "app.services.document_ingest", "message": "Document 23 preview: By providing an overview of these four key metrics, the confusion matrix allows for a more comprehensive evalua- tion of the classifier's performance. Figure 10shows the confusion matrix with the RF c...", "module": "document_ingest", "function": "chunk_documents", "line": 121}
{"timestamp": "2025-08-03T14:08:48.474861", "level": "INFO", "logger": "app.services.document_ingest", "message": "Document 24: content length = 3083 chars", "module": "document_ingest", "function": "chunk_documents", "line": 118}
{"timestamp": "2025-08-03T14:08:48.475063", "level": "INFO", "logger": "app.services.document_ingest", "message": "Document 21 preview: not normalized, the columns may contain small and large values, and missing values may cause bias in the learning model. Thus, the dataset is preprocessed using various techniques, including filling i...", "module": "document_ingest", "function": "chunk_documents", "line": 121}
{"timestamp": "2025-08-03T14:08:48.475258", "level": "INFO", "logger": "app.services.document_ingest", "message": "Document 24 preview: where \u03c1denotes precision. Low precision shows that the model generates more false alerts in this context. 5.1.4 | Recall The percentage of successfully identified positive samples to all positive samp...", "module": "document_ingest", "function": "chunk_documents", "line": 121}
{"timestamp": "2025-08-03T14:08:48.475425", "level": "INFO", "logger": "app.services.document_ingest", "message": "Document 22: content length = 3716 chars", "module": "document_ingest", "function": "chunk_documents", "line": 118}
{"timestamp": "2025-08-03T14:08:48.475596", "level": "INFO", "logger": "app.services.document_ingest", "message": "Document 22 preview: area under the curve (AUC), which specifies that it has the best overall performance among the classifiers. The deci- sion tree and KNN classifiers also have relatively high AUC values, indicating goo...", "module": "document_ingest", "function": "chunk_documents", "line": 121}
{"timestamp": "2025-08-03T14:08:48.475741", "level": "INFO", "logger": "app.services.document_ingest", "message": "Document 23: content length = 1413 chars", "module": "document_ingest", "function": "chunk_documents", "line": 118}
{"timestamp": "2025-08-03T14:08:48.475896", "level": "INFO", "logger": "app.services.document_ingest", "message": "Document 25: content length = 1578 chars", "module": "document_ingest", "function": "chunk_documents", "line": 118}
{"timestamp": "2025-08-03T14:08:48.476047", "level": "INFO", "logger": "app.services.document_ingest", "message": "Document 25 preview: 5.3 |Bandwidth utilization To simulate the bandwidth utilization of the smart contract, we use its hash code as input for IPFS. The hash code is a unique identifier representing the contract data. IPF...", "module": "document_ingest", "function": "chunk_documents", "line": 121}
{"timestamp": "2025-08-03T14:08:48.476213", "level": "INFO", "logger": "app.services.document_ingest", "message": "Document 23 preview: By providing an overview of these four key metrics, the confusion matrix allows for a more comprehensive evalua- tion of the classifier's performance. Figure 10shows the confusion matrix with the RF c...", "module": "document_ingest", "function": "chunk_documents", "line": 121}
{"timestamp": "2025-08-03T14:08:48.476347", "level": "INFO", "logger": "app.services.document_ingest", "message": "Document 26: content length = 1415 chars", "module": "document_ingest", "function": "chunk_documents", "line": 118}
{"timestamp": "2025-08-03T14:08:48.476480", "level": "INFO", "logger": "app.services.document_ingest", "message": "Document 26 preview: \u2013Complicated transaction process: The main difficulty for the authorities recognizes the technological procedure throughout the transaction operations for each cryptocurrency algorithm. \u2013Anonymization...", "module": "document_ingest", "function": "chunk_documents", "line": 121}
{"timestamp": "2025-08-03T14:08:48.476600", "level": "INFO", "logger": "app.services.document_ingest", "message": "Document 24: content length = 3083 chars", "module": "document_ingest", "function": "chunk_documents", "line": 118}
{"timestamp": "2025-08-03T14:08:48.476825", "level": "INFO", "logger": "app.services.document_ingest", "message": "Document 27: content length = 5265 chars", "module": "document_ingest", "function": "chunk_documents", "line": 118}
{"timestamp": "2025-08-03T14:08:48.477065", "level": "INFO", "logger": "app.services.document_ingest", "message": "Document 24 preview: where \u03c1denotes precision. Low precision shows that the model generates more false alerts in this context. 5.1.4 | Recall The percentage of successfully identified positive samples to all positive samp...", "module": "document_ingest", "function": "chunk_documents", "line": 121}
{"timestamp": "2025-08-03T14:08:48.477238", "level": "INFO", "logger": "app.services.document_ingest", "message": "Document 25: content length = 1578 chars", "module": "document_ingest", "function": "chunk_documents", "line": 118}
{"timestamp": "2025-08-03T14:08:48.477406", "level": "INFO", "logger": "app.services.document_ingest", "message": "Document 27 preview: \u2013Fluctuate Price: Cryptocurrency prices are continuously changing. 2.Challenges to cryptocurrencies forensics: Following are the challenges of cryptocurrency forensics: \u2013Conceal vulnerabilities in sec...", "module": "document_ingest", "function": "chunk_documents", "line": 121}
{"timestamp": "2025-08-03T14:08:48.477567", "level": "INFO", "logger": "app.services.document_ingest", "message": "Document 25 preview: 5.3 |Bandwidth utilization To simulate the bandwidth utilization of the smart contract, we use its hash code as input for IPFS. The hash code is a unique identifier representing the contract data. IPF...", "module": "document_ingest", "function": "chunk_documents", "line": 121}
{"timestamp": "2025-08-03T14:08:48.477713", "level": "INFO", "logger": "app.services.document_ingest", "message": "Document 26: content length = 1415 chars", "module": "document_ingest", "function": "chunk_documents", "line": 118}
{"timestamp": "2025-08-03T14:08:48.477930", "level": "INFO", "logger": "app.services.document_ingest", "message": "Document 28: content length = 5443 chars", "module": "document_ingest", "function": "chunk_documents", "line": 118}
{"timestamp": "2025-08-03T14:08:48.478124", "level": "INFO", "logger": "app.services.document_ingest", "message": "Document 26 preview: \u2013Complicated transaction process: The main difficulty for the authorities recognizes the technological procedure throughout the transaction operations for each cryptocurrency algorithm. \u2013Anonymization...", "module": "document_ingest", "function": "chunk_documents", "line": 121}
{"timestamp": "2025-08-03T14:08:48.478287", "level": "INFO", "logger": "app.services.document_ingest", "message": "Document 28 preview: DATA AVAILABILITY STATEMENT Data sharing not applicable to this article as no datasets were generated or analysed during the current study. ORCID Vinay Rishiwal https://orcid.org/0000-0003-2451-4949 S...", "module": "document_ingest", "function": "chunk_documents", "line": 121}
{"timestamp": "2025-08-03T14:08:48.478426", "level": "INFO", "logger": "app.services.document_ingest", "message": "Document 27: content length = 5265 chars", "module": "document_ingest", "function": "chunk_documents", "line": 118}
{"timestamp": "2025-08-03T14:08:48.478582", "level": "INFO", "logger": "app.services.document_ingest", "message": "Document 29: content length = 5772 chars", "module": "document_ingest", "function": "chunk_documents", "line": 118}
{"timestamp": "2025-08-03T14:08:48.478744", "level": "INFO", "logger": "app.services.document_ingest", "message": "Document 27 preview: \u2013Fluctuate Price: Cryptocurrency prices are continuously changing. 2.Challenges to cryptocurrencies forensics: Following are the challenges of cryptocurrency forensics: \u2013Conceal vulnerabilities in sec...", "module": "document_ingest", "function": "chunk_documents", "line": 121}
{"timestamp": "2025-08-03T14:08:48.478889", "level": "INFO", "logger": "app.services.document_ingest", "message": "Document 28: content length = 5443 chars", "module": "document_ingest", "function": "chunk_documents", "line": 118}
{"timestamp": "2025-08-03T14:08:48.479090", "level": "INFO", "logger": "app.services.document_ingest", "message": "Document 29 preview: 29. Fan S, Fu S, Xu H, Cheng X. AL-SPSD: anti-leakage smart ponzi schemes detection in blockchain. Inform Process Manag . 2021;58(4): 102587. 30. Wang L, Cheng H, Zheng Z, Yang A, Zhu X. Ponzi scheme ...", "module": "document_ingest", "function": "chunk_documents", "line": 121}
{"timestamp": "2025-08-03T14:08:48.479242", "level": "INFO", "logger": "app.services.document_ingest", "message": "Document 30: content length = 6037 chars", "module": "document_ingest", "function": "chunk_documents", "line": 118}
{"timestamp": "2025-08-03T14:08:48.479422", "level": "INFO", "logger": "app.services.document_ingest", "message": "Document 28 preview: DATA AVAILABILITY STATEMENT Data sharing not applicable to this article as no datasets were generated or analysed during the current study. ORCID Vinay Rishiwal https://orcid.org/0000-0003-2451-4949 S...", "module": "document_ingest", "function": "chunk_documents", "line": 121}
{"timestamp": "2025-08-03T14:08:48.479580", "level": "INFO", "logger": "app.services.document_ingest", "message": "Document 30 preview: 61. Lorenz J, Silva MI, Apar\u00edcio D, Ascens \u02dcao JT, Bizarro P. Machine learning methods to detect money laundering in the bitcoin blockchain in the presence of label scarcity. In: Proceedings of the Fi...", "module": "document_ingest", "function": "chunk_documents", "line": 121}
{"timestamp": "2025-08-03T14:08:48.479752", "level": "INFO", "logger": "app.services.document_ingest", "message": "Document 29: content length = 5772 chars", "module": "document_ingest", "function": "chunk_documents", "line": 118}
{"timestamp": "2025-08-03T14:08:48.479963", "level": "INFO", "logger": "app.services.document_ingest", "message": "Document 31: content length = 3174 chars", "module": "document_ingest", "function": "chunk_documents", "line": 118}
{"timestamp": "2025-08-03T14:08:48.480174", "level": "INFO", "logger": "app.services.document_ingest", "message": "Document 29 preview: 29. Fan S, Fu S, Xu H, Cheng X. AL-SPSD: anti-leakage smart ponzi schemes detection in blockchain. Inform Process Manag . 2021;58(4): 102587. 30. Wang L, Cheng H, Zheng Z, Yang A, Zhu X. Ponzi scheme ...", "module": "document_ingest", "function": "chunk_documents", "line": 121}
{"timestamp": "2025-08-03T14:08:48.480339", "level": "INFO", "logger": "app.services.document_ingest", "message": "Document 31 preview: 92. Blockchain forensics: The intersection of technology and investigations. https://indiaforensic.com/blockchain-forensics-intersection- technology-investigations/ . Accessed: 2023-04-05. 93. What ar...", "module": "document_ingest", "function": "chunk_documents", "line": 121}
{"timestamp": "2025-08-03T14:08:48.483412", "level": "INFO", "logger": "app.services.document_ingest", "message": "Document 30: content length = 6037 chars", "module": "document_ingest", "function": "chunk_documents", "line": 118}
{"timestamp": "2025-08-03T14:08:48.483642", "level": "INFO", "logger": "app.services.document_ingest", "message": "Split 32 documents into 360 chunks with size=500, overlap=150", "module": "document_ingest", "function": "chunk_documents", "line": 141}
{"timestamp": "2025-08-03T14:08:48.483817", "level": "INFO", "logger": "app.services.document_ingest", "message": "Document 30 preview: 61. Lorenz J, Silva MI, Apar\u00edcio D, Ascens \u02dcao JT, Bizarro P. Machine learning methods to detect money laundering in the bitcoin blockchain in the presence of label scarcity. In: Proceedings of the Fi...", "module": "document_ingest", "function": "chunk_documents", "line": 121}
{"timestamp": "2025-08-03T14:08:48.484024", "level": "INFO", "logger": "app.services.document_ingest", "message": "Chunk 0: length = 427 chars, metadata = {'source': 'IntJNetworkMgmt-2023-Agarwal-Blockchainandcryptofo_1_1cc4ca7b.pdf', 'page': 0, 'source_path': '/data/user_documents/1/IntJNetworkMgmt-2023-Agarwal-Blockchainandcryptofo_1_1cc4ca7b.pdf', 'user_id': 1, 'document_id': 3}", "module": "document_ingest", "function": "chunk_documents", "line": 146}
{"timestamp": "2025-08-03T14:08:48.484261", "level": "INFO", "logger": "app.services.document_ingest", "message": "Document 31: content length = 3174 chars", "module": "document_ingest", "function": "chunk_documents", "line": 118}
{"timestamp": "2025-08-03T14:08:48.484434", "level": "INFO", "logger": "app.services.document_ingest", "message": "Chunk 1: length = 450 chars, metadata = {'source': 'IntJNetworkMgmt-2023-Agarwal-Blockchainandcryptofo_1_1cc4ca7b.pdf', 'page': 0, 'source_path': '/data/user_documents/1/IntJNetworkMgmt-2023-Agarwal-Blockchainandcryptofo_1_1cc4ca7b.pdf', 'user_id': 1, 'document_id': 3}", "module": "document_ingest", "function": "chunk_documents", "line": 146}
{"timestamp": "2025-08-03T14:08:48.484614", "level": "INFO", "logger": "app.services.document_ingest", "message": "Document 31 preview: 92. Blockchain forensics: The intersection of technology and investigations. https://indiaforensic.com/blockchain-forensics-intersection- technology-investigations/ . Accessed: 2023-04-05. 93. What ar...", "module": "document_ingest", "function": "chunk_documents", "line": 121}
{"timestamp": "2025-08-03T14:08:48.487683", "level": "INFO", "logger": "app.services.document_ingest", "message": "Chunk 2: length = 433 chars, metadata = {'source': 'IntJNetworkMgmt-2023-Agarwal-Blockchainandcryptofo_1_1cc4ca7b.pdf', 'page': 0, 'source_path': '/data/user_documents/1/IntJNetworkMgmt-2023-Agarwal-Blockchainandcryptofo_1_1cc4ca7b.pdf', 'user_id': 1, 'document_id': 3}", "module": "document_ingest", "function": "chunk_documents", "line": 146}
{"timestamp": "2025-08-03T14:08:48.489472", "level": "INFO", "logger": "app.services.document_ingest", "message": "Split 32 documents into 360 chunks with size=500, overlap=150", "module": "document_ingest", "function": "chunk_documents", "line": 141}
{"timestamp": "2025-08-03T14:08:48.489707", "level": "ERROR", "logger": "chromadb.telemetry.product.posthog", "message": "Failed to send telemetry event ClientStartEvent: capture() takes 1 positional argument but 3 were given", "module": "posthog", "function": "_direct_capture", "line": 59}
{"timestamp": "2025-08-03T14:08:48.489907", "level": "INFO", "logger": "app.services.document_ingest", "message": "Chunk 0: length = 427 chars, metadata = {'source': 'IntJNetworkMgmt-2023-Agarwal-Blockchainandcryptofo_1_1cc4ca7b.pdf', 'page': 0, 'source_path': '/data/user_documents/1/IntJNetworkMgmt-2023-Agarwal-Blockchainandcryptofo_1_1cc4ca7b.pdf', 'user_id': 1, 'document_id': 3}", "module": "document_ingest", "function": "chunk_documents", "line": 146}
{"timestamp": "2025-08-03T14:08:48.491540", "level": "INFO", "logger": "app.services.document_ingest", "message": "Chunk 1: length = 450 chars, metadata = {'source': 'IntJNetworkMgmt-2023-Agarwal-Blockchainandcryptofo_1_1cc4ca7b.pdf', 'page': 0, 'source_path': '/data/user_documents/1/IntJNetworkMgmt-2023-Agarwal-Blockchainandcryptofo_1_1cc4ca7b.pdf', 'user_id': 1, 'document_id': 3}", "module": "document_ingest", "function": "chunk_documents", "line": 146}
{"timestamp": "2025-08-03T14:08:48.491711", "level": "ERROR", "logger": "chromadb.telemetry.product.posthog", "message": "Failed to send telemetry event ClientCreateCollectionEvent: capture() takes 1 positional argument but 3 were given", "module": "posthog", "function": "_direct_capture", "line": 59}
{"timestamp": "2025-08-03T14:08:48.491918", "level": "INFO", "logger": "app.services.document_ingest", "message": "Chunk 2: length = 433 chars, metadata = {'source': 'IntJNetworkMgmt-2023-Agarwal-Blockchainandcryptofo_1_1cc4ca7b.pdf', 'page': 0, 'source_path': '/data/user_documents/1/IntJNetworkMgmt-2023-Agarwal-Blockchainandcryptofo_1_1cc4ca7b.pdf', 'user_id': 1, 'document_id': 3}", "module": "document_ingest", "function": "chunk_documents", "line": 146}
{"timestamp": "2025-08-03T14:08:48.495164", "level": "ERROR", "logger": "chromadb.telemetry.product.posthog", "message": "Failed to send telemetry event ClientStartEvent: capture() takes 1 positional argument but 3 were given", "module": "posthog", "function": "_direct_capture", "line": 59}
{"timestamp": "2025-08-03T14:08:48.496015", "level": "ERROR", "logger": "chromadb.telemetry.product.posthog", "message": "Failed to send telemetry event ClientCreateCollectionEvent: capture() takes 1 positional argument but 3 were given", "module": "posthog", "function": "_direct_capture", "line": 59}
{"timestamp": "2025-08-03T14:57:31.489010", "level": "INFO", "logger": "root", "message": "Starting application", "module": "main", "function": "<module>", "line": 14}
{"timestamp": "2025-08-03T14:58:46.969078", "level": "INFO", "logger": "app.api.routes_document", "message": "Successfully uploaded file: 57239806_BaktybekovTalgat_CV_1_2b1b4287.pdf", "module": "routes_document", "function": "upload_user_documents", "line": 155}
{"timestamp": "2025-08-03T14:58:47.059821", "level": "INFO", "logger": "app.services.document_ingest", "message": "Loaded 2 pages from 57239806_BaktybekovTalgat_CV_1_2b1b4287.pdf", "module": "document_ingest", "function": "load_documents_from_pdfs", "line": 75}
{"timestamp": "2025-08-03T14:58:47.060344", "level": "INFO", "logger": "app.services.document_ingest", "message": "Loaded 2 pages from 57239806_BaktybekovTalgat_CV_1_2b1b4287.pdf", "module": "document_ingest", "function": "load_documents_from_pdfs", "line": 75}
{"timestamp": "2025-08-03T14:58:47.060656", "level": "INFO", "logger": "app.services.document_ingest", "message": "Document 0: content length = 1762 chars", "module": "document_ingest", "function": "chunk_documents", "line": 118}
{"timestamp": "2025-08-03T14:58:47.060919", "level": "INFO", "logger": "app.services.document_ingest", "message": "Document 0: content length = 1762 chars", "module": "document_ingest", "function": "chunk_documents", "line": 118}
{"timestamp": "2025-08-03T14:58:47.061174", "level": "INFO", "logger": "app.services.document_ingest", "message": "Document 0 preview: Talgat Baktybekov Data-driven problem solver with strong programming skills and a passion for learning and innovation. tbaktybek4-c@my.cityu.edu.hk +852 9 742 0054 LinkedIn GitHub EDUCATION \u2022Bachelor ...", "module": "document_ingest", "function": "chunk_documents", "line": 121}
{"timestamp": "2025-08-03T14:58:47.061375", "level": "INFO", "logger": "app.services.document_ingest", "message": "Document 0 preview: Talgat Baktybekov Data-driven problem solver with strong programming skills and a passion for learning and innovation. tbaktybek4-c@my.cityu.edu.hk +852 9 742 0054 LinkedIn GitHub EDUCATION \u2022Bachelor ...", "module": "document_ingest", "function": "chunk_documents", "line": 121}
{"timestamp": "2025-08-03T14:58:47.061640", "level": "INFO", "logger": "app.services.document_ingest", "message": "Document 1: content length = 1615 chars", "module": "document_ingest", "function": "chunk_documents", "line": 118}
{"timestamp": "2025-08-03T14:58:47.061994", "level": "INFO", "logger": "app.services.document_ingest", "message": "Document 1: content length = 1615 chars", "module": "document_ingest", "function": "chunk_documents", "line": 118}
{"timestamp": "2025-08-03T14:58:47.062238", "level": "INFO", "logger": "app.services.document_ingest", "message": "Document 1 preview: \u2013Built classification models: Random Forest, Gradient Boosting, and Support Vector Machine (SVM). \u2013Achieved outstanding results with SVM: recall of 81%, precision of 72%, and accuracy of 95%. \u2013Demonst...", "module": "document_ingest", "function": "chunk_documents", "line": 121}
{"timestamp": "2025-08-03T14:58:47.062796", "level": "INFO", "logger": "app.services.document_ingest", "message": "Document 1 preview: \u2013Built classification models: Random Forest, Gradient Boosting, and Support Vector Machine (SVM). \u2013Achieved outstanding results with SVM: recall of 81%, precision of 72%, and accuracy of 95%. \u2013Demonst...", "module": "document_ingest", "function": "chunk_documents", "line": 121}
{"timestamp": "2025-08-03T14:58:47.063220", "level": "INFO", "logger": "app.services.document_ingest", "message": "Split 2 documents into 9 chunks with size=500, overlap=150", "module": "document_ingest", "function": "chunk_documents", "line": 141}
{"timestamp": "2025-08-03T14:58:47.063553", "level": "INFO", "logger": "app.services.document_ingest", "message": "Split 2 documents into 9 chunks with size=500, overlap=150", "module": "document_ingest", "function": "chunk_documents", "line": 141}
{"timestamp": "2025-08-03T14:58:47.063821", "level": "INFO", "logger": "app.services.document_ingest", "message": "Chunk 0: length = 481 chars, metadata = {'source': '57239806_BaktybekovTalgat_CV_1_2b1b4287.pdf', 'page': 0, 'source_path': '/data/user_documents/1/57239806_BaktybekovTalgat_CV_1_2b1b4287.pdf', 'user_id': 1, 'document_id': 4}", "module": "document_ingest", "function": "chunk_documents", "line": 146}
{"timestamp": "2025-08-03T14:58:47.064080", "level": "INFO", "logger": "app.services.document_ingest", "message": "Chunk 0: length = 481 chars, metadata = {'source': '57239806_BaktybekovTalgat_CV_1_2b1b4287.pdf', 'page': 0, 'source_path': '/data/user_documents/1/57239806_BaktybekovTalgat_CV_1_2b1b4287.pdf', 'user_id': 1, 'document_id': 4}", "module": "document_ingest", "function": "chunk_documents", "line": 146}
{"timestamp": "2025-08-03T14:58:47.064350", "level": "INFO", "logger": "app.services.document_ingest", "message": "Chunk 1: length = 466 chars, metadata = {'source': '57239806_BaktybekovTalgat_CV_1_2b1b4287.pdf', 'page': 0, 'source_path': '/data/user_documents/1/57239806_BaktybekovTalgat_CV_1_2b1b4287.pdf', 'user_id': 1, 'document_id': 4}", "module": "document_ingest", "function": "chunk_documents", "line": 146}
{"timestamp": "2025-08-03T14:58:47.064628", "level": "INFO", "logger": "app.services.document_ingest", "message": "Chunk 1: length = 466 chars, metadata = {'source': '57239806_BaktybekovTalgat_CV_1_2b1b4287.pdf', 'page': 0, 'source_path': '/data/user_documents/1/57239806_BaktybekovTalgat_CV_1_2b1b4287.pdf', 'user_id': 1, 'document_id': 4}", "module": "document_ingest", "function": "chunk_documents", "line": 146}
{"timestamp": "2025-08-03T14:58:47.064886", "level": "INFO", "logger": "app.services.document_ingest", "message": "Chunk 2: length = 492 chars, metadata = {'source': '57239806_BaktybekovTalgat_CV_1_2b1b4287.pdf', 'page': 0, 'source_path': '/data/user_documents/1/57239806_BaktybekovTalgat_CV_1_2b1b4287.pdf', 'user_id': 1, 'document_id': 4}", "module": "document_ingest", "function": "chunk_documents", "line": 146}
{"timestamp": "2025-08-03T14:58:47.065147", "level": "INFO", "logger": "app.services.document_ingest", "message": "Chunk 2: length = 492 chars, metadata = {'source': '57239806_BaktybekovTalgat_CV_1_2b1b4287.pdf', 'page': 0, 'source_path': '/data/user_documents/1/57239806_BaktybekovTalgat_CV_1_2b1b4287.pdf', 'user_id': 1, 'document_id': 4}", "module": "document_ingest", "function": "chunk_documents", "line": 146}
{"timestamp": "2025-08-03T14:58:47.374658", "level": "INFO", "logger": "chromadb.telemetry.product.posthog", "message": "Anonymized telemetry enabled. See                     https://docs.trychroma.com/telemetry for more information.", "module": "posthog", "function": "__init__", "line": 20}
{"timestamp": "2025-08-03T14:58:47.415687", "level": "ERROR", "logger": "chromadb.telemetry.product.posthog", "message": "Failed to send telemetry event ClientStartEvent: capture() takes 1 positional argument but 3 were given", "module": "posthog", "function": "_direct_capture", "line": 59}
{"timestamp": "2025-08-03T14:58:47.425204", "level": "ERROR", "logger": "chromadb.telemetry.product.posthog", "message": "Failed to send telemetry event ClientCreateCollectionEvent: capture() takes 1 positional argument but 3 were given", "module": "posthog", "function": "_direct_capture", "line": 59}
{"timestamp": "2025-08-03T14:59:50.228108", "level": "INFO", "logger": "app.api.routes_document", "message": "Successfully uploaded file: IntJNetworkMgmt-2023-Agarwal-Blockchainandcryptofo_1_1cc4ca7b.pdf", "module": "routes_document", "function": "upload_user_documents", "line": 155}
{"timestamp": "2025-08-03T14:59:50.773086", "level": "INFO", "logger": "app.services.document_ingest", "message": "Loaded 32 pages from IntJNetworkMgmt-2023-Agarwal-Blockchainandcryptofo_1_1cc4ca7b.pdf", "module": "document_ingest", "function": "load_documents_from_pdfs", "line": 75}
{"timestamp": "2025-08-03T14:59:50.773459", "level": "INFO", "logger": "app.services.document_ingest", "message": "Document 0: content length = 3169 chars", "module": "document_ingest", "function": "chunk_documents", "line": 118}
{"timestamp": "2025-08-03T14:59:50.774411", "level": "INFO", "logger": "app.services.document_ingest", "message": "Document 0 preview: RESEARCH ARTICLE Blockchain and crypto forensics: Investigating crypto frauds Udit Agarwal1| Vinay Rishiwal1| Sudeep Tanwar2| Mano Yadav3 1Department of Computer Science and Information Technology, MJ...", "module": "document_ingest", "function": "chunk_documents", "line": 121}
{"timestamp": "2025-08-03T14:59:50.783345", "level": "INFO", "logger": "app.services.document_ingest", "message": "Document 1: content length = 4834 chars", "module": "document_ingest", "function": "chunk_documents", "line": 118}
{"timestamp": "2025-08-03T14:59:50.792080", "level": "INFO", "logger": "app.services.document_ingest", "message": "Document 1 preview: pseudo-anonymity, the absence of middlemen, and decentralization. It is not easy to trace fund movement in routine transactions involving fiat currencies, regardless of whether the transactions were d...", "module": "document_ingest", "function": "chunk_documents", "line": 121}
{"timestamp": "2025-08-03T14:59:50.798108", "level": "INFO", "logger": "app.services.document_ingest", "message": "Document 2: content length = 3324 chars", "module": "document_ingest", "function": "chunk_documents", "line": 118}
{"timestamp": "2025-08-03T14:59:50.808034", "level": "INFO", "logger": "app.services.document_ingest", "message": "Document 2 preview: \u0081The present crypto market is constantly changing, with new technologies and fraudulent schemes frequently emerg- ing. Therefore, previous studies may not accurately reflect the industry's current sta...", "module": "document_ingest", "function": "chunk_documents", "line": 121}
{"timestamp": "2025-08-03T14:59:50.810671", "level": "INFO", "logger": "app.services.document_ingest", "message": "Document 3: content length = 3913 chars", "module": "document_ingest", "function": "chunk_documents", "line": 118}
{"timestamp": "2025-08-03T14:59:50.815992", "level": "INFO", "logger": "app.services.document_ingest", "message": "Document 3 preview: \u0081Previous state-of-the-art approaches for investigating crypto fraud have primarily focused on BTC-related frauds while disregarding other cryptocurrencies.8However, as the crypto market continues to ...", "module": "document_ingest", "function": "chunk_documents", "line": 121}
{"timestamp": "2025-08-03T14:59:50.816331", "level": "INFO", "logger": "app.services.document_ingest", "message": "Loaded 32 pages from IntJNetworkMgmt-2023-Agarwal-Blockchainandcryptofo_1_1cc4ca7b.pdf", "module": "document_ingest", "function": "load_documents_from_pdfs", "line": 75}
{"timestamp": "2025-08-03T14:59:50.816543", "level": "INFO", "logger": "app.services.document_ingest", "message": "Document 0: content length = 3169 chars", "module": "document_ingest", "function": "chunk_documents", "line": 118}
{"timestamp": "2025-08-03T14:59:50.816750", "level": "INFO", "logger": "app.services.document_ingest", "message": "Document 0 preview: RESEARCH ARTICLE Blockchain and crypto forensics: Investigating crypto frauds Udit Agarwal1| Vinay Rishiwal1| Sudeep Tanwar2| Mano Yadav3 1Department of Computer Science and Information Technology, MJ...", "module": "document_ingest", "function": "chunk_documents", "line": 121}
{"timestamp": "2025-08-03T14:59:50.816917", "level": "INFO", "logger": "app.services.document_ingest", "message": "Document 4: content length = 3069 chars", "module": "document_ingest", "function": "chunk_documents", "line": 118}
{"timestamp": "2025-08-03T14:59:50.817230", "level": "INFO", "logger": "app.services.document_ingest", "message": "Document 4 preview: 1.3.2 | Data sources We searched peer-reviewed journal databases such as IEEE Xplore, ScienceDirect, Scopus, ACM DL, and Google Scholar to uncover contemporary literary studies and material online. We...", "module": "document_ingest", "function": "chunk_documents", "line": 121}
{"timestamp": "2025-08-03T14:59:50.817519", "level": "INFO", "logger": "app.services.document_ingest", "message": "Document 5: content length = 1279 chars", "module": "document_ingest", "function": "chunk_documents", "line": 118}
{"timestamp": "2025-08-03T14:59:50.817728", "level": "INFO", "logger": "app.services.document_ingest", "message": "Document 5 preview: 2|BACKGROUND AND PRELIMINARIES Scammers are drawn to cryptocurrency for a variety of reasons. There is no bank or other centralized body to identify questionable transactions and try to prevent fraud ...", "module": "document_ingest", "function": "chunk_documents", "line": 121}
{"timestamp": "2025-08-03T14:59:50.817915", "level": "INFO", "logger": "app.services.document_ingest", "message": "Document 6: content length = 3926 chars", "module": "document_ingest", "function": "chunk_documents", "line": 118}
{"timestamp": "2025-08-03T14:59:50.818132", "level": "INFO", "logger": "app.services.document_ingest", "message": "Document 6 preview: hacked not once, but twice.17The first hack occurred in 2011, and the second in 2014. Many exchanges, including Mt. Gox, have been severely hacked in an attempt to steal cryptocurrencies traded on the...", "module": "document_ingest", "function": "chunk_documents", "line": 121}
{"timestamp": "2025-08-03T14:59:50.818354", "level": "INFO", "logger": "app.services.document_ingest", "message": "Document 7: content length = 3695 chars", "module": "document_ingest", "function": "chunk_documents", "line": 118}
{"timestamp": "2025-08-03T14:59:50.818549", "level": "INFO", "logger": "app.services.document_ingest", "message": "Document 7 preview: HYIPs. They disclosed selective payments, that is, HYIPs that pay only to aggregators or selected investors, defrauding innocent investors. Toyoda et al22described a clustering algorithm for detecting...", "module": "document_ingest", "function": "chunk_documents", "line": 121}
{"timestamp": "2025-08-03T14:59:50.818721", "level": "INFO", "logger": "app.services.document_ingest", "message": "Document 8: content length = 4164 chars", "module": "document_ingest", "function": "chunk_documents", "line": 118}
{"timestamp": "2025-08-03T14:59:50.818920", "level": "INFO", "logger": "app.services.document_ingest", "message": "Document 8 preview: \u0081Fake celebrity endorsements: This particular form of investment fraud differs from the usual. To create the illu- sion of a prominent financial gain endorsed by a celebrity, perpetrators incorporate ...", "module": "document_ingest", "function": "chunk_documents", "line": 121}
{"timestamp": "2025-08-03T14:59:50.819096", "level": "INFO", "logger": "app.services.document_ingest", "message": "Document 9: content length = 4725 chars", "module": "document_ingest", "function": "chunk_documents", "line": 118}
{"timestamp": "2025-08-03T14:59:50.819273", "level": "INFO", "logger": "app.services.document_ingest", "message": "Document 9 preview: is PlexCoin. This fictitious cryptocurrency lured high-end investors into making sizable investments in a fake crypto- currency by promising shockingly huge returns (1300%) within the first 30 days. I...", "module": "document_ingest", "function": "chunk_documents", "line": 121}
{"timestamp": "2025-08-03T14:59:50.819488", "level": "INFO", "logger": "app.services.document_ingest", "message": "Document 10: content length = 4998 chars", "module": "document_ingest", "function": "chunk_documents", "line": 118}
{"timestamp": "2025-08-03T14:59:50.819685", "level": "INFO", "logger": "app.services.document_ingest", "message": "Document 10 preview: individuals into thinking that a particular investment holds substantial potential. The scammer patiently awaits the moment when the Value of the investment skyrockets to an exorbitant level, only to ...", "module": "document_ingest", "function": "chunk_documents", "line": 121}
{"timestamp": "2025-08-03T14:59:50.819938", "level": "INFO", "logger": "app.services.document_ingest", "message": "Document 11: content length = 5023 chars", "module": "document_ingest", "function": "chunk_documents", "line": 118}
{"timestamp": "2025-08-03T14:59:50.820166", "level": "INFO", "logger": "app.services.document_ingest", "message": "Document 11 preview: fraudulent or false websites, cryptocurrency wallets, or even a fake/fraudulent person. The scammers then prefer to vanish with the target victim's money. Most cryptocurrency dating scams follow a pat...", "module": "document_ingest", "function": "chunk_documents", "line": 121}
{"timestamp": "2025-08-03T14:59:50.820350", "level": "INFO", "logger": "app.services.document_ingest", "message": "Document 12: content length = 3172 chars", "module": "document_ingest", "function": "chunk_documents", "line": 118}
{"timestamp": "2025-08-03T14:59:50.820589", "level": "INFO", "logger": "app.services.document_ingest", "message": "Document 12 preview: consumers' money.52Crypto-jacking is a major scam in the cryptocurrency realm. This is the unauthorized use of another person's computer to mine cryptocurrency. It is effectively hijacking another com...", "module": "document_ingest", "function": "chunk_documents", "line": 121}
{"timestamp": "2025-08-03T14:59:50.820790", "level": "INFO", "logger": "app.services.document_ingest", "message": "Document 13: content length = 2121 chars", "module": "document_ingest", "function": "chunk_documents", "line": 118}
{"timestamp": "2025-08-03T14:59:50.821045", "level": "INFO", "logger": "app.services.document_ingest", "message": "Document 13 preview: addresses.5758There are certain common flaws, such as the address relation inside a transaction, the address relation across transactions, and the relationship between blockchain addresses and actual ...", "module": "document_ingest", "function": "chunk_documents", "line": 121}
{"timestamp": "2025-08-03T14:59:50.821298", "level": "INFO", "logger": "app.services.document_ingest", "message": "Document 14: content length = 5252 chars", "module": "document_ingest", "function": "chunk_documents", "line": 118}
{"timestamp": "2025-08-03T14:59:50.821503", "level": "INFO", "logger": "app.services.document_ingest", "message": "Document 1: content length = 4834 chars", "module": "document_ingest", "function": "chunk_documents", "line": 118}
{"timestamp": "2025-08-03T14:59:50.821776", "level": "INFO", "logger": "app.services.document_ingest", "message": "Document 1 preview: pseudo-anonymity, the absence of middlemen, and decentralization. It is not easy to trace fund movement in routine transactions involving fiat currencies, regardless of whether the transactions were d...", "module": "document_ingest", "function": "chunk_documents", "line": 121}
{"timestamp": "2025-08-03T14:59:50.822036", "level": "INFO", "logger": "app.services.document_ingest", "message": "Document 2: content length = 3324 chars", "module": "document_ingest", "function": "chunk_documents", "line": 118}
{"timestamp": "2025-08-03T14:59:50.822255", "level": "INFO", "logger": "app.services.document_ingest", "message": "Document 14 preview: techniques for Ethereum smart contracts. The other major type of crypto fraud in Ethereum cryptocurrency is fake Ethereum wallets. Fraudsters develop fake Ethereum wallets that seem authentic but aim ...", "module": "document_ingest", "function": "chunk_documents", "line": 121}
{"timestamp": "2025-08-03T14:59:50.822435", "level": "INFO", "logger": "app.services.document_ingest", "message": "Document 15: content length = 5015 chars", "module": "document_ingest", "function": "chunk_documents", "line": 118}
{"timestamp": "2025-08-03T14:59:50.822735", "level": "INFO", "logger": "app.services.document_ingest", "message": "Document 15 preview: was arrested in 2019 and accused of performing unneeded procedures on female patients to collect insurance money.73,77 \u2013Fraudsters sell counterfeit medical products such as pacemakers, thermometers, r...", "module": "document_ingest", "function": "chunk_documents", "line": 121}
{"timestamp": "2025-08-03T14:59:50.823055", "level": "INFO", "logger": "app.services.document_ingest", "message": "Document 16: content length = 3785 chars", "module": "document_ingest", "function": "chunk_documents", "line": 118}
{"timestamp": "2025-08-03T14:59:50.823275", "level": "INFO", "logger": "app.services.document_ingest", "message": "Document 16 preview: 3.3 |Forensic tools The third component of the crypto forensics taxonomy is the forensic tools used to study crypto forensics. These tools are classified into two main types: Open-source tools and Pro...", "module": "document_ingest", "function": "chunk_documents", "line": 121}
{"timestamp": "2025-08-03T14:59:50.823510", "level": "INFO", "logger": "app.services.document_ingest", "message": "Document 17: content length = 5244 chars", "module": "document_ingest", "function": "chunk_documents", "line": 118}
{"timestamp": "2025-08-03T14:59:50.823713", "level": "INFO", "logger": "app.services.document_ingest", "message": "Document 17 preview: Preservation phase, data is obtained from the seized source and preserved using hashing, integrity checking, and backup techniques. This process involves extracting or imaging databases and hashing th...", "module": "document_ingest", "function": "chunk_documents", "line": 121}
{"timestamp": "2025-08-03T14:59:50.823910", "level": "INFO", "logger": "app.services.document_ingest", "message": "Document 18: content length = 6125 chars", "module": "document_ingest", "function": "chunk_documents", "line": 118}
{"timestamp": "2025-08-03T14:59:50.824134", "level": "INFO", "logger": "app.services.document_ingest", "message": "Document 18 preview: uncover the real identities behind blockchain addresses, blockchain analysis tools utilize techniques such as clustering algorithms, scraping data from websites, monitoring scam databases, and launchi...", "module": "document_ingest", "function": "chunk_documents", "line": 121}
{"timestamp": "2025-08-03T14:59:50.824473", "level": "INFO", "logger": "app.services.document_ingest", "message": "Document 19: content length = 4469 chars", "module": "document_ingest", "function": "chunk_documents", "line": 118}
{"timestamp": "2025-08-03T14:59:50.824631", "level": "INFO", "logger": "app.services.document_ingest", "message": "Document 19 preview: 5|AI AND BLOCKCHAIN-DRIVEN ARCHITECTURE TO DETECT CRYPTO FRAUDS: A CASE STUDY The projected framework is a system that uses AI and blockchain technology to detect and prevent cryptocurrency fraud. The...", "module": "document_ingest", "function": "chunk_documents", "line": 121}
{"timestamp": "2025-08-03T14:59:50.824900", "level": "INFO", "logger": "app.services.document_ingest", "message": "Document 20: content length = 2708 chars", "module": "document_ingest", "function": "chunk_documents", "line": 118}
{"timestamp": "2025-08-03T14:59:50.825160", "level": "INFO", "logger": "app.services.document_ingest", "message": "Document 20 preview: Figure 8shows the complete proposed system model, which comprises three layers, i.e., cognitive, AI, and protec- tion. A dataset including many crypto transactions from various sources is available to...", "module": "document_ingest", "function": "chunk_documents", "line": 121}
{"timestamp": "2025-08-03T14:59:50.825389", "level": "INFO", "logger": "app.services.document_ingest", "message": "Document 21: content length = 4711 chars", "module": "document_ingest", "function": "chunk_documents", "line": 118}
{"timestamp": "2025-08-03T14:59:50.825604", "level": "INFO", "logger": "app.services.document_ingest", "message": "Document 21 preview: not normalized, the columns may contain small and large values, and missing values may cause bias in the learning model. Thus, the dataset is preprocessed using various techniques, including filling i...", "module": "document_ingest", "function": "chunk_documents", "line": 121}
{"timestamp": "2025-08-03T14:59:50.825829", "level": "INFO", "logger": "app.services.document_ingest", "message": "Document 22: content length = 3716 chars", "module": "document_ingest", "function": "chunk_documents", "line": 118}
{"timestamp": "2025-08-03T14:59:50.826153", "level": "INFO", "logger": "app.services.document_ingest", "message": "Document 2 preview: \u0081The present crypto market is constantly changing, with new technologies and fraudulent schemes frequently emerg- ing. Therefore, previous studies may not accurately reflect the industry's current sta...", "module": "document_ingest", "function": "chunk_documents", "line": 121}
{"timestamp": "2025-08-03T14:59:50.826368", "level": "INFO", "logger": "app.services.document_ingest", "message": "Document 3: content length = 3913 chars", "module": "document_ingest", "function": "chunk_documents", "line": 118}
{"timestamp": "2025-08-03T14:59:50.826583", "level": "INFO", "logger": "app.services.document_ingest", "message": "Document 3 preview: \u0081Previous state-of-the-art approaches for investigating crypto fraud have primarily focused on BTC-related frauds while disregarding other cryptocurrencies.8However, as the crypto market continues to ...", "module": "document_ingest", "function": "chunk_documents", "line": 121}
{"timestamp": "2025-08-03T14:59:50.826747", "level": "INFO", "logger": "app.services.document_ingest", "message": "Document 4: content length = 3069 chars", "module": "document_ingest", "function": "chunk_documents", "line": 118}
{"timestamp": "2025-08-03T14:59:50.826986", "level": "INFO", "logger": "app.services.document_ingest", "message": "Document 4 preview: 1.3.2 | Data sources We searched peer-reviewed journal databases such as IEEE Xplore, ScienceDirect, Scopus, ACM DL, and Google Scholar to uncover contemporary literary studies and material online. We...", "module": "document_ingest", "function": "chunk_documents", "line": 121}
{"timestamp": "2025-08-03T14:59:50.827322", "level": "INFO", "logger": "app.services.document_ingest", "message": "Document 22 preview: area under the curve (AUC), which specifies that it has the best overall performance among the classifiers. The deci- sion tree and KNN classifiers also have relatively high AUC values, indicating goo...", "module": "document_ingest", "function": "chunk_documents", "line": 121}
{"timestamp": "2025-08-03T14:59:50.827659", "level": "INFO", "logger": "app.services.document_ingest", "message": "Document 23: content length = 1413 chars", "module": "document_ingest", "function": "chunk_documents", "line": 118}
{"timestamp": "2025-08-03T14:59:50.827883", "level": "INFO", "logger": "app.services.document_ingest", "message": "Document 23 preview: By providing an overview of these four key metrics, the confusion matrix allows for a more comprehensive evalua- tion of the classifier's performance. Figure 10shows the confusion matrix with the RF c...", "module": "document_ingest", "function": "chunk_documents", "line": 121}
{"timestamp": "2025-08-03T14:59:50.828221", "level": "INFO", "logger": "app.services.document_ingest", "message": "Document 24: content length = 3083 chars", "module": "document_ingest", "function": "chunk_documents", "line": 118}
{"timestamp": "2025-08-03T14:59:50.828394", "level": "INFO", "logger": "app.services.document_ingest", "message": "Document 24 preview: where \u03c1denotes precision. Low precision shows that the model generates more false alerts in this context. 5.1.4 | Recall The percentage of successfully identified positive samples to all positive samp...", "module": "document_ingest", "function": "chunk_documents", "line": 121}
{"timestamp": "2025-08-03T14:59:50.828639", "level": "INFO", "logger": "app.services.document_ingest", "message": "Document 25: content length = 1578 chars", "module": "document_ingest", "function": "chunk_documents", "line": 118}
{"timestamp": "2025-08-03T14:59:50.828913", "level": "INFO", "logger": "app.services.document_ingest", "message": "Document 25 preview: 5.3 |Bandwidth utilization To simulate the bandwidth utilization of the smart contract, we use its hash code as input for IPFS. The hash code is a unique identifier representing the contract data. IPF...", "module": "document_ingest", "function": "chunk_documents", "line": 121}
{"timestamp": "2025-08-03T14:59:50.829207", "level": "INFO", "logger": "app.services.document_ingest", "message": "Document 26: content length = 1415 chars", "module": "document_ingest", "function": "chunk_documents", "line": 118}
{"timestamp": "2025-08-03T14:59:50.829405", "level": "INFO", "logger": "app.services.document_ingest", "message": "Document 26 preview: \u2013Complicated transaction process: The main difficulty for the authorities recognizes the technological procedure throughout the transaction operations for each cryptocurrency algorithm. \u2013Anonymization...", "module": "document_ingest", "function": "chunk_documents", "line": 121}
{"timestamp": "2025-08-03T14:59:50.829660", "level": "INFO", "logger": "app.services.document_ingest", "message": "Document 27: content length = 5265 chars", "module": "document_ingest", "function": "chunk_documents", "line": 118}
{"timestamp": "2025-08-03T14:59:50.829870", "level": "INFO", "logger": "app.services.document_ingest", "message": "Document 27 preview: \u2013Fluctuate Price: Cryptocurrency prices are continuously changing. 2.Challenges to cryptocurrencies forensics: Following are the challenges of cryptocurrency forensics: \u2013Conceal vulnerabilities in sec...", "module": "document_ingest", "function": "chunk_documents", "line": 121}
{"timestamp": "2025-08-03T14:59:50.830010", "level": "INFO", "logger": "app.services.document_ingest", "message": "Document 28: content length = 5443 chars", "module": "document_ingest", "function": "chunk_documents", "line": 118}
{"timestamp": "2025-08-03T14:59:50.830198", "level": "INFO", "logger": "app.services.document_ingest", "message": "Document 5: content length = 1279 chars", "module": "document_ingest", "function": "chunk_documents", "line": 118}
{"timestamp": "2025-08-03T14:59:50.830504", "level": "INFO", "logger": "app.services.document_ingest", "message": "Document 5 preview: 2|BACKGROUND AND PRELIMINARIES Scammers are drawn to cryptocurrency for a variety of reasons. There is no bank or other centralized body to identify questionable transactions and try to prevent fraud ...", "module": "document_ingest", "function": "chunk_documents", "line": 121}
{"timestamp": "2025-08-03T14:59:50.830751", "level": "INFO", "logger": "app.services.document_ingest", "message": "Document 6: content length = 3926 chars", "module": "document_ingest", "function": "chunk_documents", "line": 118}
{"timestamp": "2025-08-03T14:59:50.830995", "level": "INFO", "logger": "app.services.document_ingest", "message": "Document 6 preview: hacked not once, but twice.17The first hack occurred in 2011, and the second in 2014. Many exchanges, including Mt. Gox, have been severely hacked in an attempt to steal cryptocurrencies traded on the...", "module": "document_ingest", "function": "chunk_documents", "line": 121}
{"timestamp": "2025-08-03T14:59:50.831305", "level": "INFO", "logger": "app.services.document_ingest", "message": "Document 7: content length = 3695 chars", "module": "document_ingest", "function": "chunk_documents", "line": 118}
{"timestamp": "2025-08-03T14:59:50.831529", "level": "INFO", "logger": "app.services.document_ingest", "message": "Document 7 preview: HYIPs. They disclosed selective payments, that is, HYIPs that pay only to aggregators or selected investors, defrauding innocent investors. Toyoda et al22described a clustering algorithm for detecting...", "module": "document_ingest", "function": "chunk_documents", "line": 121}
{"timestamp": "2025-08-03T14:59:50.831828", "level": "INFO", "logger": "app.services.document_ingest", "message": "Document 8: content length = 4164 chars", "module": "document_ingest", "function": "chunk_documents", "line": 118}
{"timestamp": "2025-08-03T14:59:50.832055", "level": "INFO", "logger": "app.services.document_ingest", "message": "Document 8 preview: \u0081Fake celebrity endorsements: This particular form of investment fraud differs from the usual. To create the illu- sion of a prominent financial gain endorsed by a celebrity, perpetrators incorporate ...", "module": "document_ingest", "function": "chunk_documents", "line": 121}
{"timestamp": "2025-08-03T14:59:50.832289", "level": "INFO", "logger": "app.services.document_ingest", "message": "Document 9: content length = 4725 chars", "module": "document_ingest", "function": "chunk_documents", "line": 118}
{"timestamp": "2025-08-03T14:59:50.832451", "level": "INFO", "logger": "app.services.document_ingest", "message": "Document 9 preview: is PlexCoin. This fictitious cryptocurrency lured high-end investors into making sizable investments in a fake crypto- currency by promising shockingly huge returns (1300%) within the first 30 days. I...", "module": "document_ingest", "function": "chunk_documents", "line": 121}
{"timestamp": "2025-08-03T14:59:50.832646", "level": "INFO", "logger": "app.services.document_ingest", "message": "Document 10: content length = 4998 chars", "module": "document_ingest", "function": "chunk_documents", "line": 118}
{"timestamp": "2025-08-03T14:59:50.832918", "level": "INFO", "logger": "app.services.document_ingest", "message": "Document 10 preview: individuals into thinking that a particular investment holds substantial potential. The scammer patiently awaits the moment when the Value of the investment skyrockets to an exorbitant level, only to ...", "module": "document_ingest", "function": "chunk_documents", "line": 121}
{"timestamp": "2025-08-03T14:59:50.833145", "level": "INFO", "logger": "app.services.document_ingest", "message": "Document 11: content length = 5023 chars", "module": "document_ingest", "function": "chunk_documents", "line": 118}
{"timestamp": "2025-08-03T14:59:50.833409", "level": "INFO", "logger": "app.services.document_ingest", "message": "Document 11 preview: fraudulent or false websites, cryptocurrency wallets, or even a fake/fraudulent person. The scammers then prefer to vanish with the target victim's money. Most cryptocurrency dating scams follow a pat...", "module": "document_ingest", "function": "chunk_documents", "line": 121}
{"timestamp": "2025-08-03T14:59:50.833604", "level": "INFO", "logger": "app.services.document_ingest", "message": "Document 28 preview: DATA AVAILABILITY STATEMENT Data sharing not applicable to this article as no datasets were generated or analysed during the current study. ORCID Vinay Rishiwal https://orcid.org/0000-0003-2451-4949 S...", "module": "document_ingest", "function": "chunk_documents", "line": 121}
{"timestamp": "2025-08-03T14:59:50.833837", "level": "INFO", "logger": "app.services.document_ingest", "message": "Document 29: content length = 5772 chars", "module": "document_ingest", "function": "chunk_documents", "line": 118}
{"timestamp": "2025-08-03T14:59:50.834167", "level": "INFO", "logger": "app.services.document_ingest", "message": "Document 12: content length = 3172 chars", "module": "document_ingest", "function": "chunk_documents", "line": 118}
{"timestamp": "2025-08-03T14:59:50.834345", "level": "INFO", "logger": "app.services.document_ingest", "message": "Document 12 preview: consumers' money.52Crypto-jacking is a major scam in the cryptocurrency realm. This is the unauthorized use of another person's computer to mine cryptocurrency. It is effectively hijacking another com...", "module": "document_ingest", "function": "chunk_documents", "line": 121}
{"timestamp": "2025-08-03T14:59:50.834667", "level": "INFO", "logger": "app.services.document_ingest", "message": "Document 13: content length = 2121 chars", "module": "document_ingest", "function": "chunk_documents", "line": 118}
{"timestamp": "2025-08-03T14:59:50.834905", "level": "INFO", "logger": "app.services.document_ingest", "message": "Document 13 preview: addresses.5758There are certain common flaws, such as the address relation inside a transaction, the address relation across transactions, and the relationship between blockchain addresses and actual ...", "module": "document_ingest", "function": "chunk_documents", "line": 121}
{"timestamp": "2025-08-03T14:59:50.835107", "level": "INFO", "logger": "app.services.document_ingest", "message": "Document 14: content length = 5252 chars", "module": "document_ingest", "function": "chunk_documents", "line": 118}
{"timestamp": "2025-08-03T14:59:50.835554", "level": "INFO", "logger": "app.services.document_ingest", "message": "Document 14 preview: techniques for Ethereum smart contracts. The other major type of crypto fraud in Ethereum cryptocurrency is fake Ethereum wallets. Fraudsters develop fake Ethereum wallets that seem authentic but aim ...", "module": "document_ingest", "function": "chunk_documents", "line": 121}
{"timestamp": "2025-08-03T14:59:50.835744", "level": "INFO", "logger": "app.services.document_ingest", "message": "Document 15: content length = 5015 chars", "module": "document_ingest", "function": "chunk_documents", "line": 118}
{"timestamp": "2025-08-03T14:59:50.836008", "level": "INFO", "logger": "app.services.document_ingest", "message": "Document 15 preview: was arrested in 2019 and accused of performing unneeded procedures on female patients to collect insurance money.73,77 \u2013Fraudsters sell counterfeit medical products such as pacemakers, thermometers, r...", "module": "document_ingest", "function": "chunk_documents", "line": 121}
{"timestamp": "2025-08-03T14:59:50.836225", "level": "INFO", "logger": "app.services.document_ingest", "message": "Document 29 preview: 29. Fan S, Fu S, Xu H, Cheng X. AL-SPSD: anti-leakage smart ponzi schemes detection in blockchain. Inform Process Manag . 2021;58(4): 102587. 30. Wang L, Cheng H, Zheng Z, Yang A, Zhu X. Ponzi scheme ...", "module": "document_ingest", "function": "chunk_documents", "line": 121}
{"timestamp": "2025-08-03T14:59:50.836433", "level": "INFO", "logger": "app.services.document_ingest", "message": "Document 30: content length = 6037 chars", "module": "document_ingest", "function": "chunk_documents", "line": 118}
{"timestamp": "2025-08-03T14:59:50.836630", "level": "INFO", "logger": "app.services.document_ingest", "message": "Document 30 preview: 61. Lorenz J, Silva MI, Apar\u00edcio D, Ascens \u02dcao JT, Bizarro P. Machine learning methods to detect money laundering in the bitcoin blockchain in the presence of label scarcity. In: Proceedings of the Fi...", "module": "document_ingest", "function": "chunk_documents", "line": 121}
{"timestamp": "2025-08-03T14:59:50.836849", "level": "INFO", "logger": "app.services.document_ingest", "message": "Document 31: content length = 3174 chars", "module": "document_ingest", "function": "chunk_documents", "line": 118}
{"timestamp": "2025-08-03T14:59:50.837049", "level": "INFO", "logger": "app.services.document_ingest", "message": "Document 31 preview: 92. Blockchain forensics: The intersection of technology and investigations. https://indiaforensic.com/blockchain-forensics-intersection- technology-investigations/ . Accessed: 2023-04-05. 93. What ar...", "module": "document_ingest", "function": "chunk_documents", "line": 121}
{"timestamp": "2025-08-03T14:59:50.840355", "level": "INFO", "logger": "app.services.document_ingest", "message": "Document 16: content length = 3785 chars", "module": "document_ingest", "function": "chunk_documents", "line": 118}
{"timestamp": "2025-08-03T14:59:50.840570", "level": "INFO", "logger": "app.services.document_ingest", "message": "Document 16 preview: 3.3 |Forensic tools The third component of the crypto forensics taxonomy is the forensic tools used to study crypto forensics. These tools are classified into two main types: Open-source tools and Pro...", "module": "document_ingest", "function": "chunk_documents", "line": 121}
{"timestamp": "2025-08-03T14:59:50.840781", "level": "INFO", "logger": "app.services.document_ingest", "message": "Document 17: content length = 5244 chars", "module": "document_ingest", "function": "chunk_documents", "line": 118}
{"timestamp": "2025-08-03T14:59:50.841050", "level": "INFO", "logger": "app.services.document_ingest", "message": "Document 17 preview: Preservation phase, data is obtained from the seized source and preserved using hashing, integrity checking, and backup techniques. This process involves extracting or imaging databases and hashing th...", "module": "document_ingest", "function": "chunk_documents", "line": 121}
{"timestamp": "2025-08-03T14:59:50.841382", "level": "INFO", "logger": "app.services.document_ingest", "message": "Document 18: content length = 6125 chars", "module": "document_ingest", "function": "chunk_documents", "line": 118}
{"timestamp": "2025-08-03T14:59:50.841626", "level": "INFO", "logger": "app.services.document_ingest", "message": "Document 18 preview: uncover the real identities behind blockchain addresses, blockchain analysis tools utilize techniques such as clustering algorithms, scraping data from websites, monitoring scam databases, and launchi...", "module": "document_ingest", "function": "chunk_documents", "line": 121}
{"timestamp": "2025-08-03T14:59:50.841879", "level": "INFO", "logger": "app.services.document_ingest", "message": "Document 19: content length = 4469 chars", "module": "document_ingest", "function": "chunk_documents", "line": 118}
{"timestamp": "2025-08-03T14:59:50.842127", "level": "INFO", "logger": "app.services.document_ingest", "message": "Document 19 preview: 5|AI AND BLOCKCHAIN-DRIVEN ARCHITECTURE TO DETECT CRYPTO FRAUDS: A CASE STUDY The projected framework is a system that uses AI and blockchain technology to detect and prevent cryptocurrency fraud. The...", "module": "document_ingest", "function": "chunk_documents", "line": 121}
{"timestamp": "2025-08-03T14:59:50.842372", "level": "INFO", "logger": "app.services.document_ingest", "message": "Document 20: content length = 2708 chars", "module": "document_ingest", "function": "chunk_documents", "line": 118}
{"timestamp": "2025-08-03T14:59:50.842540", "level": "INFO", "logger": "app.services.document_ingest", "message": "Split 32 documents into 360 chunks with size=500, overlap=150", "module": "document_ingest", "function": "chunk_documents", "line": 141}
{"timestamp": "2025-08-03T14:59:50.842814", "level": "INFO", "logger": "app.services.document_ingest", "message": "Chunk 0: length = 427 chars, metadata = {'source': 'IntJNetworkMgmt-2023-Agarwal-Blockchainandcryptofo_1_1cc4ca7b.pdf', 'page': 0, 'source_path': '/data/user_documents/1/IntJNetworkMgmt-2023-Agarwal-Blockchainandcryptofo_1_1cc4ca7b.pdf', 'user_id': 1, 'document_id': 5}", "module": "document_ingest", "function": "chunk_documents", "line": 146}
{"timestamp": "2025-08-03T14:59:50.843031", "level": "INFO", "logger": "app.services.document_ingest", "message": "Chunk 1: length = 450 chars, metadata = {'source': 'IntJNetworkMgmt-2023-Agarwal-Blockchainandcryptofo_1_1cc4ca7b.pdf', 'page': 0, 'source_path': '/data/user_documents/1/IntJNetworkMgmt-2023-Agarwal-Blockchainandcryptofo_1_1cc4ca7b.pdf', 'user_id': 1, 'document_id': 5}", "module": "document_ingest", "function": "chunk_documents", "line": 146}
{"timestamp": "2025-08-03T14:59:50.843264", "level": "INFO", "logger": "app.services.document_ingest", "message": "Chunk 2: length = 433 chars, metadata = {'source': 'IntJNetworkMgmt-2023-Agarwal-Blockchainandcryptofo_1_1cc4ca7b.pdf', 'page': 0, 'source_path': '/data/user_documents/1/IntJNetworkMgmt-2023-Agarwal-Blockchainandcryptofo_1_1cc4ca7b.pdf', 'user_id': 1, 'document_id': 5}", "module": "document_ingest", "function": "chunk_documents", "line": 146}
{"timestamp": "2025-08-03T14:59:50.845129", "level": "INFO", "logger": "app.services.document_ingest", "message": "Document 20 preview: Figure 8shows the complete proposed system model, which comprises three layers, i.e., cognitive, AI, and protec- tion. A dataset including many crypto transactions from various sources is available to...", "module": "document_ingest", "function": "chunk_documents", "line": 121}
{"timestamp": "2025-08-03T14:59:50.845318", "level": "INFO", "logger": "app.services.document_ingest", "message": "Document 21: content length = 4711 chars", "module": "document_ingest", "function": "chunk_documents", "line": 118}
{"timestamp": "2025-08-03T14:59:50.845630", "level": "INFO", "logger": "app.services.document_ingest", "message": "Document 21 preview: not normalized, the columns may contain small and large values, and missing values may cause bias in the learning model. Thus, the dataset is preprocessed using various techniques, including filling i...", "module": "document_ingest", "function": "chunk_documents", "line": 121}
{"timestamp": "2025-08-03T14:59:50.845997", "level": "INFO", "logger": "app.services.document_ingest", "message": "Document 22: content length = 3716 chars", "module": "document_ingest", "function": "chunk_documents", "line": 118}
{"timestamp": "2025-08-03T14:59:50.846238", "level": "INFO", "logger": "app.services.document_ingest", "message": "Document 22 preview: area under the curve (AUC), which specifies that it has the best overall performance among the classifiers. The deci- sion tree and KNN classifiers also have relatively high AUC values, indicating goo...", "module": "document_ingest", "function": "chunk_documents", "line": 121}
{"timestamp": "2025-08-03T14:59:50.846538", "level": "INFO", "logger": "app.services.document_ingest", "message": "Document 23: content length = 1413 chars", "module": "document_ingest", "function": "chunk_documents", "line": 118}
{"timestamp": "2025-08-03T14:59:50.846725", "level": "INFO", "logger": "app.services.document_ingest", "message": "Document 23 preview: By providing an overview of these four key metrics, the confusion matrix allows for a more comprehensive evalua- tion of the classifier's performance. Figure 10shows the confusion matrix with the RF c...", "module": "document_ingest", "function": "chunk_documents", "line": 121}
{"timestamp": "2025-08-03T14:59:50.846927", "level": "INFO", "logger": "app.services.document_ingest", "message": "Document 24: content length = 3083 chars", "module": "document_ingest", "function": "chunk_documents", "line": 118}
{"timestamp": "2025-08-03T14:59:50.847238", "level": "ERROR", "logger": "chromadb.telemetry.product.posthog", "message": "Failed to send telemetry event ClientStartEvent: capture() takes 1 positional argument but 3 were given", "module": "posthog", "function": "_direct_capture", "line": 59}
{"timestamp": "2025-08-03T14:59:50.847455", "level": "INFO", "logger": "app.services.document_ingest", "message": "Document 24 preview: where \u03c1denotes precision. Low precision shows that the model generates more false alerts in this context. 5.1.4 | Recall The percentage of successfully identified positive samples to all positive samp...", "module": "document_ingest", "function": "chunk_documents", "line": 121}
{"timestamp": "2025-08-03T14:59:50.848379", "level": "INFO", "logger": "app.services.document_ingest", "message": "Document 25: content length = 1578 chars", "module": "document_ingest", "function": "chunk_documents", "line": 118}
{"timestamp": "2025-08-03T14:59:50.848545", "level": "INFO", "logger": "app.services.document_ingest", "message": "Document 25 preview: 5.3 |Bandwidth utilization To simulate the bandwidth utilization of the smart contract, we use its hash code as input for IPFS. The hash code is a unique identifier representing the contract data. IPF...", "module": "document_ingest", "function": "chunk_documents", "line": 121}
{"timestamp": "2025-08-03T14:59:50.848792", "level": "INFO", "logger": "app.services.document_ingest", "message": "Document 26: content length = 1415 chars", "module": "document_ingest", "function": "chunk_documents", "line": 118}
{"timestamp": "2025-08-03T14:59:50.848992", "level": "INFO", "logger": "app.services.document_ingest", "message": "Document 26 preview: \u2013Complicated transaction process: The main difficulty for the authorities recognizes the technological procedure throughout the transaction operations for each cryptocurrency algorithm. \u2013Anonymization...", "module": "document_ingest", "function": "chunk_documents", "line": 121}
{"timestamp": "2025-08-03T14:59:50.849217", "level": "INFO", "logger": "app.services.document_ingest", "message": "Document 27: content length = 5265 chars", "module": "document_ingest", "function": "chunk_documents", "line": 118}
{"timestamp": "2025-08-03T14:59:50.849401", "level": "INFO", "logger": "app.services.document_ingest", "message": "Document 27 preview: \u2013Fluctuate Price: Cryptocurrency prices are continuously changing. 2.Challenges to cryptocurrencies forensics: Following are the challenges of cryptocurrency forensics: \u2013Conceal vulnerabilities in sec...", "module": "document_ingest", "function": "chunk_documents", "line": 121}
{"timestamp": "2025-08-03T14:59:50.849614", "level": "INFO", "logger": "app.services.document_ingest", "message": "Document 28: content length = 5443 chars", "module": "document_ingest", "function": "chunk_documents", "line": 118}
{"timestamp": "2025-08-03T14:59:50.849781", "level": "INFO", "logger": "app.services.document_ingest", "message": "Document 28 preview: DATA AVAILABILITY STATEMENT Data sharing not applicable to this article as no datasets were generated or analysed during the current study. ORCID Vinay Rishiwal https://orcid.org/0000-0003-2451-4949 S...", "module": "document_ingest", "function": "chunk_documents", "line": 121}
{"timestamp": "2025-08-03T14:59:50.849975", "level": "INFO", "logger": "app.services.document_ingest", "message": "Document 29: content length = 5772 chars", "module": "document_ingest", "function": "chunk_documents", "line": 118}
{"timestamp": "2025-08-03T14:59:50.850136", "level": "ERROR", "logger": "chromadb.telemetry.product.posthog", "message": "Failed to send telemetry event ClientCreateCollectionEvent: capture() takes 1 positional argument but 3 were given", "module": "posthog", "function": "_direct_capture", "line": 59}
{"timestamp": "2025-08-03T14:59:50.850429", "level": "INFO", "logger": "app.services.document_ingest", "message": "Document 29 preview: 29. Fan S, Fu S, Xu H, Cheng X. AL-SPSD: anti-leakage smart ponzi schemes detection in blockchain. Inform Process Manag . 2021;58(4): 102587. 30. Wang L, Cheng H, Zheng Z, Yang A, Zhu X. Ponzi scheme ...", "module": "document_ingest", "function": "chunk_documents", "line": 121}
{"timestamp": "2025-08-03T14:59:50.851100", "level": "INFO", "logger": "app.services.document_ingest", "message": "Document 30: content length = 6037 chars", "module": "document_ingest", "function": "chunk_documents", "line": 118}
{"timestamp": "2025-08-03T14:59:50.851430", "level": "INFO", "logger": "app.services.document_ingest", "message": "Document 30 preview: 61. Lorenz J, Silva MI, Apar\u00edcio D, Ascens \u02dcao JT, Bizarro P. Machine learning methods to detect money laundering in the bitcoin blockchain in the presence of label scarcity. In: Proceedings of the Fi...", "module": "document_ingest", "function": "chunk_documents", "line": 121}
{"timestamp": "2025-08-03T14:59:50.852578", "level": "INFO", "logger": "app.services.document_ingest", "message": "Document 31: content length = 3174 chars", "module": "document_ingest", "function": "chunk_documents", "line": 118}
{"timestamp": "2025-08-03T14:59:50.853092", "level": "INFO", "logger": "app.services.document_ingest", "message": "Document 31 preview: 92. Blockchain forensics: The intersection of technology and investigations. https://indiaforensic.com/blockchain-forensics-intersection- technology-investigations/ . Accessed: 2023-04-05. 93. What ar...", "module": "document_ingest", "function": "chunk_documents", "line": 121}
{"timestamp": "2025-08-03T14:59:50.856585", "level": "INFO", "logger": "app.services.document_ingest", "message": "Split 32 documents into 360 chunks with size=500, overlap=150", "module": "document_ingest", "function": "chunk_documents", "line": 141}
{"timestamp": "2025-08-03T14:59:50.856854", "level": "INFO", "logger": "app.services.document_ingest", "message": "Chunk 0: length = 427 chars, metadata = {'source': 'IntJNetworkMgmt-2023-Agarwal-Blockchainandcryptofo_1_1cc4ca7b.pdf', 'page': 0, 'source_path': '/data/user_documents/1/IntJNetworkMgmt-2023-Agarwal-Blockchainandcryptofo_1_1cc4ca7b.pdf', 'user_id': 1, 'document_id': 5}", "module": "document_ingest", "function": "chunk_documents", "line": 146}
{"timestamp": "2025-08-03T14:59:50.857183", "level": "INFO", "logger": "app.services.document_ingest", "message": "Chunk 1: length = 450 chars, metadata = {'source': 'IntJNetworkMgmt-2023-Agarwal-Blockchainandcryptofo_1_1cc4ca7b.pdf', 'page': 0, 'source_path': '/data/user_documents/1/IntJNetworkMgmt-2023-Agarwal-Blockchainandcryptofo_1_1cc4ca7b.pdf', 'user_id': 1, 'document_id': 5}", "module": "document_ingest", "function": "chunk_documents", "line": 146}
{"timestamp": "2025-08-03T14:59:50.857486", "level": "INFO", "logger": "app.services.document_ingest", "message": "Chunk 2: length = 433 chars, metadata = {'source': 'IntJNetworkMgmt-2023-Agarwal-Blockchainandcryptofo_1_1cc4ca7b.pdf', 'page': 0, 'source_path': '/data/user_documents/1/IntJNetworkMgmt-2023-Agarwal-Blockchainandcryptofo_1_1cc4ca7b.pdf', 'user_id': 1, 'document_id': 5}", "module": "document_ingest", "function": "chunk_documents", "line": 146}
{"timestamp": "2025-08-03T14:59:50.859374", "level": "ERROR", "logger": "chromadb.telemetry.product.posthog", "message": "Failed to send telemetry event ClientStartEvent: capture() takes 1 positional argument but 3 were given", "module": "posthog", "function": "_direct_capture", "line": 59}
{"timestamp": "2025-08-03T14:59:50.860479", "level": "ERROR", "logger": "chromadb.telemetry.product.posthog", "message": "Failed to send telemetry event ClientCreateCollectionEvent: capture() takes 1 positional argument but 3 were given", "module": "posthog", "function": "_direct_capture", "line": 59}
{"timestamp": "2025-08-03T15:02:04.079811", "level": "INFO", "logger": "root", "message": "Starting application", "module": "main", "function": "<module>", "line": 14}
{"timestamp": "2025-08-03T15:02:18.667006", "level": "INFO", "logger": "app.api.routes_document", "message": "Successfully uploaded file: IntJNetworkMgmt-2023-Agarwal-Blockchainandcryptofo_1_1cc4ca7b.pdf", "module": "routes_document", "function": "upload_user_documents", "line": 155}
{"timestamp": "2025-08-03T15:02:19.291013", "level": "INFO", "logger": "app.services.document_ingest", "message": "Loaded 32 pages from IntJNetworkMgmt-2023-Agarwal-Blockchainandcryptofo_1_1cc4ca7b.pdf", "module": "document_ingest", "function": "load_documents_from_pdfs", "line": 75}
{"timestamp": "2025-08-03T15:02:19.304008", "level": "INFO", "logger": "app.services.document_ingest", "message": "Document 0: content length = 3169 chars", "module": "document_ingest", "function": "chunk_documents", "line": 118}
{"timestamp": "2025-08-03T15:02:19.304513", "level": "INFO", "logger": "app.services.document_ingest", "message": "Loaded 32 pages from IntJNetworkMgmt-2023-Agarwal-Blockchainandcryptofo_1_1cc4ca7b.pdf", "module": "document_ingest", "function": "load_documents_from_pdfs", "line": 75}
{"timestamp": "2025-08-03T15:02:19.304792", "level": "INFO", "logger": "app.services.document_ingest", "message": "Document 0 preview: RESEARCH ARTICLE Blockchain and crypto forensics: Investigating crypto frauds Udit Agarwal1| Vinay Rishiwal1| Sudeep Tanwar2| Mano Yadav3 1Department of Computer Science and Information Technology, MJ...", "module": "document_ingest", "function": "chunk_documents", "line": 121}
{"timestamp": "2025-08-03T15:02:19.305093", "level": "INFO", "logger": "app.services.document_ingest", "message": "Document 0: content length = 3169 chars", "module": "document_ingest", "function": "chunk_documents", "line": 118}
{"timestamp": "2025-08-03T15:02:19.305362", "level": "INFO", "logger": "app.services.document_ingest", "message": "Document 1: content length = 4834 chars", "module": "document_ingest", "function": "chunk_documents", "line": 118}
{"timestamp": "2025-08-03T15:02:19.305720", "level": "INFO", "logger": "app.services.document_ingest", "message": "Document 0 preview: RESEARCH ARTICLE Blockchain and crypto forensics: Investigating crypto frauds Udit Agarwal1| Vinay Rishiwal1| Sudeep Tanwar2| Mano Yadav3 1Department of Computer Science and Information Technology, MJ...", "module": "document_ingest", "function": "chunk_documents", "line": 121}
{"timestamp": "2025-08-03T15:02:19.305939", "level": "INFO", "logger": "app.services.document_ingest", "message": "Document 1 preview: pseudo-anonymity, the absence of middlemen, and decentralization. It is not easy to trace fund movement in routine transactions involving fiat currencies, regardless of whether the transactions were d...", "module": "document_ingest", "function": "chunk_documents", "line": 121}
{"timestamp": "2025-08-03T15:02:19.306203", "level": "INFO", "logger": "app.services.document_ingest", "message": "Document 2: content length = 3324 chars", "module": "document_ingest", "function": "chunk_documents", "line": 118}
{"timestamp": "2025-08-03T15:02:19.306445", "level": "INFO", "logger": "app.services.document_ingest", "message": "Document 1: content length = 4834 chars", "module": "document_ingest", "function": "chunk_documents", "line": 118}
{"timestamp": "2025-08-03T15:02:19.306665", "level": "INFO", "logger": "app.services.document_ingest", "message": "Document 1 preview: pseudo-anonymity, the absence of middlemen, and decentralization. It is not easy to trace fund movement in routine transactions involving fiat currencies, regardless of whether the transactions were d...", "module": "document_ingest", "function": "chunk_documents", "line": 121}
{"timestamp": "2025-08-03T15:02:19.306887", "level": "INFO", "logger": "app.services.document_ingest", "message": "Document 2 preview: \u0081The present crypto market is constantly changing, with new technologies and fraudulent schemes frequently emerg- ing. Therefore, previous studies may not accurately reflect the industry's current sta...", "module": "document_ingest", "function": "chunk_documents", "line": 121}
{"timestamp": "2025-08-03T15:02:19.307123", "level": "INFO", "logger": "app.services.document_ingest", "message": "Document 2: content length = 3324 chars", "module": "document_ingest", "function": "chunk_documents", "line": 118}
{"timestamp": "2025-08-03T15:02:19.307304", "level": "INFO", "logger": "app.services.document_ingest", "message": "Document 3: content length = 3913 chars", "module": "document_ingest", "function": "chunk_documents", "line": 118}
{"timestamp": "2025-08-03T15:02:19.307519", "level": "INFO", "logger": "app.services.document_ingest", "message": "Document 2 preview: \u0081The present crypto market is constantly changing, with new technologies and fraudulent schemes frequently emerg- ing. Therefore, previous studies may not accurately reflect the industry's current sta...", "module": "document_ingest", "function": "chunk_documents", "line": 121}
{"timestamp": "2025-08-03T15:02:19.307742", "level": "INFO", "logger": "app.services.document_ingest", "message": "Document 3 preview: \u0081Previous state-of-the-art approaches for investigating crypto fraud have primarily focused on BTC-related frauds while disregarding other cryptocurrencies.8However, as the crypto market continues to ...", "module": "document_ingest", "function": "chunk_documents", "line": 121}
{"timestamp": "2025-08-03T15:02:19.308031", "level": "INFO", "logger": "app.services.document_ingest", "message": "Document 3: content length = 3913 chars", "module": "document_ingest", "function": "chunk_documents", "line": 118}
{"timestamp": "2025-08-03T15:02:19.308303", "level": "INFO", "logger": "app.services.document_ingest", "message": "Document 4: content length = 3069 chars", "module": "document_ingest", "function": "chunk_documents", "line": 118}
{"timestamp": "2025-08-03T15:02:19.308816", "level": "INFO", "logger": "app.services.document_ingest", "message": "Document 3 preview: \u0081Previous state-of-the-art approaches for investigating crypto fraud have primarily focused on BTC-related frauds while disregarding other cryptocurrencies.8However, as the crypto market continues to ...", "module": "document_ingest", "function": "chunk_documents", "line": 121}
{"timestamp": "2025-08-03T15:02:19.309077", "level": "INFO", "logger": "app.services.document_ingest", "message": "Document 4 preview: 1.3.2 | Data sources We searched peer-reviewed journal databases such as IEEE Xplore, ScienceDirect, Scopus, ACM DL, and Google Scholar to uncover contemporary literary studies and material online. We...", "module": "document_ingest", "function": "chunk_documents", "line": 121}
{"timestamp": "2025-08-03T15:02:19.309437", "level": "INFO", "logger": "app.services.document_ingest", "message": "Document 4: content length = 3069 chars", "module": "document_ingest", "function": "chunk_documents", "line": 118}
{"timestamp": "2025-08-03T15:02:19.309701", "level": "INFO", "logger": "app.services.document_ingest", "message": "Document 4 preview: 1.3.2 | Data sources We searched peer-reviewed journal databases such as IEEE Xplore, ScienceDirect, Scopus, ACM DL, and Google Scholar to uncover contemporary literary studies and material online. We...", "module": "document_ingest", "function": "chunk_documents", "line": 121}
{"timestamp": "2025-08-03T15:02:19.310004", "level": "INFO", "logger": "app.services.document_ingest", "message": "Document 5: content length = 1279 chars", "module": "document_ingest", "function": "chunk_documents", "line": 118}
{"timestamp": "2025-08-03T15:02:19.310304", "level": "INFO", "logger": "app.services.document_ingest", "message": "Document 5: content length = 1279 chars", "module": "document_ingest", "function": "chunk_documents", "line": 118}
{"timestamp": "2025-08-03T15:02:19.310531", "level": "INFO", "logger": "app.services.document_ingest", "message": "Document 5 preview: 2|BACKGROUND AND PRELIMINARIES Scammers are drawn to cryptocurrency for a variety of reasons. There is no bank or other centralized body to identify questionable transactions and try to prevent fraud ...", "module": "document_ingest", "function": "chunk_documents", "line": 121}
{"timestamp": "2025-08-03T15:02:19.310924", "level": "INFO", "logger": "app.services.document_ingest", "message": "Document 5 preview: 2|BACKGROUND AND PRELIMINARIES Scammers are drawn to cryptocurrency for a variety of reasons. There is no bank or other centralized body to identify questionable transactions and try to prevent fraud ...", "module": "document_ingest", "function": "chunk_documents", "line": 121}
{"timestamp": "2025-08-03T15:02:19.311140", "level": "INFO", "logger": "app.services.document_ingest", "message": "Document 6: content length = 3926 chars", "module": "document_ingest", "function": "chunk_documents", "line": 118}
{"timestamp": "2025-08-03T15:02:19.311385", "level": "INFO", "logger": "app.services.document_ingest", "message": "Document 6: content length = 3926 chars", "module": "document_ingest", "function": "chunk_documents", "line": 118}
{"timestamp": "2025-08-03T15:02:19.311622", "level": "INFO", "logger": "app.services.document_ingest", "message": "Document 6 preview: hacked not once, but twice.17The first hack occurred in 2011, and the second in 2014. Many exchanges, including Mt. Gox, have been severely hacked in an attempt to steal cryptocurrencies traded on the...", "module": "document_ingest", "function": "chunk_documents", "line": 121}
{"timestamp": "2025-08-03T15:02:19.311931", "level": "INFO", "logger": "app.services.document_ingest", "message": "Document 6 preview: hacked not once, but twice.17The first hack occurred in 2011, and the second in 2014. Many exchanges, including Mt. Gox, have been severely hacked in an attempt to steal cryptocurrencies traded on the...", "module": "document_ingest", "function": "chunk_documents", "line": 121}
{"timestamp": "2025-08-03T15:02:19.312245", "level": "INFO", "logger": "app.services.document_ingest", "message": "Document 7: content length = 3695 chars", "module": "document_ingest", "function": "chunk_documents", "line": 118}
{"timestamp": "2025-08-03T15:02:19.312485", "level": "INFO", "logger": "app.services.document_ingest", "message": "Document 7: content length = 3695 chars", "module": "document_ingest", "function": "chunk_documents", "line": 118}
{"timestamp": "2025-08-03T15:02:19.312741", "level": "INFO", "logger": "app.services.document_ingest", "message": "Document 7 preview: HYIPs. They disclosed selective payments, that is, HYIPs that pay only to aggregators or selected investors, defrauding innocent investors. Toyoda et al22described a clustering algorithm for detecting...", "module": "document_ingest", "function": "chunk_documents", "line": 121}
{"timestamp": "2025-08-03T15:02:19.313017", "level": "INFO", "logger": "app.services.document_ingest", "message": "Document 7 preview: HYIPs. They disclosed selective payments, that is, HYIPs that pay only to aggregators or selected investors, defrauding innocent investors. Toyoda et al22described a clustering algorithm for detecting...", "module": "document_ingest", "function": "chunk_documents", "line": 121}
{"timestamp": "2025-08-03T15:02:19.313311", "level": "INFO", "logger": "app.services.document_ingest", "message": "Document 8: content length = 4164 chars", "module": "document_ingest", "function": "chunk_documents", "line": 118}
{"timestamp": "2025-08-03T15:02:19.313594", "level": "INFO", "logger": "app.services.document_ingest", "message": "Document 8: content length = 4164 chars", "module": "document_ingest", "function": "chunk_documents", "line": 118}
{"timestamp": "2025-08-03T15:02:19.313854", "level": "INFO", "logger": "app.services.document_ingest", "message": "Document 8 preview: \u0081Fake celebrity endorsements: This particular form of investment fraud differs from the usual. To create the illu- sion of a prominent financial gain endorsed by a celebrity, perpetrators incorporate ...", "module": "document_ingest", "function": "chunk_documents", "line": 121}
{"timestamp": "2025-08-03T15:02:19.314111", "level": "INFO", "logger": "app.services.document_ingest", "message": "Document 9: content length = 4725 chars", "module": "document_ingest", "function": "chunk_documents", "line": 118}
{"timestamp": "2025-08-03T15:02:19.314338", "level": "INFO", "logger": "app.services.document_ingest", "message": "Document 8 preview: \u0081Fake celebrity endorsements: This particular form of investment fraud differs from the usual. To create the illu- sion of a prominent financial gain endorsed by a celebrity, perpetrators incorporate ...", "module": "document_ingest", "function": "chunk_documents", "line": 121}
{"timestamp": "2025-08-03T15:02:19.314581", "level": "INFO", "logger": "app.services.document_ingest", "message": "Document 9 preview: is PlexCoin. This fictitious cryptocurrency lured high-end investors into making sizable investments in a fake crypto- currency by promising shockingly huge returns (1300%) within the first 30 days. I...", "module": "document_ingest", "function": "chunk_documents", "line": 121}
{"timestamp": "2025-08-03T15:02:19.314849", "level": "INFO", "logger": "app.services.document_ingest", "message": "Document 9: content length = 4725 chars", "module": "document_ingest", "function": "chunk_documents", "line": 118}
{"timestamp": "2025-08-03T15:02:19.315128", "level": "INFO", "logger": "app.services.document_ingest", "message": "Document 10: content length = 4998 chars", "module": "document_ingest", "function": "chunk_documents", "line": 118}
{"timestamp": "2025-08-03T15:02:19.315362", "level": "INFO", "logger": "app.services.document_ingest", "message": "Document 9 preview: is PlexCoin. This fictitious cryptocurrency lured high-end investors into making sizable investments in a fake crypto- currency by promising shockingly huge returns (1300%) within the first 30 days. I...", "module": "document_ingest", "function": "chunk_documents", "line": 121}
{"timestamp": "2025-08-03T15:02:19.315698", "level": "INFO", "logger": "app.services.document_ingest", "message": "Document 10 preview: individuals into thinking that a particular investment holds substantial potential. The scammer patiently awaits the moment when the Value of the investment skyrockets to an exorbitant level, only to ...", "module": "document_ingest", "function": "chunk_documents", "line": 121}
{"timestamp": "2025-08-03T15:02:19.315971", "level": "INFO", "logger": "app.services.document_ingest", "message": "Document 10: content length = 4998 chars", "module": "document_ingest", "function": "chunk_documents", "line": 118}
{"timestamp": "2025-08-03T15:02:19.316196", "level": "INFO", "logger": "app.services.document_ingest", "message": "Document 11: content length = 5023 chars", "module": "document_ingest", "function": "chunk_documents", "line": 118}
{"timestamp": "2025-08-03T15:02:19.316596", "level": "INFO", "logger": "app.services.document_ingest", "message": "Document 10 preview: individuals into thinking that a particular investment holds substantial potential. The scammer patiently awaits the moment when the Value of the investment skyrockets to an exorbitant level, only to ...", "module": "document_ingest", "function": "chunk_documents", "line": 121}
{"timestamp": "2025-08-03T15:02:19.316900", "level": "INFO", "logger": "app.services.document_ingest", "message": "Document 11 preview: fraudulent or false websites, cryptocurrency wallets, or even a fake/fraudulent person. The scammers then prefer to vanish with the target victim's money. Most cryptocurrency dating scams follow a pat...", "module": "document_ingest", "function": "chunk_documents", "line": 121}
{"timestamp": "2025-08-03T15:02:19.317155", "level": "INFO", "logger": "app.services.document_ingest", "message": "Document 11: content length = 5023 chars", "module": "document_ingest", "function": "chunk_documents", "line": 118}
{"timestamp": "2025-08-03T15:02:19.317449", "level": "INFO", "logger": "app.services.document_ingest", "message": "Document 12: content length = 3172 chars", "module": "document_ingest", "function": "chunk_documents", "line": 118}
{"timestamp": "2025-08-03T15:02:19.317734", "level": "INFO", "logger": "app.services.document_ingest", "message": "Document 11 preview: fraudulent or false websites, cryptocurrency wallets, or even a fake/fraudulent person. The scammers then prefer to vanish with the target victim's money. Most cryptocurrency dating scams follow a pat...", "module": "document_ingest", "function": "chunk_documents", "line": 121}
{"timestamp": "2025-08-03T15:02:19.318013", "level": "INFO", "logger": "app.services.document_ingest", "message": "Document 12 preview: consumers' money.52Crypto-jacking is a major scam in the cryptocurrency realm. This is the unauthorized use of another person's computer to mine cryptocurrency. It is effectively hijacking another com...", "module": "document_ingest", "function": "chunk_documents", "line": 121}
{"timestamp": "2025-08-03T15:02:19.318204", "level": "INFO", "logger": "app.services.document_ingest", "message": "Document 12: content length = 3172 chars", "module": "document_ingest", "function": "chunk_documents", "line": 118}
{"timestamp": "2025-08-03T15:02:19.318497", "level": "INFO", "logger": "app.services.document_ingest", "message": "Document 13: content length = 2121 chars", "module": "document_ingest", "function": "chunk_documents", "line": 118}
{"timestamp": "2025-08-03T15:02:19.318806", "level": "INFO", "logger": "app.services.document_ingest", "message": "Document 13 preview: addresses.5758There are certain common flaws, such as the address relation inside a transaction, the address relation across transactions, and the relationship between blockchain addresses and actual ...", "module": "document_ingest", "function": "chunk_documents", "line": 121}
{"timestamp": "2025-08-03T15:02:19.319042", "level": "INFO", "logger": "app.services.document_ingest", "message": "Document 14: content length = 5252 chars", "module": "document_ingest", "function": "chunk_documents", "line": 118}
{"timestamp": "2025-08-03T15:02:19.319307", "level": "INFO", "logger": "app.services.document_ingest", "message": "Document 14 preview: techniques for Ethereum smart contracts. The other major type of crypto fraud in Ethereum cryptocurrency is fake Ethereum wallets. Fraudsters develop fake Ethereum wallets that seem authentic but aim ...", "module": "document_ingest", "function": "chunk_documents", "line": 121}
{"timestamp": "2025-08-03T15:02:19.319570", "level": "INFO", "logger": "app.services.document_ingest", "message": "Document 12 preview: consumers' money.52Crypto-jacking is a major scam in the cryptocurrency realm. This is the unauthorized use of another person's computer to mine cryptocurrency. It is effectively hijacking another com...", "module": "document_ingest", "function": "chunk_documents", "line": 121}
{"timestamp": "2025-08-03T15:02:19.319831", "level": "INFO", "logger": "app.services.document_ingest", "message": "Document 15: content length = 5015 chars", "module": "document_ingest", "function": "chunk_documents", "line": 118}
{"timestamp": "2025-08-03T15:02:19.320137", "level": "INFO", "logger": "app.services.document_ingest", "message": "Document 13: content length = 2121 chars", "module": "document_ingest", "function": "chunk_documents", "line": 118}
{"timestamp": "2025-08-03T15:02:19.320332", "level": "INFO", "logger": "app.services.document_ingest", "message": "Document 15 preview: was arrested in 2019 and accused of performing unneeded procedures on female patients to collect insurance money.73,77 \u2013Fraudsters sell counterfeit medical products such as pacemakers, thermometers, r...", "module": "document_ingest", "function": "chunk_documents", "line": 121}
{"timestamp": "2025-08-03T15:02:19.320651", "level": "INFO", "logger": "app.services.document_ingest", "message": "Document 16: content length = 3785 chars", "module": "document_ingest", "function": "chunk_documents", "line": 118}
{"timestamp": "2025-08-03T15:02:19.320894", "level": "INFO", "logger": "app.services.document_ingest", "message": "Document 13 preview: addresses.5758There are certain common flaws, such as the address relation inside a transaction, the address relation across transactions, and the relationship between blockchain addresses and actual ...", "module": "document_ingest", "function": "chunk_documents", "line": 121}
{"timestamp": "2025-08-03T15:02:19.321162", "level": "INFO", "logger": "app.services.document_ingest", "message": "Document 16 preview: 3.3 |Forensic tools The third component of the crypto forensics taxonomy is the forensic tools used to study crypto forensics. These tools are classified into two main types: Open-source tools and Pro...", "module": "document_ingest", "function": "chunk_documents", "line": 121}
{"timestamp": "2025-08-03T15:02:19.321430", "level": "INFO", "logger": "app.services.document_ingest", "message": "Document 14: content length = 5252 chars", "module": "document_ingest", "function": "chunk_documents", "line": 118}
{"timestamp": "2025-08-03T15:02:19.321660", "level": "INFO", "logger": "app.services.document_ingest", "message": "Document 17: content length = 5244 chars", "module": "document_ingest", "function": "chunk_documents", "line": 118}
{"timestamp": "2025-08-03T15:02:19.321964", "level": "INFO", "logger": "app.services.document_ingest", "message": "Document 14 preview: techniques for Ethereum smart contracts. The other major type of crypto fraud in Ethereum cryptocurrency is fake Ethereum wallets. Fraudsters develop fake Ethereum wallets that seem authentic but aim ...", "module": "document_ingest", "function": "chunk_documents", "line": 121}
{"timestamp": "2025-08-03T15:02:19.322270", "level": "INFO", "logger": "app.services.document_ingest", "message": "Document 17 preview: Preservation phase, data is obtained from the seized source and preserved using hashing, integrity checking, and backup techniques. This process involves extracting or imaging databases and hashing th...", "module": "document_ingest", "function": "chunk_documents", "line": 121}
{"timestamp": "2025-08-03T15:02:19.322572", "level": "INFO", "logger": "app.services.document_ingest", "message": "Document 15: content length = 5015 chars", "module": "document_ingest", "function": "chunk_documents", "line": 118}
{"timestamp": "2025-08-03T15:02:19.322835", "level": "INFO", "logger": "app.services.document_ingest", "message": "Document 18: content length = 6125 chars", "module": "document_ingest", "function": "chunk_documents", "line": 118}
{"timestamp": "2025-08-03T15:02:19.323071", "level": "INFO", "logger": "app.services.document_ingest", "message": "Document 15 preview: was arrested in 2019 and accused of performing unneeded procedures on female patients to collect insurance money.73,77 \u2013Fraudsters sell counterfeit medical products such as pacemakers, thermometers, r...", "module": "document_ingest", "function": "chunk_documents", "line": 121}
{"timestamp": "2025-08-03T15:02:19.323404", "level": "INFO", "logger": "app.services.document_ingest", "message": "Document 18 preview: uncover the real identities behind blockchain addresses, blockchain analysis tools utilize techniques such as clustering algorithms, scraping data from websites, monitoring scam databases, and launchi...", "module": "document_ingest", "function": "chunk_documents", "line": 121}
{"timestamp": "2025-08-03T15:02:19.323661", "level": "INFO", "logger": "app.services.document_ingest", "message": "Document 16: content length = 3785 chars", "module": "document_ingest", "function": "chunk_documents", "line": 118}
{"timestamp": "2025-08-03T15:02:19.323850", "level": "INFO", "logger": "app.services.document_ingest", "message": "Document 16 preview: 3.3 |Forensic tools The third component of the crypto forensics taxonomy is the forensic tools used to study crypto forensics. These tools are classified into two main types: Open-source tools and Pro...", "module": "document_ingest", "function": "chunk_documents", "line": 121}
{"timestamp": "2025-08-03T15:02:19.324172", "level": "INFO", "logger": "app.services.document_ingest", "message": "Document 19: content length = 4469 chars", "module": "document_ingest", "function": "chunk_documents", "line": 118}
{"timestamp": "2025-08-03T15:02:19.324414", "level": "INFO", "logger": "app.services.document_ingest", "message": "Document 17: content length = 5244 chars", "module": "document_ingest", "function": "chunk_documents", "line": 118}
{"timestamp": "2025-08-03T15:02:19.324733", "level": "INFO", "logger": "app.services.document_ingest", "message": "Document 19 preview: 5|AI AND BLOCKCHAIN-DRIVEN ARCHITECTURE TO DETECT CRYPTO FRAUDS: A CASE STUDY The projected framework is a system that uses AI and blockchain technology to detect and prevent cryptocurrency fraud. The...", "module": "document_ingest", "function": "chunk_documents", "line": 121}
{"timestamp": "2025-08-03T15:02:19.324911", "level": "INFO", "logger": "app.services.document_ingest", "message": "Document 17 preview: Preservation phase, data is obtained from the seized source and preserved using hashing, integrity checking, and backup techniques. This process involves extracting or imaging databases and hashing th...", "module": "document_ingest", "function": "chunk_documents", "line": 121}
{"timestamp": "2025-08-03T15:02:19.325131", "level": "INFO", "logger": "app.services.document_ingest", "message": "Document 20: content length = 2708 chars", "module": "document_ingest", "function": "chunk_documents", "line": 118}
{"timestamp": "2025-08-03T15:02:19.325365", "level": "INFO", "logger": "app.services.document_ingest", "message": "Document 18: content length = 6125 chars", "module": "document_ingest", "function": "chunk_documents", "line": 118}
{"timestamp": "2025-08-03T15:02:19.325734", "level": "INFO", "logger": "app.services.document_ingest", "message": "Document 20 preview: Figure 8shows the complete proposed system model, which comprises three layers, i.e., cognitive, AI, and protec- tion. A dataset including many crypto transactions from various sources is available to...", "module": "document_ingest", "function": "chunk_documents", "line": 121}
{"timestamp": "2025-08-03T15:02:19.325938", "level": "INFO", "logger": "app.services.document_ingest", "message": "Document 18 preview: uncover the real identities behind blockchain addresses, blockchain analysis tools utilize techniques such as clustering algorithms, scraping data from websites, monitoring scam databases, and launchi...", "module": "document_ingest", "function": "chunk_documents", "line": 121}
{"timestamp": "2025-08-03T15:02:19.326235", "level": "INFO", "logger": "app.services.document_ingest", "message": "Document 21: content length = 4711 chars", "module": "document_ingest", "function": "chunk_documents", "line": 118}
{"timestamp": "2025-08-03T15:02:19.326556", "level": "INFO", "logger": "app.services.document_ingest", "message": "Document 19: content length = 4469 chars", "module": "document_ingest", "function": "chunk_documents", "line": 118}
{"timestamp": "2025-08-03T15:02:19.326996", "level": "INFO", "logger": "app.services.document_ingest", "message": "Document 21 preview: not normalized, the columns may contain small and large values, and missing values may cause bias in the learning model. Thus, the dataset is preprocessed using various techniques, including filling i...", "module": "document_ingest", "function": "chunk_documents", "line": 121}
{"timestamp": "2025-08-03T15:02:19.327248", "level": "INFO", "logger": "app.services.document_ingest", "message": "Document 19 preview: 5|AI AND BLOCKCHAIN-DRIVEN ARCHITECTURE TO DETECT CRYPTO FRAUDS: A CASE STUDY The projected framework is a system that uses AI and blockchain technology to detect and prevent cryptocurrency fraud. The...", "module": "document_ingest", "function": "chunk_documents", "line": 121}
{"timestamp": "2025-08-03T15:02:19.327540", "level": "INFO", "logger": "app.services.document_ingest", "message": "Document 22: content length = 3716 chars", "module": "document_ingest", "function": "chunk_documents", "line": 118}
{"timestamp": "2025-08-03T15:02:19.327790", "level": "INFO", "logger": "app.services.document_ingest", "message": "Document 20: content length = 2708 chars", "module": "document_ingest", "function": "chunk_documents", "line": 118}
{"timestamp": "2025-08-03T15:02:19.328058", "level": "INFO", "logger": "app.services.document_ingest", "message": "Document 22 preview: area under the curve (AUC), which specifies that it has the best overall performance among the classifiers. The deci- sion tree and KNN classifiers also have relatively high AUC values, indicating goo...", "module": "document_ingest", "function": "chunk_documents", "line": 121}
{"timestamp": "2025-08-03T15:02:19.328246", "level": "INFO", "logger": "app.services.document_ingest", "message": "Document 20 preview: Figure 8shows the complete proposed system model, which comprises three layers, i.e., cognitive, AI, and protec- tion. A dataset including many crypto transactions from various sources is available to...", "module": "document_ingest", "function": "chunk_documents", "line": 121}
{"timestamp": "2025-08-03T15:02:19.328492", "level": "INFO", "logger": "app.services.document_ingest", "message": "Document 23: content length = 1413 chars", "module": "document_ingest", "function": "chunk_documents", "line": 118}
{"timestamp": "2025-08-03T15:02:19.328697", "level": "INFO", "logger": "app.services.document_ingest", "message": "Document 21: content length = 4711 chars", "module": "document_ingest", "function": "chunk_documents", "line": 118}
{"timestamp": "2025-08-03T15:02:19.328913", "level": "INFO", "logger": "app.services.document_ingest", "message": "Document 23 preview: By providing an overview of these four key metrics, the confusion matrix allows for a more comprehensive evalua- tion of the classifier's performance. Figure 10shows the confusion matrix with the RF c...", "module": "document_ingest", "function": "chunk_documents", "line": 121}
{"timestamp": "2025-08-03T15:02:19.329100", "level": "INFO", "logger": "app.services.document_ingest", "message": "Document 21 preview: not normalized, the columns may contain small and large values, and missing values may cause bias in the learning model. Thus, the dataset is preprocessed using various techniques, including filling i...", "module": "document_ingest", "function": "chunk_documents", "line": 121}
{"timestamp": "2025-08-03T15:02:19.329339", "level": "INFO", "logger": "app.services.document_ingest", "message": "Document 24: content length = 3083 chars", "module": "document_ingest", "function": "chunk_documents", "line": 118}
{"timestamp": "2025-08-03T15:02:19.329559", "level": "INFO", "logger": "app.services.document_ingest", "message": "Document 22: content length = 3716 chars", "module": "document_ingest", "function": "chunk_documents", "line": 118}
{"timestamp": "2025-08-03T15:02:19.329810", "level": "INFO", "logger": "app.services.document_ingest", "message": "Document 24 preview: where \u03c1denotes precision. Low precision shows that the model generates more false alerts in this context. 5.1.4 | Recall The percentage of successfully identified positive samples to all positive samp...", "module": "document_ingest", "function": "chunk_documents", "line": 121}
{"timestamp": "2025-08-03T15:02:19.330087", "level": "INFO", "logger": "app.services.document_ingest", "message": "Document 22 preview: area under the curve (AUC), which specifies that it has the best overall performance among the classifiers. The deci- sion tree and KNN classifiers also have relatively high AUC values, indicating goo...", "module": "document_ingest", "function": "chunk_documents", "line": 121}
{"timestamp": "2025-08-03T15:02:19.330273", "level": "INFO", "logger": "app.services.document_ingest", "message": "Document 25: content length = 1578 chars", "module": "document_ingest", "function": "chunk_documents", "line": 118}
{"timestamp": "2025-08-03T15:02:19.330459", "level": "INFO", "logger": "app.services.document_ingest", "message": "Document 23: content length = 1413 chars", "module": "document_ingest", "function": "chunk_documents", "line": 118}
{"timestamp": "2025-08-03T15:02:19.330760", "level": "INFO", "logger": "app.services.document_ingest", "message": "Document 25 preview: 5.3 |Bandwidth utilization To simulate the bandwidth utilization of the smart contract, we use its hash code as input for IPFS. The hash code is a unique identifier representing the contract data. IPF...", "module": "document_ingest", "function": "chunk_documents", "line": 121}
{"timestamp": "2025-08-03T15:02:19.330996", "level": "INFO", "logger": "app.services.document_ingest", "message": "Document 26: content length = 1415 chars", "module": "document_ingest", "function": "chunk_documents", "line": 118}
{"timestamp": "2025-08-03T15:02:19.331233", "level": "INFO", "logger": "app.services.document_ingest", "message": "Document 23 preview: By providing an overview of these four key metrics, the confusion matrix allows for a more comprehensive evalua- tion of the classifier's performance. Figure 10shows the confusion matrix with the RF c...", "module": "document_ingest", "function": "chunk_documents", "line": 121}
{"timestamp": "2025-08-03T15:02:19.331530", "level": "INFO", "logger": "app.services.document_ingest", "message": "Document 26 preview: \u2013Complicated transaction process: The main difficulty for the authorities recognizes the technological procedure throughout the transaction operations for each cryptocurrency algorithm. \u2013Anonymization...", "module": "document_ingest", "function": "chunk_documents", "line": 121}
{"timestamp": "2025-08-03T15:02:19.331780", "level": "INFO", "logger": "app.services.document_ingest", "message": "Document 27: content length = 5265 chars", "module": "document_ingest", "function": "chunk_documents", "line": 118}
{"timestamp": "2025-08-03T15:02:19.332062", "level": "INFO", "logger": "app.services.document_ingest", "message": "Document 24: content length = 3083 chars", "module": "document_ingest", "function": "chunk_documents", "line": 118}
{"timestamp": "2025-08-03T15:02:19.332374", "level": "INFO", "logger": "app.services.document_ingest", "message": "Document 27 preview: \u2013Fluctuate Price: Cryptocurrency prices are continuously changing. 2.Challenges to cryptocurrencies forensics: Following are the challenges of cryptocurrency forensics: \u2013Conceal vulnerabilities in sec...", "module": "document_ingest", "function": "chunk_documents", "line": 121}
{"timestamp": "2025-08-03T15:02:19.332625", "level": "INFO", "logger": "app.services.document_ingest", "message": "Document 28: content length = 5443 chars", "module": "document_ingest", "function": "chunk_documents", "line": 118}
{"timestamp": "2025-08-03T15:02:19.332905", "level": "INFO", "logger": "app.services.document_ingest", "message": "Document 24 preview: where \u03c1denotes precision. Low precision shows that the model generates more false alerts in this context. 5.1.4 | Recall The percentage of successfully identified positive samples to all positive samp...", "module": "document_ingest", "function": "chunk_documents", "line": 121}
{"timestamp": "2025-08-03T15:02:19.333177", "level": "INFO", "logger": "app.services.document_ingest", "message": "Document 25: content length = 1578 chars", "module": "document_ingest", "function": "chunk_documents", "line": 118}
{"timestamp": "2025-08-03T15:02:19.333443", "level": "INFO", "logger": "app.services.document_ingest", "message": "Document 28 preview: DATA AVAILABILITY STATEMENT Data sharing not applicable to this article as no datasets were generated or analysed during the current study. ORCID Vinay Rishiwal https://orcid.org/0000-0003-2451-4949 S...", "module": "document_ingest", "function": "chunk_documents", "line": 121}
{"timestamp": "2025-08-03T15:02:19.333730", "level": "INFO", "logger": "app.services.document_ingest", "message": "Document 25 preview: 5.3 |Bandwidth utilization To simulate the bandwidth utilization of the smart contract, we use its hash code as input for IPFS. The hash code is a unique identifier representing the contract data. IPF...", "module": "document_ingest", "function": "chunk_documents", "line": 121}
{"timestamp": "2025-08-03T15:02:19.333976", "level": "INFO", "logger": "app.services.document_ingest", "message": "Document 29: content length = 5772 chars", "module": "document_ingest", "function": "chunk_documents", "line": 118}
{"timestamp": "2025-08-03T15:02:19.334237", "level": "INFO", "logger": "app.services.document_ingest", "message": "Document 26: content length = 1415 chars", "module": "document_ingest", "function": "chunk_documents", "line": 118}
{"timestamp": "2025-08-03T15:02:19.334523", "level": "INFO", "logger": "app.services.document_ingest", "message": "Document 29 preview: 29. Fan S, Fu S, Xu H, Cheng X. AL-SPSD: anti-leakage smart ponzi schemes detection in blockchain. Inform Process Manag . 2021;58(4): 102587. 30. Wang L, Cheng H, Zheng Z, Yang A, Zhu X. Ponzi scheme ...", "module": "document_ingest", "function": "chunk_documents", "line": 121}
{"timestamp": "2025-08-03T15:02:19.334832", "level": "INFO", "logger": "app.services.document_ingest", "message": "Document 26 preview: \u2013Complicated transaction process: The main difficulty for the authorities recognizes the technological procedure throughout the transaction operations for each cryptocurrency algorithm. \u2013Anonymization...", "module": "document_ingest", "function": "chunk_documents", "line": 121}
{"timestamp": "2025-08-03T15:02:19.335049", "level": "INFO", "logger": "app.services.document_ingest", "message": "Document 30: content length = 6037 chars", "module": "document_ingest", "function": "chunk_documents", "line": 118}
{"timestamp": "2025-08-03T15:02:19.335286", "level": "INFO", "logger": "app.services.document_ingest", "message": "Document 27: content length = 5265 chars", "module": "document_ingest", "function": "chunk_documents", "line": 118}
{"timestamp": "2025-08-03T15:02:19.335613", "level": "INFO", "logger": "app.services.document_ingest", "message": "Document 30 preview: 61. Lorenz J, Silva MI, Apar\u00edcio D, Ascens \u02dcao JT, Bizarro P. Machine learning methods to detect money laundering in the bitcoin blockchain in the presence of label scarcity. In: Proceedings of the Fi...", "module": "document_ingest", "function": "chunk_documents", "line": 121}
{"timestamp": "2025-08-03T15:02:19.335922", "level": "INFO", "logger": "app.services.document_ingest", "message": "Document 27 preview: \u2013Fluctuate Price: Cryptocurrency prices are continuously changing. 2.Challenges to cryptocurrencies forensics: Following are the challenges of cryptocurrency forensics: \u2013Conceal vulnerabilities in sec...", "module": "document_ingest", "function": "chunk_documents", "line": 121}
{"timestamp": "2025-08-03T15:02:19.336240", "level": "INFO", "logger": "app.services.document_ingest", "message": "Document 31: content length = 3174 chars", "module": "document_ingest", "function": "chunk_documents", "line": 118}
{"timestamp": "2025-08-03T15:02:19.336495", "level": "INFO", "logger": "app.services.document_ingest", "message": "Document 28: content length = 5443 chars", "module": "document_ingest", "function": "chunk_documents", "line": 118}
{"timestamp": "2025-08-03T15:02:19.336810", "level": "INFO", "logger": "app.services.document_ingest", "message": "Document 31 preview: 92. Blockchain forensics: The intersection of technology and investigations. https://indiaforensic.com/blockchain-forensics-intersection- technology-investigations/ . Accessed: 2023-04-05. 93. What ar...", "module": "document_ingest", "function": "chunk_documents", "line": 121}
{"timestamp": "2025-08-03T15:02:19.339999", "level": "INFO", "logger": "app.services.document_ingest", "message": "Document 28 preview: DATA AVAILABILITY STATEMENT Data sharing not applicable to this article as no datasets were generated or analysed during the current study. ORCID Vinay Rishiwal https://orcid.org/0000-0003-2451-4949 S...", "module": "document_ingest", "function": "chunk_documents", "line": 121}
{"timestamp": "2025-08-03T15:02:19.340250", "level": "INFO", "logger": "app.services.document_ingest", "message": "Split 32 documents into 360 chunks with size=500, overlap=150", "module": "document_ingest", "function": "chunk_documents", "line": 141}
{"timestamp": "2025-08-03T15:02:19.340530", "level": "INFO", "logger": "app.services.document_ingest", "message": "Document 29: content length = 5772 chars", "module": "document_ingest", "function": "chunk_documents", "line": 118}
{"timestamp": "2025-08-03T15:02:19.340864", "level": "INFO", "logger": "app.services.document_ingest", "message": "Chunk 0: length = 427 chars, metadata = {'source': 'IntJNetworkMgmt-2023-Agarwal-Blockchainandcryptofo_1_1cc4ca7b.pdf', 'page': 0, 'source_path': '/data/user_documents/1/IntJNetworkMgmt-2023-Agarwal-Blockchainandcryptofo_1_1cc4ca7b.pdf', 'user_id': 1, 'document_id': 6}", "module": "document_ingest", "function": "chunk_documents", "line": 146}
{"timestamp": "2025-08-03T15:02:19.341113", "level": "INFO", "logger": "app.services.document_ingest", "message": "Document 29 preview: 29. Fan S, Fu S, Xu H, Cheng X. AL-SPSD: anti-leakage smart ponzi schemes detection in blockchain. Inform Process Manag . 2021;58(4): 102587. 30. Wang L, Cheng H, Zheng Z, Yang A, Zhu X. Ponzi scheme ...", "module": "document_ingest", "function": "chunk_documents", "line": 121}
{"timestamp": "2025-08-03T15:02:19.341393", "level": "INFO", "logger": "app.services.document_ingest", "message": "Chunk 1: length = 450 chars, metadata = {'source': 'IntJNetworkMgmt-2023-Agarwal-Blockchainandcryptofo_1_1cc4ca7b.pdf', 'page': 0, 'source_path': '/data/user_documents/1/IntJNetworkMgmt-2023-Agarwal-Blockchainandcryptofo_1_1cc4ca7b.pdf', 'user_id': 1, 'document_id': 6}", "module": "document_ingest", "function": "chunk_documents", "line": 146}
{"timestamp": "2025-08-03T15:02:19.341674", "level": "INFO", "logger": "app.services.document_ingest", "message": "Chunk 2: length = 433 chars, metadata = {'source': 'IntJNetworkMgmt-2023-Agarwal-Blockchainandcryptofo_1_1cc4ca7b.pdf', 'page': 0, 'source_path': '/data/user_documents/1/IntJNetworkMgmt-2023-Agarwal-Blockchainandcryptofo_1_1cc4ca7b.pdf', 'user_id': 1, 'document_id': 6}", "module": "document_ingest", "function": "chunk_documents", "line": 146}
{"timestamp": "2025-08-03T15:02:19.341994", "level": "INFO", "logger": "app.services.document_ingest", "message": "Document 30: content length = 6037 chars", "module": "document_ingest", "function": "chunk_documents", "line": 118}
{"timestamp": "2025-08-03T15:02:19.342442", "level": "INFO", "logger": "app.services.document_ingest", "message": "Document 30 preview: 61. Lorenz J, Silva MI, Apar\u00edcio D, Ascens \u02dcao JT, Bizarro P. Machine learning methods to detect money laundering in the bitcoin blockchain in the presence of label scarcity. In: Proceedings of the Fi...", "module": "document_ingest", "function": "chunk_documents", "line": 121}
{"timestamp": "2025-08-03T15:02:19.342791", "level": "INFO", "logger": "app.services.document_ingest", "message": "Document 31: content length = 3174 chars", "module": "document_ingest", "function": "chunk_documents", "line": 118}
{"timestamp": "2025-08-03T15:02:19.343289", "level": "INFO", "logger": "app.services.document_ingest", "message": "Document 31 preview: 92. Blockchain forensics: The intersection of technology and investigations. https://indiaforensic.com/blockchain-forensics-intersection- technology-investigations/ . Accessed: 2023-04-05. 93. What ar...", "module": "document_ingest", "function": "chunk_documents", "line": 121}
{"timestamp": "2025-08-03T15:02:19.346399", "level": "INFO", "logger": "app.services.document_ingest", "message": "Split 32 documents into 360 chunks with size=500, overlap=150", "module": "document_ingest", "function": "chunk_documents", "line": 141}
{"timestamp": "2025-08-03T15:02:19.347290", "level": "INFO", "logger": "app.services.document_ingest", "message": "Chunk 0: length = 427 chars, metadata = {'source': 'IntJNetworkMgmt-2023-Agarwal-Blockchainandcryptofo_1_1cc4ca7b.pdf', 'page': 0, 'source_path': '/data/user_documents/1/IntJNetworkMgmt-2023-Agarwal-Blockchainandcryptofo_1_1cc4ca7b.pdf', 'user_id': 1, 'document_id': 6}", "module": "document_ingest", "function": "chunk_documents", "line": 146}
{"timestamp": "2025-08-03T15:02:19.348417", "level": "INFO", "logger": "app.services.document_ingest", "message": "Chunk 1: length = 450 chars, metadata = {'source': 'IntJNetworkMgmt-2023-Agarwal-Blockchainandcryptofo_1_1cc4ca7b.pdf', 'page': 0, 'source_path': '/data/user_documents/1/IntJNetworkMgmt-2023-Agarwal-Blockchainandcryptofo_1_1cc4ca7b.pdf', 'user_id': 1, 'document_id': 6}", "module": "document_ingest", "function": "chunk_documents", "line": 146}
{"timestamp": "2025-08-03T15:02:19.352810", "level": "INFO", "logger": "app.services.document_ingest", "message": "Chunk 2: length = 433 chars, metadata = {'source': 'IntJNetworkMgmt-2023-Agarwal-Blockchainandcryptofo_1_1cc4ca7b.pdf', 'page': 0, 'source_path': '/data/user_documents/1/IntJNetworkMgmt-2023-Agarwal-Blockchainandcryptofo_1_1cc4ca7b.pdf', 'user_id': 1, 'document_id': 6}", "module": "document_ingest", "function": "chunk_documents", "line": 146}
{"timestamp": "2025-08-03T15:02:19.516297", "level": "INFO", "logger": "chromadb.telemetry.product.posthog", "message": "Anonymized telemetry enabled. See                     https://docs.trychroma.com/telemetry for more information.", "module": "posthog", "function": "__init__", "line": 20}
{"timestamp": "2025-08-03T15:02:19.554758", "level": "ERROR", "logger": "chromadb.telemetry.product.posthog", "message": "Failed to send telemetry event ClientStartEvent: capture() takes 1 positional argument but 3 were given", "module": "posthog", "function": "_direct_capture", "line": 59}
{"timestamp": "2025-08-03T15:02:19.563183", "level": "ERROR", "logger": "chromadb.telemetry.product.posthog", "message": "Failed to send telemetry event ClientCreateCollectionEvent: capture() takes 1 positional argument but 3 were given", "module": "posthog", "function": "_direct_capture", "line": 59}
{"timestamp": "2025-08-03T15:07:59.135785", "level": "INFO", "logger": "root", "message": "Starting application", "module": "main", "function": "<module>", "line": 14}
{"timestamp": "2025-08-03T15:10:01.270562", "level": "INFO", "logger": "app.api.routes_document", "message": "Successfully uploaded file: IntJNetworkMgmt-2023-Agarwal-Blockchainandcryptofo_1_1cc4ca7b.pdf", "module": "routes_document", "function": "upload_user_documents", "line": 155}
{"timestamp": "2025-08-03T15:10:01.936754", "level": "INFO", "logger": "app.services.document_ingest", "message": "Loaded 32 pages from IntJNetworkMgmt-2023-Agarwal-Blockchainandcryptofo_1_1cc4ca7b.pdf", "module": "document_ingest", "function": "load_documents_from_pdfs", "line": 75}
{"timestamp": "2025-08-03T15:10:01.948474", "level": "INFO", "logger": "app.services.document_ingest", "message": "Split 32 documents into 360 chunks with size=500, overlap=150", "module": "document_ingest", "function": "chunk_documents", "line": 141}
{"timestamp": "2025-08-03T15:10:01.970994", "level": "INFO", "logger": "app.services.document_ingest", "message": "Loaded 32 pages from IntJNetworkMgmt-2023-Agarwal-Blockchainandcryptofo_1_1cc4ca7b.pdf", "module": "document_ingest", "function": "load_documents_from_pdfs", "line": 75}
{"timestamp": "2025-08-03T15:10:01.974606", "level": "INFO", "logger": "app.services.document_ingest", "message": "Split 32 documents into 360 chunks with size=500, overlap=150", "module": "document_ingest", "function": "chunk_documents", "line": 141}
{"timestamp": "2025-08-03T15:10:02.142317", "level": "INFO", "logger": "chromadb.telemetry.product.posthog", "message": "Anonymized telemetry enabled. See                     https://docs.trychroma.com/telemetry for more information.", "module": "posthog", "function": "__init__", "line": 20}
{"timestamp": "2025-08-03T15:10:02.185689", "level": "ERROR", "logger": "chromadb.telemetry.product.posthog", "message": "Failed to send telemetry event ClientStartEvent: capture() takes 1 positional argument but 3 were given", "module": "posthog", "function": "_direct_capture", "line": 59}
{"timestamp": "2025-08-03T15:10:02.194245", "level": "ERROR", "logger": "chromadb.telemetry.product.posthog", "message": "Failed to send telemetry event ClientCreateCollectionEvent: capture() takes 1 positional argument but 3 were given", "module": "posthog", "function": "_direct_capture", "line": 59}
{"timestamp": "2025-08-03T15:20:51.168466", "level": "INFO", "logger": "root", "message": "Starting application", "module": "main", "function": "<module>", "line": 14}
{"timestamp": "2025-08-03T15:21:09.238010", "level": "INFO", "logger": "app.api.routes_document", "message": "Successfully uploaded file: IntJNetworkMgmt-2023-Agarwal-Blockchainandcryptofo_1_1cc4ca7b.pdf", "module": "routes_document", "function": "upload_user_documents", "line": 155}
{"timestamp": "2025-08-03T15:21:09.845145", "level": "INFO", "logger": "app.services.document_ingest", "message": "Loaded 32 pages from IntJNetworkMgmt-2023-Agarwal-Blockchainandcryptofo_1_1cc4ca7b.pdf", "module": "document_ingest", "function": "load_documents_from_pdfs", "line": 75}
{"timestamp": "2025-08-03T15:21:09.849191", "level": "INFO", "logger": "app.services.document_ingest", "message": "Split 32 documents into 360 chunks with size=500, overlap=150", "module": "document_ingest", "function": "chunk_documents", "line": 141}
{"timestamp": "2025-08-03T15:21:09.896512", "level": "INFO", "logger": "app.services.document_ingest", "message": "Loaded 32 pages from IntJNetworkMgmt-2023-Agarwal-Blockchainandcryptofo_1_1cc4ca7b.pdf", "module": "document_ingest", "function": "load_documents_from_pdfs", "line": 75}
{"timestamp": "2025-08-03T15:21:09.901468", "level": "INFO", "logger": "app.services.document_ingest", "message": "Split 32 documents into 360 chunks with size=500, overlap=150", "module": "document_ingest", "function": "chunk_documents", "line": 141}
{"timestamp": "2025-08-03T15:21:10.170072", "level": "INFO", "logger": "chromadb.telemetry.product.posthog", "message": "Anonymized telemetry enabled. See                     https://docs.trychroma.com/telemetry for more information.", "module": "posthog", "function": "__init__", "line": 20}
{"timestamp": "2025-08-03T15:21:10.209576", "level": "ERROR", "logger": "chromadb.telemetry.product.posthog", "message": "Failed to send telemetry event ClientStartEvent: capture() takes 1 positional argument but 3 were given", "module": "posthog", "function": "_direct_capture", "line": 59}
{"timestamp": "2025-08-03T15:21:10.218675", "level": "ERROR", "logger": "chromadb.telemetry.product.posthog", "message": "Failed to send telemetry event ClientCreateCollectionEvent: capture() takes 1 positional argument but 3 were given", "module": "posthog", "function": "_direct_capture", "line": 59}
{"timestamp": "2025-08-03T15:27:41.931612", "level": "INFO", "logger": "root", "message": "Starting application", "module": "main", "function": "<module>", "line": 14}
{"timestamp": "2025-08-03T15:28:48.866028", "level": "INFO", "logger": "app.api.routes_document", "message": "Successfully uploaded file: IntJNetworkMgmt-2023-Agarwal-Blockchainandcryptofo_1_1cc4ca7b.pdf", "module": "routes_document", "function": "upload_user_documents", "line": 155}
{"timestamp": "2025-08-03T15:28:49.526801", "level": "INFO", "logger": "app.services.document_ingest", "message": "Loaded 32 pages from IntJNetworkMgmt-2023-Agarwal-Blockchainandcryptofo_1_1cc4ca7b.pdf", "module": "document_ingest", "function": "load_documents_from_pdfs", "line": 75}
{"timestamp": "2025-08-03T15:28:49.535923", "level": "INFO", "logger": "app.services.document_ingest", "message": "Split 32 documents into 360 chunks with size=500, overlap=150", "module": "document_ingest", "function": "chunk_documents", "line": 141}
{"timestamp": "2025-08-03T15:28:49.540879", "level": "INFO", "logger": "app.services.document_ingest", "message": "Loaded 32 pages from IntJNetworkMgmt-2023-Agarwal-Blockchainandcryptofo_1_1cc4ca7b.pdf", "module": "document_ingest", "function": "load_documents_from_pdfs", "line": 75}
{"timestamp": "2025-08-03T15:28:49.548251", "level": "INFO", "logger": "app.services.document_ingest", "message": "Split 32 documents into 360 chunks with size=500, overlap=150", "module": "document_ingest", "function": "chunk_documents", "line": 141}
{"timestamp": "2025-08-03T15:28:49.724950", "level": "INFO", "logger": "chromadb.telemetry.product.posthog", "message": "Anonymized telemetry enabled. See                     https://docs.trychroma.com/telemetry for more information.", "module": "posthog", "function": "__init__", "line": 20}
{"timestamp": "2025-08-03T15:28:49.774719", "level": "ERROR", "logger": "chromadb.telemetry.product.posthog", "message": "Failed to send telemetry event ClientStartEvent: capture() takes 1 positional argument but 3 were given", "module": "posthog", "function": "_direct_capture", "line": 59}
{"timestamp": "2025-08-03T15:28:49.783594", "level": "ERROR", "logger": "chromadb.telemetry.product.posthog", "message": "Failed to send telemetry event ClientCreateCollectionEvent: capture() takes 1 positional argument but 3 were given", "module": "posthog", "function": "_direct_capture", "line": 59}
{"timestamp": "2025-08-04T02:44:58.699043", "level": "INFO", "logger": "root", "message": "Starting application", "module": "main", "function": "<module>", "line": 14}
{"timestamp": "2025-08-04T02:45:22.689718", "level": "INFO", "logger": "app.api.routes_document", "message": "Successfully uploaded file: IntJNetworkMgmt-2023-Agarwal-Blockchainandcryptofo_1_1cc4ca7b.pdf", "module": "routes_document", "function": "upload_user_documents", "line": 155}
{"timestamp": "2025-08-04T02:45:23.402990", "level": "INFO", "logger": "app.services.document_ingest", "message": "Loaded 32 pages from IntJNetworkMgmt-2023-Agarwal-Blockchainandcryptofo_1_1cc4ca7b.pdf", "module": "document_ingest", "function": "load_documents_from_pdfs", "line": 75}
{"timestamp": "2025-08-04T02:45:23.412860", "level": "INFO", "logger": "app.services.document_ingest", "message": "Split 32 documents into 360 chunks with size=500, overlap=150", "module": "document_ingest", "function": "chunk_documents", "line": 141}
{"timestamp": "2025-08-04T02:45:23.421091", "level": "INFO", "logger": "app.services.document_ingest", "message": "Loaded 32 pages from IntJNetworkMgmt-2023-Agarwal-Blockchainandcryptofo_1_1cc4ca7b.pdf", "module": "document_ingest", "function": "load_documents_from_pdfs", "line": 75}
{"timestamp": "2025-08-04T02:45:23.424479", "level": "INFO", "logger": "app.services.document_ingest", "message": "Split 32 documents into 360 chunks with size=500, overlap=150", "module": "document_ingest", "function": "chunk_documents", "line": 141}
{"timestamp": "2025-08-04T02:45:23.606453", "level": "INFO", "logger": "chromadb.telemetry.product.posthog", "message": "Anonymized telemetry enabled. See                     https://docs.trychroma.com/telemetry for more information.", "module": "posthog", "function": "__init__", "line": 20}
{"timestamp": "2025-08-04T02:45:23.653975", "level": "ERROR", "logger": "chromadb.telemetry.product.posthog", "message": "Failed to send telemetry event ClientStartEvent: capture() takes 1 positional argument but 3 were given", "module": "posthog", "function": "_direct_capture", "line": 59}
{"timestamp": "2025-08-04T02:45:23.662732", "level": "ERROR", "logger": "chromadb.telemetry.product.posthog", "message": "Failed to send telemetry event ClientCreateCollectionEvent: capture() takes 1 positional argument but 3 were given", "module": "posthog", "function": "_direct_capture", "line": 59}
{"timestamp": "2025-08-04T02:50:04.874357", "level": "INFO", "logger": "root", "message": "Starting application", "module": "main", "function": "<module>", "line": 14}
{"timestamp": "2025-08-04T02:50:35.604206", "level": "INFO", "logger": "app.api.routes_document", "message": "Successfully uploaded file: IntJNetworkMgmt-2023-Agarwal-Blockchainandcryptofo_1_1cc4ca7b.pdf", "module": "routes_document", "function": "upload_user_documents", "line": 155}
{"timestamp": "2025-08-04T02:50:36.296154", "level": "INFO", "logger": "app.services.document_ingest", "message": "Loaded 32 pages from IntJNetworkMgmt-2023-Agarwal-Blockchainandcryptofo_1_1cc4ca7b.pdf", "module": "document_ingest", "function": "load_documents_from_pdfs", "line": 75}
{"timestamp": "2025-08-04T02:50:36.307457", "level": "INFO", "logger": "app.services.document_ingest", "message": "Split 32 documents into 360 chunks with size=500, overlap=150", "module": "document_ingest", "function": "chunk_documents", "line": 141}
{"timestamp": "2025-08-04T02:50:36.316147", "level": "INFO", "logger": "app.services.document_ingest", "message": "Loaded 32 pages from IntJNetworkMgmt-2023-Agarwal-Blockchainandcryptofo_1_1cc4ca7b.pdf", "module": "document_ingest", "function": "load_documents_from_pdfs", "line": 75}
{"timestamp": "2025-08-04T02:50:36.329860", "level": "INFO", "logger": "app.services.document_ingest", "message": "Split 32 documents into 360 chunks with size=500, overlap=150", "module": "document_ingest", "function": "chunk_documents", "line": 141}
{"timestamp": "2025-08-04T02:50:36.516314", "level": "INFO", "logger": "chromadb.telemetry.product.posthog", "message": "Anonymized telemetry enabled. See                     https://docs.trychroma.com/telemetry for more information.", "module": "posthog", "function": "__init__", "line": 20}
{"timestamp": "2025-08-04T02:50:36.576752", "level": "ERROR", "logger": "chromadb.telemetry.product.posthog", "message": "Failed to send telemetry event ClientStartEvent: capture() takes 1 positional argument but 3 were given", "module": "posthog", "function": "_direct_capture", "line": 59}
{"timestamp": "2025-08-04T02:50:36.585249", "level": "ERROR", "logger": "chromadb.telemetry.product.posthog", "message": "Failed to send telemetry event ClientCreateCollectionEvent: capture() takes 1 positional argument but 3 were given", "module": "posthog", "function": "_direct_capture", "line": 59}
{"timestamp": "2025-08-04T02:51:23.421782", "level": "INFO", "logger": "app.api.routes_document", "message": "Setting document selection for conversation 1, user 1", "module": "routes_document", "function": "select_documents_for_conversation", "line": 252}
{"timestamp": "2025-08-04T02:51:23.422328", "level": "INFO", "logger": "app.api.routes_document", "message": "Selected document IDs: [11]", "module": "routes_document", "function": "select_documents_for_conversation", "line": 253}
{"timestamp": "2025-08-04T02:51:23.429457", "level": "INFO", "logger": "app.api.routes_document", "message": "Successfully saved 1 document selections for conversation 1", "module": "routes_document", "function": "select_documents_for_conversation", "line": 286}
{"timestamp": "2025-08-04T02:53:18.183837", "level": "INFO", "logger": "root", "message": "Starting application", "module": "main", "function": "<module>", "line": 14}
{"timestamp": "2025-08-04T02:53:19.677748", "level": "INFO", "logger": "root", "message": "Starting application", "module": "main", "function": "<module>", "line": 14}
{"timestamp": "2025-08-04T02:53:21.507762", "level": "INFO", "logger": "root", "message": "Starting application", "module": "main", "function": "<module>", "line": 14}
{"timestamp": "2025-08-04T02:53:23.246278", "level": "INFO", "logger": "root", "message": "Starting application", "module": "main", "function": "<module>", "line": 14}
{"timestamp": "2025-08-04T02:53:25.428180", "level": "INFO", "logger": "root", "message": "Starting application", "module": "main", "function": "<module>", "line": 14}
{"timestamp": "2025-08-04T02:53:28.228247", "level": "INFO", "logger": "root", "message": "Starting application", "module": "main", "function": "<module>", "line": 14}
{"timestamp": "2025-08-04T02:53:33.086677", "level": "INFO", "logger": "root", "message": "Starting application", "module": "main", "function": "<module>", "line": 14}
{"timestamp": "2025-08-04T02:54:08.754132", "level": "INFO", "logger": "root", "message": "Starting application", "module": "main", "function": "<module>", "line": 14}
{"timestamp": "2025-08-04T02:54:17.870678", "level": "INFO", "logger": "app.api.routes_document", "message": "Setting document selection for conversation 1, user 1", "module": "routes_document", "function": "select_documents_for_conversation", "line": 252}
{"timestamp": "2025-08-04T02:54:17.871317", "level": "INFO", "logger": "app.api.routes_document", "message": "Selected document IDs: [11]", "module": "routes_document", "function": "select_documents_for_conversation", "line": 253}
{"timestamp": "2025-08-04T02:54:17.881011", "level": "INFO", "logger": "app.api.routes_document", "message": "Successfully saved 1 document selections for conversation 1", "module": "routes_document", "function": "select_documents_for_conversation", "line": 286}
{"timestamp": "2025-08-04T02:57:14.169264", "level": "INFO", "logger": "root", "message": "Starting application", "module": "main", "function": "<module>", "line": 14}
{"timestamp": "2025-08-04T02:57:22.360997", "level": "INFO", "logger": "app.api.routes_document", "message": "Setting document selection for conversation 1, user 1", "module": "routes_document", "function": "select_documents_for_conversation", "line": 252}
{"timestamp": "2025-08-04T02:57:22.361613", "level": "INFO", "logger": "app.api.routes_document", "message": "Selected document IDs: [11]", "module": "routes_document", "function": "select_documents_for_conversation", "line": 253}
{"timestamp": "2025-08-04T02:57:22.374951", "level": "INFO", "logger": "app.api.routes_document", "message": "Successfully saved 1 document selections for conversation 1", "module": "routes_document", "function": "select_documents_for_conversation", "line": 286}
{"timestamp": "2025-08-04T03:00:53.667921", "level": "INFO", "logger": "root", "message": "Starting application", "module": "main", "function": "<module>", "line": 14}
{"timestamp": "2025-08-04T03:11:46.368197", "level": "INFO", "logger": "root", "message": "Starting application", "module": "main", "function": "<module>", "line": 14}
{"timestamp": "2025-08-04T03:12:08.560061", "level": "INFO", "logger": "app.api.routes_document", "message": "Setting document selection for conversation 1, user 1", "module": "routes_document", "function": "select_documents_for_conversation", "line": 252}
{"timestamp": "2025-08-04T03:12:08.560504", "level": "INFO", "logger": "app.api.routes_document", "message": "Selected document IDs: [11]", "module": "routes_document", "function": "select_documents_for_conversation", "line": 253}
{"timestamp": "2025-08-04T03:12:08.576364", "level": "INFO", "logger": "app.api.routes_document", "message": "Successfully saved 1 document selections for conversation 1", "module": "routes_document", "function": "select_documents_for_conversation", "line": 286}
{"timestamp": "2025-08-04T03:13:26.911981", "level": "INFO", "logger": "root", "message": "Starting application", "module": "main", "function": "<module>", "line": 14}
{"timestamp": "2025-08-04T03:13:40.352783", "level": "INFO", "logger": "app.api.routes_chat", "message": "Question does not need context: 'can you tell me what are the ways criminals use crypto to avoid the laws' (decision: 0)", "module": "routes_chat", "function": "ask", "line": 230}
{"timestamp": "2025-08-04T03:13:40.353930", "level": "INFO", "logger": "app.services.ollama", "message": "Building langchain agent for conversation 1, user 1, needs_context=False", "module": "ollama", "function": "build_langchain_agent", "line": 22}
{"timestamp": "2025-08-04T03:13:40.396020", "level": "INFO", "logger": "app.services.ollama", "message": "Selected document IDs: [11]", "module": "ollama", "function": "build_langchain_agent", "line": 35}
{"timestamp": "2025-08-04T03:13:40.396457", "level": "INFO", "logger": "app.services.ollama", "message": "Total context length: 0 characters", "module": "ollama", "function": "build_langchain_agent", "line": 75}
{"timestamp": "2025-08-04T03:13:40.431769", "level": "WARNING", "logger": "langchain_core.tracers.base", "message": "Parent run 85b2a811-ab7d-4568-9c3f-46b37b2a0e71 not found for run 7d5413f6-4f93-4d8a-91a0-4a1fa5cd4437. Treating as a root run.", "module": "base", "function": "_start_trace", "line": 113}
{"timestamp": "2025-08-04T03:13:47.375030", "level": "WARNING", "logger": "langchain_core.callbacks.manager", "message": "Error in RootListenersTracer.on_chain_end callback: AttributeError(\"'SimpleChatHistory' object has no attribute 'add_messages'\")", "module": "manager", "function": "handle_event", "line": 282}
{"timestamp": "2025-08-04T03:14:06.267952", "level": "INFO", "logger": "app.api.routes_document", "message": "Setting document selection for conversation 1, user 1", "module": "routes_document", "function": "select_documents_for_conversation", "line": 252}
{"timestamp": "2025-08-04T03:14:06.269843", "level": "INFO", "logger": "app.api.routes_document", "message": "Selected document IDs: [10]", "module": "routes_document", "function": "select_documents_for_conversation", "line": 253}
{"timestamp": "2025-08-04T03:14:06.287487", "level": "INFO", "logger": "app.api.routes_document", "message": "Successfully saved 1 document selections for conversation 1", "module": "routes_document", "function": "select_documents_for_conversation", "line": 286}
{"timestamp": "2025-08-04T03:14:19.957128", "level": "INFO", "logger": "app.api.routes_document", "message": "Successfully uploaded file: 57239806_BaktybekovTalgat_CV_1_2b1b4287.pdf", "module": "routes_document", "function": "upload_user_documents", "line": 155}
{"timestamp": "2025-08-04T03:14:20.088618", "level": "INFO", "logger": "app.services.document_ingest", "message": "Loaded 2 pages from 57239806_BaktybekovTalgat_CV_1_2b1b4287.pdf", "module": "document_ingest", "function": "load_documents_from_pdfs", "line": 75}
{"timestamp": "2025-08-04T03:14:20.089468", "level": "INFO", "logger": "app.services.document_ingest", "message": "Loaded 2 pages from 57239806_BaktybekovTalgat_CV_1_2b1b4287.pdf", "module": "document_ingest", "function": "load_documents_from_pdfs", "line": 75}
{"timestamp": "2025-08-04T03:14:20.090032", "level": "INFO", "logger": "app.services.document_ingest", "message": "Split 2 documents into 9 chunks with size=500, overlap=150", "module": "document_ingest", "function": "chunk_documents", "line": 141}
{"timestamp": "2025-08-04T03:14:20.091092", "level": "INFO", "logger": "app.services.document_ingest", "message": "Split 2 documents into 9 chunks with size=500, overlap=150", "module": "document_ingest", "function": "chunk_documents", "line": 141}
{"timestamp": "2025-08-04T03:14:20.091810", "level": "INFO", "logger": "root", "message": "Using OllamaEmbeddings with base URL: http://host.docker.internal:11434", "module": "embeddings", "function": "get_embedding_function", "line": 14}
{"timestamp": "2025-08-04T03:14:20.091997", "level": "INFO", "logger": "root", "message": "Using OllamaEmbeddings with base URL: http://host.docker.internal:11434", "module": "embeddings", "function": "get_embedding_function", "line": 14}
{"timestamp": "2025-08-04T03:14:20.092049", "level": "INFO", "logger": "root", "message": "Using OllamaEmbeddings with base URL: http://host.docker.internal:11434", "module": "embeddings", "function": "get_embedding_function", "line": 14}
{"timestamp": "2025-08-04T03:14:20.104958", "level": "INFO", "logger": "root", "message": "Using OllamaEmbeddings with base URL: http://host.docker.internal:11434", "module": "embeddings", "function": "get_embedding_function", "line": 14}
{"timestamp": "2025-08-04T03:14:20.412288", "level": "INFO", "logger": "chromadb.telemetry.product.posthog", "message": "Anonymized telemetry enabled. See                     https://docs.trychroma.com/telemetry for more information.", "module": "posthog", "function": "__init__", "line": 20}
{"timestamp": "2025-08-04T03:14:20.421405", "level": "INFO", "logger": "chromadb.telemetry.product.posthog", "message": "Anonymized telemetry enabled. See                     https://docs.trychroma.com/telemetry for more information.", "module": "posthog", "function": "__init__", "line": 20}
{"timestamp": "2025-08-04T03:14:20.475913", "level": "ERROR", "logger": "chromadb.telemetry.product.posthog", "message": "Failed to send telemetry event ClientStartEvent: capture() takes 1 positional argument but 3 were given", "module": "posthog", "function": "_direct_capture", "line": 59}
{"timestamp": "2025-08-04T03:14:20.476120", "level": "ERROR", "logger": "chromadb.telemetry.product.posthog", "message": "Failed to send telemetry event ClientStartEvent: capture() takes 1 positional argument but 3 were given", "module": "posthog", "function": "_direct_capture", "line": 59}
{"timestamp": "2025-08-04T03:14:20.476479", "level": "ERROR", "logger": "chromadb.telemetry.product.posthog", "message": "Failed to send telemetry event ClientStartEvent: capture() takes 1 positional argument but 3 were given", "module": "posthog", "function": "_direct_capture", "line": 59}
{"timestamp": "2025-08-04T03:14:20.478145", "level": "ERROR", "logger": "chromadb.telemetry.product.posthog", "message": "Failed to send telemetry event ClientStartEvent: capture() takes 1 positional argument but 3 were given", "module": "posthog", "function": "_direct_capture", "line": 59}
{"timestamp": "2025-08-04T03:14:20.488093", "level": "ERROR", "logger": "chromadb.telemetry.product.posthog", "message": "Failed to send telemetry event ClientCreateCollectionEvent: capture() takes 1 positional argument but 3 were given", "module": "posthog", "function": "_direct_capture", "line": 59}
{"timestamp": "2025-08-04T03:14:20.488220", "level": "ERROR", "logger": "chromadb.telemetry.product.posthog", "message": "Failed to send telemetry event ClientCreateCollectionEvent: capture() takes 1 positional argument but 3 were given", "module": "posthog", "function": "_direct_capture", "line": 59}
{"timestamp": "2025-08-04T03:14:20.489856", "level": "ERROR", "logger": "chromadb.telemetry.product.posthog", "message": "Failed to send telemetry event ClientCreateCollectionEvent: capture() takes 1 positional argument but 3 were given", "module": "posthog", "function": "_direct_capture", "line": 59}
{"timestamp": "2025-08-04T03:14:20.490076", "level": "ERROR", "logger": "chromadb.telemetry.product.posthog", "message": "Failed to send telemetry event ClientCreateCollectionEvent: capture() takes 1 positional argument but 3 were given", "module": "posthog", "function": "_direct_capture", "line": 59}
{"timestamp": "2025-08-04T03:14:26.986774", "level": "INFO", "logger": "app.api.routes_document", "message": "Setting document selection for conversation 1, user 1", "module": "routes_document", "function": "select_documents_for_conversation", "line": 252}
{"timestamp": "2025-08-04T03:14:26.988414", "level": "INFO", "logger": "app.api.routes_document", "message": "Setting document selection for conversation 1, user 1", "module": "routes_document", "function": "select_documents_for_conversation", "line": 252}
{"timestamp": "2025-08-04T03:14:26.988772", "level": "INFO", "logger": "app.api.routes_document", "message": "Selected document IDs: [12]", "module": "routes_document", "function": "select_documents_for_conversation", "line": 253}
{"timestamp": "2025-08-04T03:14:26.989026", "level": "INFO", "logger": "app.api.routes_document", "message": "Selected document IDs: [12]", "module": "routes_document", "function": "select_documents_for_conversation", "line": 253}
{"timestamp": "2025-08-04T03:14:27.001119", "level": "INFO", "logger": "app.api.routes_document", "message": "Successfully saved 1 document selections for conversation 1", "module": "routes_document", "function": "select_documents_for_conversation", "line": 286}
{"timestamp": "2025-08-04T03:14:27.001666", "level": "INFO", "logger": "app.api.routes_document", "message": "Successfully saved 1 document selections for conversation 1", "module": "routes_document", "function": "select_documents_for_conversation", "line": 286}
{"timestamp": "2025-08-04T03:14:44.248089", "level": "INFO", "logger": "app.api.routes_chat", "message": "Question does not need context: 'what are the experiences in the cv in 2024?' (decision: 0)", "module": "routes_chat", "function": "ask", "line": 230}
{"timestamp": "2025-08-04T03:14:44.250374", "level": "INFO", "logger": "app.api.routes_chat", "message": "Question does not need context: 'what are the experiences in the cv in 2024?' (decision: 0)", "module": "routes_chat", "function": "ask", "line": 230}
{"timestamp": "2025-08-04T03:14:44.250855", "level": "INFO", "logger": "app.services.ollama", "message": "Building langchain agent for conversation 1, user 1, needs_context=False", "module": "ollama", "function": "build_langchain_agent", "line": 22}
{"timestamp": "2025-08-04T03:14:44.251163", "level": "INFO", "logger": "app.services.ollama", "message": "Building langchain agent for conversation 1, user 1, needs_context=False", "module": "ollama", "function": "build_langchain_agent", "line": 22}
{"timestamp": "2025-08-04T03:14:44.254842", "level": "INFO", "logger": "app.services.ollama", "message": "Selected document IDs: [12]", "module": "ollama", "function": "build_langchain_agent", "line": 35}
{"timestamp": "2025-08-04T03:14:44.255407", "level": "INFO", "logger": "app.services.ollama", "message": "Selected document IDs: [12]", "module": "ollama", "function": "build_langchain_agent", "line": 35}
{"timestamp": "2025-08-04T03:14:44.256108", "level": "INFO", "logger": "app.services.ollama", "message": "Total context length: 0 characters", "module": "ollama", "function": "build_langchain_agent", "line": 75}
{"timestamp": "2025-08-04T03:14:44.256435", "level": "INFO", "logger": "app.services.ollama", "message": "Total context length: 0 characters", "module": "ollama", "function": "build_langchain_agent", "line": 75}
{"timestamp": "2025-08-04T03:14:44.276866", "level": "WARNING", "logger": "langchain_core.tracers.base", "message": "Parent run 01563ec9-467a-4d1e-9359-fe240262c8c0 not found for run e24a8e42-6be6-43a8-9b51-6b2881069536. Treating as a root run.", "module": "base", "function": "_start_trace", "line": 113}
{"timestamp": "2025-08-04T03:14:44.277349", "level": "WARNING", "logger": "langchain_core.tracers.base", "message": "Parent run 01563ec9-467a-4d1e-9359-fe240262c8c0 not found for run e24a8e42-6be6-43a8-9b51-6b2881069536. Treating as a root run.", "module": "base", "function": "_start_trace", "line": 113}
{"timestamp": "2025-08-04T03:14:49.720549", "level": "WARNING", "logger": "langchain_core.callbacks.manager", "message": "Error in RootListenersTracer.on_chain_end callback: AttributeError(\"'SimpleChatHistory' object has no attribute 'add_messages'\")", "module": "manager", "function": "handle_event", "line": 282}
{"timestamp": "2025-08-04T03:14:49.720764", "level": "WARNING", "logger": "langchain_core.callbacks.manager", "message": "Error in RootListenersTracer.on_chain_end callback: AttributeError(\"'SimpleChatHistory' object has no attribute 'add_messages'\")", "module": "manager", "function": "handle_event", "line": 282}
{"timestamp": "2025-08-04T03:15:44.576863", "level": "INFO", "logger": "app.api.routes_chat", "message": "Question does not need context: 'no, I meant in the uploaded file in the chat' (decision: 0)", "module": "routes_chat", "function": "ask", "line": 230}
{"timestamp": "2025-08-04T03:15:44.578418", "level": "INFO", "logger": "app.api.routes_chat", "message": "Question does not need context: 'no, I meant in the uploaded file in the chat' (decision: 0)", "module": "routes_chat", "function": "ask", "line": 230}
{"timestamp": "2025-08-04T03:15:44.580823", "level": "INFO", "logger": "app.services.ollama", "message": "Building langchain agent for conversation 1, user 1, needs_context=False", "module": "ollama", "function": "build_langchain_agent", "line": 22}
{"timestamp": "2025-08-04T03:15:44.582075", "level": "INFO", "logger": "app.services.ollama", "message": "Building langchain agent for conversation 1, user 1, needs_context=False", "module": "ollama", "function": "build_langchain_agent", "line": 22}
{"timestamp": "2025-08-04T03:15:44.587021", "level": "INFO", "logger": "app.services.ollama", "message": "Selected document IDs: [12]", "module": "ollama", "function": "build_langchain_agent", "line": 35}
{"timestamp": "2025-08-04T03:15:44.587412", "level": "INFO", "logger": "app.services.ollama", "message": "Selected document IDs: [12]", "module": "ollama", "function": "build_langchain_agent", "line": 35}
{"timestamp": "2025-08-04T03:15:44.588569", "level": "INFO", "logger": "app.services.ollama", "message": "Total context length: 0 characters", "module": "ollama", "function": "build_langchain_agent", "line": 75}
{"timestamp": "2025-08-04T03:15:44.589498", "level": "INFO", "logger": "app.services.ollama", "message": "Total context length: 0 characters", "module": "ollama", "function": "build_langchain_agent", "line": 75}
{"timestamp": "2025-08-04T03:15:44.609442", "level": "WARNING", "logger": "langchain_core.tracers.base", "message": "Parent run 4cdeb963-d3a0-4d90-9d9c-26387ad46838 not found for run 4b9b630a-0b7e-491c-9d6e-c3598f13a620. Treating as a root run.", "module": "base", "function": "_start_trace", "line": 113}
{"timestamp": "2025-08-04T03:15:44.609802", "level": "WARNING", "logger": "langchain_core.tracers.base", "message": "Parent run 4cdeb963-d3a0-4d90-9d9c-26387ad46838 not found for run 4b9b630a-0b7e-491c-9d6e-c3598f13a620. Treating as a root run.", "module": "base", "function": "_start_trace", "line": 113}
{"timestamp": "2025-08-04T03:15:50.537477", "level": "WARNING", "logger": "langchain_core.callbacks.manager", "message": "Error in RootListenersTracer.on_chain_end callback: AttributeError(\"'SimpleChatHistory' object has no attribute 'add_messages'\")", "module": "manager", "function": "handle_event", "line": 282}
{"timestamp": "2025-08-04T03:15:50.538296", "level": "WARNING", "logger": "langchain_core.callbacks.manager", "message": "Error in RootListenersTracer.on_chain_end callback: AttributeError(\"'SimpleChatHistory' object has no attribute 'add_messages'\")", "module": "manager", "function": "handle_event", "line": 282}
{"timestamp": "2025-08-04T03:20:48.549052", "level": "INFO", "logger": "root", "message": "Starting application", "module": "main", "function": "<module>", "line": 14}
{"timestamp": "2025-08-04T03:21:06.850174", "level": "INFO", "logger": "app.api.routes_document", "message": "Setting document selection for conversation 2, user 1", "module": "routes_document", "function": "select_documents_for_conversation", "line": 252}
{"timestamp": "2025-08-04T03:21:06.850755", "level": "INFO", "logger": "app.api.routes_document", "message": "Selected document IDs: [12]", "module": "routes_document", "function": "select_documents_for_conversation", "line": 253}
{"timestamp": "2025-08-04T03:21:06.861390", "level": "INFO", "logger": "app.api.routes_document", "message": "Successfully saved 1 document selections for conversation 2", "module": "routes_document", "function": "select_documents_for_conversation", "line": 286}
{"timestamp": "2025-08-04T03:21:10.632464", "level": "INFO", "logger": "app.services.ollama", "message": "Building langchain agent for conversation 2, user 1, needs_context=True", "module": "ollama", "function": "build_langchain_agent", "line": 22}
{"timestamp": "2025-08-04T03:21:10.651743", "level": "INFO", "logger": "app.services.ollama", "message": "Selected document IDs: [12]", "module": "ollama", "function": "build_langchain_agent", "line": 35}
{"timestamp": "2025-08-04T03:21:10.652354", "level": "INFO", "logger": "app.services.ollama", "message": "Retrieving chunks for 1 selected documents", "module": "ollama", "function": "build_langchain_agent", "line": 42}
{"timestamp": "2025-08-04T03:21:10.656410", "level": "INFO", "logger": "root", "message": "Using OllamaEmbeddings with base URL: http://host.docker.internal:11434", "module": "embeddings", "function": "get_embedding_function", "line": 14}
{"timestamp": "2025-08-04T03:21:10.931231", "level": "INFO", "logger": "chromadb.telemetry.product.posthog", "message": "Anonymized telemetry enabled. See                     https://docs.trychroma.com/telemetry for more information.", "module": "posthog", "function": "__init__", "line": 20}
{"timestamp": "2025-08-04T03:21:11.049429", "level": "ERROR", "logger": "chromadb.telemetry.product.posthog", "message": "Failed to send telemetry event ClientStartEvent: capture() takes 1 positional argument but 3 were given", "module": "posthog", "function": "_direct_capture", "line": 59}
{"timestamp": "2025-08-04T03:21:11.059466", "level": "ERROR", "logger": "chromadb.telemetry.product.posthog", "message": "Failed to send telemetry event ClientCreateCollectionEvent: capture() takes 1 positional argument but 3 were given", "module": "posthog", "function": "_direct_capture", "line": 59}
{"timestamp": "2025-08-04T03:21:11.060206", "level": "INFO", "logger": "app.services.document_ingest", "message": "Retrieving 8 chunks for query: 'what are the experiences in the cv in 2024?...', search_type: advanced_ensemble", "module": "document_ingest", "function": "retrieve_relevant_chunks", "line": 256}
{"timestamp": "2025-08-04T03:21:12.035132", "level": "ERROR", "logger": "chromadb.telemetry.product.posthog", "message": "Failed to send telemetry event CollectionQueryEvent: capture() takes 1 positional argument but 3 were given", "module": "posthog", "function": "_direct_capture", "line": 59}
{"timestamp": "2025-08-04T03:21:12.077904", "level": "INFO", "logger": "app.services.document_ingest", "message": "No results found", "module": "document_ingest", "function": "_log_search_results", "line": 356}
{"timestamp": "2025-08-04T03:21:12.078380", "level": "INFO", "logger": "app.services.ollama", "message": "Total context length: 0 characters", "module": "ollama", "function": "build_langchain_agent", "line": 75}
{"timestamp": "2025-08-04T03:21:12.100775", "level": "WARNING", "logger": "langchain_core.tracers.base", "message": "Parent run cea3d8bd-6643-4c56-9ad7-a006d31d7b2a not found for run 8ad8b9e5-afda-4334-b31e-b44091f3baa3. Treating as a root run.", "module": "base", "function": "_start_trace", "line": 113}
{"timestamp": "2025-08-04T03:21:13.509276", "level": "WARNING", "logger": "langchain_core.callbacks.manager", "message": "Error in RootListenersTracer.on_chain_end callback: AttributeError(\"'SimpleChatHistory' object has no attribute 'add_messages'\")", "module": "manager", "function": "handle_event", "line": 282}
{"timestamp": "2025-08-04T03:24:13.553085", "level": "INFO", "logger": "root", "message": "Starting application", "module": "main", "function": "<module>", "line": 14}
{"timestamp": "2025-08-04T03:24:28.486111", "level": "INFO", "logger": "root", "message": "Using OllamaEmbeddings with base URL: http://host.docker.internal:11434", "module": "embeddings", "function": "get_embedding_function", "line": 14}
{"timestamp": "2025-08-04T03:24:28.699951", "level": "INFO", "logger": "chromadb.telemetry.product.posthog", "message": "Anonymized telemetry enabled. See                     https://docs.trychroma.com/telemetry for more information.", "module": "posthog", "function": "__init__", "line": 20}
{"timestamp": "2025-08-04T03:24:28.797581", "level": "ERROR", "logger": "chromadb.telemetry.product.posthog", "message": "Failed to send telemetry event ClientStartEvent: capture() takes 1 positional argument but 3 were given", "module": "posthog", "function": "_direct_capture", "line": 59}
{"timestamp": "2025-08-04T03:24:28.807434", "level": "ERROR", "logger": "chromadb.telemetry.product.posthog", "message": "Failed to send telemetry event ClientCreateCollectionEvent: capture() takes 1 positional argument but 3 were given", "module": "posthog", "function": "_direct_capture", "line": 59}
{"timestamp": "2025-08-04T03:24:28.809334", "level": "WARNING", "logger": "app.services.document_ingest", "message": "No chunks found for document_id 12 (tried both int and str formats)", "module": "document_ingest", "function": "delete_document_from_vectorstore", "line": 418}
{"timestamp": "2025-08-04T03:24:30.686696", "level": "INFO", "logger": "root", "message": "Using OllamaEmbeddings with base URL: http://host.docker.internal:11434", "module": "embeddings", "function": "get_embedding_function", "line": 14}
{"timestamp": "2025-08-04T03:24:30.691555", "level": "INFO", "logger": "chromadb.telemetry.product.posthog", "message": "Anonymized telemetry enabled. See                     https://docs.trychroma.com/telemetry for more information.", "module": "posthog", "function": "__init__", "line": 20}
{"timestamp": "2025-08-04T03:24:30.693413", "level": "ERROR", "logger": "chromadb.telemetry.product.posthog", "message": "Failed to send telemetry event ClientStartEvent: capture() takes 1 positional argument but 3 were given", "module": "posthog", "function": "_direct_capture", "line": 59}
{"timestamp": "2025-08-04T03:24:30.694914", "level": "ERROR", "logger": "chromadb.telemetry.product.posthog", "message": "Failed to send telemetry event ClientCreateCollectionEvent: capture() takes 1 positional argument but 3 were given", "module": "posthog", "function": "_direct_capture", "line": 59}
{"timestamp": "2025-08-04T03:24:30.702639", "level": "WARNING", "logger": "app.services.document_ingest", "message": "No chunks found for document_id 10 (tried both int and str formats)", "module": "document_ingest", "function": "delete_document_from_vectorstore", "line": 418}
{"timestamp": "2025-08-04T03:24:32.315134", "level": "INFO", "logger": "root", "message": "Using OllamaEmbeddings with base URL: http://host.docker.internal:11434", "module": "embeddings", "function": "get_embedding_function", "line": 14}
{"timestamp": "2025-08-04T03:24:32.319337", "level": "INFO", "logger": "chromadb.telemetry.product.posthog", "message": "Anonymized telemetry enabled. See                     https://docs.trychroma.com/telemetry for more information.", "module": "posthog", "function": "__init__", "line": 20}
{"timestamp": "2025-08-04T03:24:32.322188", "level": "ERROR", "logger": "chromadb.telemetry.product.posthog", "message": "Failed to send telemetry event ClientStartEvent: capture() takes 1 positional argument but 3 were given", "module": "posthog", "function": "_direct_capture", "line": 59}
{"timestamp": "2025-08-04T03:24:32.324166", "level": "ERROR", "logger": "chromadb.telemetry.product.posthog", "message": "Failed to send telemetry event ClientCreateCollectionEvent: capture() takes 1 positional argument but 3 were given", "module": "posthog", "function": "_direct_capture", "line": 59}
{"timestamp": "2025-08-04T03:24:32.328197", "level": "WARNING", "logger": "app.services.document_ingest", "message": "No chunks found for document_id 11 (tried both int and str formats)", "module": "document_ingest", "function": "delete_document_from_vectorstore", "line": 418}
{"timestamp": "2025-08-04T03:24:34.364538", "level": "INFO", "logger": "root", "message": "Using OllamaEmbeddings with base URL: http://host.docker.internal:11434", "module": "embeddings", "function": "get_embedding_function", "line": 14}
{"timestamp": "2025-08-04T03:24:34.368243", "level": "INFO", "logger": "chromadb.telemetry.product.posthog", "message": "Anonymized telemetry enabled. See                     https://docs.trychroma.com/telemetry for more information.", "module": "posthog", "function": "__init__", "line": 20}
{"timestamp": "2025-08-04T03:24:34.375895", "level": "ERROR", "logger": "chromadb.telemetry.product.posthog", "message": "Failed to send telemetry event ClientStartEvent: capture() takes 1 positional argument but 3 were given", "module": "posthog", "function": "_direct_capture", "line": 59}
{"timestamp": "2025-08-04T03:24:34.380924", "level": "ERROR", "logger": "chromadb.telemetry.product.posthog", "message": "Failed to send telemetry event ClientCreateCollectionEvent: capture() takes 1 positional argument but 3 were given", "module": "posthog", "function": "_direct_capture", "line": 59}
{"timestamp": "2025-08-04T03:24:34.395614", "level": "WARNING", "logger": "app.services.document_ingest", "message": "No chunks found for document_id 9 (tried both int and str formats)", "module": "document_ingest", "function": "delete_document_from_vectorstore", "line": 418}
{"timestamp": "2025-08-04T03:24:38.240376", "level": "INFO", "logger": "root", "message": "Using OllamaEmbeddings with base URL: http://host.docker.internal:11434", "module": "embeddings", "function": "get_embedding_function", "line": 14}
{"timestamp": "2025-08-04T03:24:38.248504", "level": "INFO", "logger": "chromadb.telemetry.product.posthog", "message": "Anonymized telemetry enabled. See                     https://docs.trychroma.com/telemetry for more information.", "module": "posthog", "function": "__init__", "line": 20}
{"timestamp": "2025-08-04T03:24:38.264002", "level": "ERROR", "logger": "chromadb.telemetry.product.posthog", "message": "Failed to send telemetry event ClientStartEvent: capture() takes 1 positional argument but 3 were given", "module": "posthog", "function": "_direct_capture", "line": 59}
{"timestamp": "2025-08-04T03:24:38.267703", "level": "ERROR", "logger": "chromadb.telemetry.product.posthog", "message": "Failed to send telemetry event ClientCreateCollectionEvent: capture() takes 1 positional argument but 3 were given", "module": "posthog", "function": "_direct_capture", "line": 59}
{"timestamp": "2025-08-04T03:24:38.271439", "level": "WARNING", "logger": "app.services.document_ingest", "message": "No chunks found for document_id 8 (tried both int and str formats)", "module": "document_ingest", "function": "delete_document_from_vectorstore", "line": 418}
{"timestamp": "2025-08-04T03:24:46.725667", "level": "INFO", "logger": "app.api.routes_document", "message": "Successfully uploaded file: 57239806_Baktybekov20Talgat_CV_1_2b1b4287.pdf", "module": "routes_document", "function": "upload_user_documents", "line": 155}
{"timestamp": "2025-08-04T03:24:46.944217", "level": "INFO", "logger": "app.services.document_ingest", "message": "Loaded 2 pages from 57239806_Baktybekov20Talgat_CV_1_2b1b4287.pdf", "module": "document_ingest", "function": "load_documents_from_pdfs", "line": 75}
{"timestamp": "2025-08-04T03:24:46.948894", "level": "INFO", "logger": "app.services.document_ingest", "message": "Split 2 documents into 18 chunks with size=250, overlap=50", "module": "document_ingest", "function": "chunk_documents", "line": 141}
{"timestamp": "2025-08-04T03:24:46.952452", "level": "INFO", "logger": "app.services.document_ingest", "message": "Loaded 2 pages from 57239806_Baktybekov20Talgat_CV_1_2b1b4287.pdf", "module": "document_ingest", "function": "load_documents_from_pdfs", "line": 75}
{"timestamp": "2025-08-04T03:24:46.953987", "level": "INFO", "logger": "root", "message": "Using OllamaEmbeddings with base URL: http://host.docker.internal:11434", "module": "embeddings", "function": "get_embedding_function", "line": 14}
{"timestamp": "2025-08-04T03:24:46.954282", "level": "INFO", "logger": "root", "message": "Using OllamaEmbeddings with base URL: http://host.docker.internal:11434", "module": "embeddings", "function": "get_embedding_function", "line": 14}
{"timestamp": "2025-08-04T03:24:46.954312", "level": "INFO", "logger": "root", "message": "Using OllamaEmbeddings with base URL: http://host.docker.internal:11434", "module": "embeddings", "function": "get_embedding_function", "line": 14}
{"timestamp": "2025-08-04T03:24:46.956231", "level": "INFO", "logger": "root", "message": "Using OllamaEmbeddings with base URL: http://host.docker.internal:11434", "module": "embeddings", "function": "get_embedding_function", "line": 14}
{"timestamp": "2025-08-04T03:24:46.956274", "level": "INFO", "logger": "chromadb.telemetry.product.posthog", "message": "Anonymized telemetry enabled. See                     https://docs.trychroma.com/telemetry for more information.", "module": "posthog", "function": "__init__", "line": 20}
{"timestamp": "2025-08-04T03:24:46.959786", "level": "INFO", "logger": "chromadb.telemetry.product.posthog", "message": "Anonymized telemetry enabled. See                     https://docs.trychroma.com/telemetry for more information.", "module": "posthog", "function": "__init__", "line": 20}
{"timestamp": "2025-08-04T03:24:46.959826", "level": "INFO", "logger": "chromadb.telemetry.product.posthog", "message": "Anonymized telemetry enabled. See                     https://docs.trychroma.com/telemetry for more information.", "module": "posthog", "function": "__init__", "line": 20}
{"timestamp": "2025-08-04T03:24:46.962355", "level": "INFO", "logger": "chromadb.telemetry.product.posthog", "message": "Anonymized telemetry enabled. See                     https://docs.trychroma.com/telemetry for more information.", "module": "posthog", "function": "__init__", "line": 20}
{"timestamp": "2025-08-04T03:24:46.962391", "level": "ERROR", "logger": "chromadb.telemetry.product.posthog", "message": "Failed to send telemetry event ClientStartEvent: capture() takes 1 positional argument but 3 were given", "module": "posthog", "function": "_direct_capture", "line": 59}
{"timestamp": "2025-08-04T03:24:46.963611", "level": "ERROR", "logger": "chromadb.telemetry.product.posthog", "message": "Failed to send telemetry event ClientStartEvent: capture() takes 1 positional argument but 3 were given", "module": "posthog", "function": "_direct_capture", "line": 59}
{"timestamp": "2025-08-04T03:24:46.963666", "level": "ERROR", "logger": "chromadb.telemetry.product.posthog", "message": "Failed to send telemetry event ClientStartEvent: capture() takes 1 positional argument but 3 were given", "module": "posthog", "function": "_direct_capture", "line": 59}
{"timestamp": "2025-08-04T03:24:46.966121", "level": "ERROR", "logger": "chromadb.telemetry.product.posthog", "message": "Failed to send telemetry event ClientStartEvent: capture() takes 1 positional argument but 3 were given", "module": "posthog", "function": "_direct_capture", "line": 59}
{"timestamp": "2025-08-04T03:24:46.967053", "level": "ERROR", "logger": "chromadb.telemetry.product.posthog", "message": "Failed to send telemetry event ClientCreateCollectionEvent: capture() takes 1 positional argument but 3 were given", "module": "posthog", "function": "_direct_capture", "line": 59}
{"timestamp": "2025-08-04T03:24:46.967474", "level": "ERROR", "logger": "chromadb.telemetry.product.posthog", "message": "Failed to send telemetry event ClientCreateCollectionEvent: capture() takes 1 positional argument but 3 were given", "module": "posthog", "function": "_direct_capture", "line": 59}
{"timestamp": "2025-08-04T03:24:46.968932", "level": "ERROR", "logger": "chromadb.telemetry.product.posthog", "message": "Failed to send telemetry event ClientCreateCollectionEvent: capture() takes 1 positional argument but 3 were given", "module": "posthog", "function": "_direct_capture", "line": 59}
{"timestamp": "2025-08-04T03:24:46.970951", "level": "ERROR", "logger": "chromadb.telemetry.product.posthog", "message": "Failed to send telemetry event ClientCreateCollectionEvent: capture() takes 1 positional argument but 3 were given", "module": "posthog", "function": "_direct_capture", "line": 59}
{"timestamp": "2025-08-04T03:25:30.627986", "level": "INFO", "logger": "app.api.routes_document", "message": "Setting document selection for conversation 3, user 1", "module": "routes_document", "function": "select_documents_for_conversation", "line": 252}
{"timestamp": "2025-08-04T03:25:30.630056", "level": "INFO", "logger": "app.api.routes_document", "message": "Setting document selection for conversation 3, user 1", "module": "routes_document", "function": "select_documents_for_conversation", "line": 252}
{"timestamp": "2025-08-04T03:25:30.630774", "level": "INFO", "logger": "app.api.routes_document", "message": "Selected document IDs: [13]", "module": "routes_document", "function": "select_documents_for_conversation", "line": 253}
{"timestamp": "2025-08-04T03:25:30.631115", "level": "INFO", "logger": "app.api.routes_document", "message": "Selected document IDs: [13]", "module": "routes_document", "function": "select_documents_for_conversation", "line": 253}
{"timestamp": "2025-08-04T03:25:30.648302", "level": "INFO", "logger": "app.api.routes_document", "message": "Successfully saved 1 document selections for conversation 3", "module": "routes_document", "function": "select_documents_for_conversation", "line": 286}
{"timestamp": "2025-08-04T03:25:30.648570", "level": "INFO", "logger": "app.api.routes_document", "message": "Successfully saved 1 document selections for conversation 3", "module": "routes_document", "function": "select_documents_for_conversation", "line": 286}
{"timestamp": "2025-08-04T03:25:31.965594", "level": "INFO", "logger": "app.services.ollama", "message": "Building langchain agent for conversation 3, user 1, needs_context=True", "module": "ollama", "function": "build_langchain_agent", "line": 22}
{"timestamp": "2025-08-04T03:25:31.965951", "level": "INFO", "logger": "app.services.ollama", "message": "Building langchain agent for conversation 3, user 1, needs_context=True", "module": "ollama", "function": "build_langchain_agent", "line": 22}
{"timestamp": "2025-08-04T03:25:31.974930", "level": "INFO", "logger": "app.services.ollama", "message": "Selected document IDs: [13]", "module": "ollama", "function": "build_langchain_agent", "line": 35}
{"timestamp": "2025-08-04T03:25:31.975430", "level": "INFO", "logger": "app.services.ollama", "message": "Selected document IDs: [13]", "module": "ollama", "function": "build_langchain_agent", "line": 35}
{"timestamp": "2025-08-04T03:25:31.976350", "level": "INFO", "logger": "app.services.ollama", "message": "Retrieving chunks for 1 selected documents", "module": "ollama", "function": "build_langchain_agent", "line": 42}
{"timestamp": "2025-08-04T03:25:31.977094", "level": "INFO", "logger": "app.services.ollama", "message": "Retrieving chunks for 1 selected documents", "module": "ollama", "function": "build_langchain_agent", "line": 42}
{"timestamp": "2025-08-04T03:25:31.982136", "level": "INFO", "logger": "root", "message": "Using OllamaEmbeddings with base URL: http://host.docker.internal:11434", "module": "embeddings", "function": "get_embedding_function", "line": 14}
{"timestamp": "2025-08-04T03:25:31.986971", "level": "INFO", "logger": "chromadb.telemetry.product.posthog", "message": "Anonymized telemetry enabled. See                     https://docs.trychroma.com/telemetry for more information.", "module": "posthog", "function": "__init__", "line": 20}
{"timestamp": "2025-08-04T03:25:31.994501", "level": "ERROR", "logger": "chromadb.telemetry.product.posthog", "message": "Failed to send telemetry event ClientStartEvent: capture() takes 1 positional argument but 3 were given", "module": "posthog", "function": "_direct_capture", "line": 59}
{"timestamp": "2025-08-04T03:25:31.997266", "level": "ERROR", "logger": "chromadb.telemetry.product.posthog", "message": "Failed to send telemetry event ClientCreateCollectionEvent: capture() takes 1 positional argument but 3 were given", "module": "posthog", "function": "_direct_capture", "line": 59}
{"timestamp": "2025-08-04T03:25:31.998564", "level": "INFO", "logger": "app.services.document_ingest", "message": "Retrieving 8 chunks for query: 'tell me about the experiences, what have been done during the internships at spendsy and career hack...', search_type: advanced_ensemble", "module": "document_ingest", "function": "retrieve_relevant_chunks", "line": 256}
{"timestamp": "2025-08-04T03:25:32.103500", "level": "ERROR", "logger": "chromadb.telemetry.product.posthog", "message": "Failed to send telemetry event CollectionQueryEvent: capture() takes 1 positional argument but 3 were given", "module": "posthog", "function": "_direct_capture", "line": 59}
{"timestamp": "2025-08-04T03:25:32.183517", "level": "INFO", "logger": "app.services.document_ingest", "message": "Retrieved 5 chunks", "module": "document_ingest", "function": "_log_search_results", "line": 359}
{"timestamp": "2025-08-04T03:25:32.186949", "level": "INFO", "logger": "app.services.document_ingest", "message": "Document IDs: [13, 13, 13, 13, 13]", "module": "document_ingest", "function": "_log_search_results", "line": 366}
{"timestamp": "2025-08-04T03:25:32.187889", "level": "INFO", "logger": "app.services.document_ingest", "message": "Sources: ['57239806_Baktybekov20Talgat_CV_1_2b1b4287.pdf', '57239806_Baktybekov20Talgat_CV_1_2b1b4287.pdf', '57239806_Baktybekov20Talgat_CV_1_2b1b4287.pdf', '57239806_Baktybekov20Talgat_CV_1_2b1b4287.pdf', '57239806_Baktybekov20Talgat_CV_1_2b1b4287.pdf']", "module": "document_ingest", "function": "_log_search_results", "line": 368}
{"timestamp": "2025-08-04T03:25:32.188568", "level": "INFO", "logger": "app.services.document_ingest", "message": "Chunk 1: Career Hackers (Hong Kong) \u2013Optimized post advertisement expenditures by analyzing company Instagram...", "module": "document_ingest", "function": "_log_search_results", "line": 373}
{"timestamp": "2025-08-04T03:25:32.189240", "level": "INFO", "logger": "app.services.document_ingest", "message": "Chunk 2: \u2013Demonstrated proficiency in Python, data preprocessing, exploratory data analysis, data visu- aliza...", "module": "document_ingest", "function": "_log_search_results", "line": 373}
{"timestamp": "2025-08-04T03:25:32.190864", "level": "INFO", "logger": "app.services.ollama", "message": "Total context length: 1389 characters", "module": "ollama", "function": "build_langchain_agent", "line": 75}
{"timestamp": "2025-08-04T03:25:32.218297", "level": "WARNING", "logger": "langchain_core.tracers.base", "message": "Parent run 6e4405a9-13f6-4d05-bb67-d3be450fab67 not found for run 7953854b-df78-41e5-9af9-c806ecb6fd2f. Treating as a root run.", "module": "base", "function": "_start_trace", "line": 113}
{"timestamp": "2025-08-04T03:25:36.750450", "level": "WARNING", "logger": "langchain_core.callbacks.manager", "message": "Error in RootListenersTracer.on_chain_end callback: AttributeError(\"'SimpleChatHistory' object has no attribute 'add_messages'\")", "module": "manager", "function": "handle_event", "line": 282}
{"timestamp": "2025-08-04T03:25:36.829938", "level": "INFO", "logger": "app.api.routes_chat", "message": "Creating reference mapping for 5 chunks", "module": "routes_chat", "function": "ask", "line": 294}
{"timestamp": "2025-08-04T03:37:17.577085", "level": "INFO", "logger": "root", "message": "Starting application", "module": "main", "function": "<module>", "line": 14}
{"timestamp": "2025-08-04T03:49:44.634994", "level": "INFO", "logger": "root", "message": "Starting application", "module": "main", "function": "<module>", "line": 14}
{"timestamp": "2025-08-04T03:52:38.377586", "level": "INFO", "logger": "root", "message": "Starting application", "module": "main", "function": "<module>", "line": 14}
{"timestamp": "2025-08-04T04:13:14.508929", "level": "INFO", "logger": "root", "message": "Starting application", "module": "main", "function": "<module>", "line": 14}
{"timestamp": "2025-08-04T04:13:29.111230", "level": "INFO", "logger": "app.api.routes_document", "message": "PDF request received - Raw filename: '57239806_Baktybekov20Talgat_CV_1_2b1b4287.pdf'", "module": "routes_document", "function": "serve_pdf", "line": 360}
{"timestamp": "2025-08-04T04:13:29.111570", "level": "INFO", "logger": "app.api.routes_document", "message": "PDF request - Decoded: '57239806_Baktybekov20Talgat_CV_1_2b1b4287.pdf', Clean: '57239806_Baktybekov20Talgat_CV_1_2b1b4287.pdf'", "module": "routes_document", "function": "serve_pdf", "line": 367}
{"timestamp": "2025-08-04T04:13:29.111787", "level": "INFO", "logger": "app.api.routes_document", "message": "PDF request - Looking for file at: '/data/user_documents/1/57239806_Baktybekov20Talgat_CV_1_2b1b4287.pdf'", "module": "routes_document", "function": "serve_pdf", "line": 375}
{"timestamp": "2025-08-04T04:13:29.112110", "level": "INFO", "logger": "app.api.routes_document", "message": "PDF request - File exists: False", "module": "routes_document", "function": "serve_pdf", "line": 376}
{"timestamp": "2025-08-04T04:13:29.112331", "level": "ERROR", "logger": "app.api.routes_document", "message": "PDF request - File not found: '/data/user_documents/1/57239806_Baktybekov20Talgat_CV_1_2b1b4287.pdf'", "module": "routes_document", "function": "serve_pdf", "line": 383}
{"timestamp": "2025-08-04T04:13:29.113566", "level": "ERROR", "logger": "app.api.routes_document", "message": "PDF request - User directory does not exist: '/data/user_documents/1'", "module": "routes_document", "function": "serve_pdf", "line": 390}
{"timestamp": "2025-08-04T04:14:38.960055", "level": "INFO", "logger": "app.api.routes_document", "message": "Successfully uploaded file: ProposalandAdvisory_1_0a0d450e.pdf", "module": "routes_document", "function": "upload_user_documents", "line": 155}
{"timestamp": "2025-08-04T04:14:39.274278", "level": "INFO", "logger": "app.services.document_ingest", "message": "Loaded 4 pages from ProposalandAdvisory_1_0a0d450e.pdf", "module": "document_ingest", "function": "load_documents_from_pdfs", "line": 75}
{"timestamp": "2025-08-04T04:14:39.275986", "level": "INFO", "logger": "app.services.document_ingest", "message": "Loaded 4 pages from ProposalandAdvisory_1_0a0d450e.pdf", "module": "document_ingest", "function": "load_documents_from_pdfs", "line": 75}
{"timestamp": "2025-08-04T04:14:39.277657", "level": "INFO", "logger": "app.services.document_ingest", "message": "Split 4 documents into 51 chunks with size=250, overlap=50", "module": "document_ingest", "function": "chunk_documents", "line": 141}
{"timestamp": "2025-08-04T04:14:39.278081", "level": "INFO", "logger": "app.services.document_ingest", "message": "Split 4 documents into 51 chunks with size=250, overlap=50", "module": "document_ingest", "function": "chunk_documents", "line": 141}
{"timestamp": "2025-08-04T04:14:39.278811", "level": "INFO", "logger": "root", "message": "Using OllamaEmbeddings with base URL: http://host.docker.internal:11434", "module": "embeddings", "function": "get_embedding_function", "line": 14}
{"timestamp": "2025-08-04T04:14:39.279246", "level": "INFO", "logger": "root", "message": "Using OllamaEmbeddings with base URL: http://host.docker.internal:11434", "module": "embeddings", "function": "get_embedding_function", "line": 14}
{"timestamp": "2025-08-04T04:14:39.279302", "level": "INFO", "logger": "root", "message": "Using OllamaEmbeddings with base URL: http://host.docker.internal:11434", "module": "embeddings", "function": "get_embedding_function", "line": 14}
{"timestamp": "2025-08-04T04:14:39.294428", "level": "INFO", "logger": "root", "message": "Using OllamaEmbeddings with base URL: http://host.docker.internal:11434", "module": "embeddings", "function": "get_embedding_function", "line": 14}
{"timestamp": "2025-08-04T04:14:39.485662", "level": "INFO", "logger": "chromadb.telemetry.product.posthog", "message": "Anonymized telemetry enabled. See                     https://docs.trychroma.com/telemetry for more information.", "module": "posthog", "function": "__init__", "line": 20}
{"timestamp": "2025-08-04T04:14:39.485835", "level": "INFO", "logger": "chromadb.telemetry.product.posthog", "message": "Anonymized telemetry enabled. See                     https://docs.trychroma.com/telemetry for more information.", "module": "posthog", "function": "__init__", "line": 20}
{"timestamp": "2025-08-04T04:14:39.550064", "level": "ERROR", "logger": "chromadb.telemetry.product.posthog", "message": "Failed to send telemetry event ClientStartEvent: capture() takes 1 positional argument but 3 were given", "module": "posthog", "function": "_direct_capture", "line": 59}
{"timestamp": "2025-08-04T04:14:39.550207", "level": "ERROR", "logger": "chromadb.telemetry.product.posthog", "message": "Failed to send telemetry event ClientStartEvent: capture() takes 1 positional argument but 3 were given", "module": "posthog", "function": "_direct_capture", "line": 59}
{"timestamp": "2025-08-04T04:14:39.559036", "level": "ERROR", "logger": "chromadb.telemetry.product.posthog", "message": "Failed to send telemetry event ClientCreateCollectionEvent: capture() takes 1 positional argument but 3 were given", "module": "posthog", "function": "_direct_capture", "line": 59}
{"timestamp": "2025-08-04T04:14:39.559286", "level": "ERROR", "logger": "chromadb.telemetry.product.posthog", "message": "Failed to send telemetry event ClientCreateCollectionEvent: capture() takes 1 positional argument but 3 were given", "module": "posthog", "function": "_direct_capture", "line": 59}
{"timestamp": "2025-08-04T04:14:39.573428", "level": "ERROR", "logger": "chromadb.telemetry.product.posthog", "message": "Failed to send telemetry event ClientStartEvent: capture() takes 1 positional argument but 3 were given", "module": "posthog", "function": "_direct_capture", "line": 59}
{"timestamp": "2025-08-04T04:14:39.573670", "level": "ERROR", "logger": "chromadb.telemetry.product.posthog", "message": "Failed to send telemetry event ClientStartEvent: capture() takes 1 positional argument but 3 were given", "module": "posthog", "function": "_direct_capture", "line": 59}
{"timestamp": "2025-08-04T04:14:39.574870", "level": "ERROR", "logger": "chromadb.telemetry.product.posthog", "message": "Failed to send telemetry event ClientCreateCollectionEvent: capture() takes 1 positional argument but 3 were given", "module": "posthog", "function": "_direct_capture", "line": 59}
{"timestamp": "2025-08-04T04:14:39.574982", "level": "ERROR", "logger": "chromadb.telemetry.product.posthog", "message": "Failed to send telemetry event ClientCreateCollectionEvent: capture() takes 1 positional argument but 3 were given", "module": "posthog", "function": "_direct_capture", "line": 59}
{"timestamp": "2025-08-04T04:15:00.298348", "level": "INFO", "logger": "app.api.routes_document", "message": "Setting document selection for conversation 3, user 1", "module": "routes_document", "function": "select_documents_for_conversation", "line": 252}
{"timestamp": "2025-08-04T04:15:00.301117", "level": "INFO", "logger": "app.api.routes_document", "message": "Setting document selection for conversation 3, user 1", "module": "routes_document", "function": "select_documents_for_conversation", "line": 252}
{"timestamp": "2025-08-04T04:15:00.301450", "level": "INFO", "logger": "app.api.routes_document", "message": "Selected document IDs: [14]", "module": "routes_document", "function": "select_documents_for_conversation", "line": 253}
{"timestamp": "2025-08-04T04:15:00.301636", "level": "INFO", "logger": "app.api.routes_document", "message": "Selected document IDs: [14]", "module": "routes_document", "function": "select_documents_for_conversation", "line": 253}
{"timestamp": "2025-08-04T04:15:00.309689", "level": "INFO", "logger": "app.api.routes_document", "message": "Successfully saved 1 document selections for conversation 3", "module": "routes_document", "function": "select_documents_for_conversation", "line": 286}
{"timestamp": "2025-08-04T04:15:00.310032", "level": "INFO", "logger": "app.api.routes_document", "message": "Successfully saved 1 document selections for conversation 3", "module": "routes_document", "function": "select_documents_for_conversation", "line": 286}
{"timestamp": "2025-08-04T04:15:12.806078", "level": "INFO", "logger": "app.api.routes_document", "message": "Setting document selection for conversation 4, user 1", "module": "routes_document", "function": "select_documents_for_conversation", "line": 252}
{"timestamp": "2025-08-04T04:15:12.806351", "level": "INFO", "logger": "app.api.routes_document", "message": "Setting document selection for conversation 4, user 1", "module": "routes_document", "function": "select_documents_for_conversation", "line": 252}
{"timestamp": "2025-08-04T04:15:12.806609", "level": "INFO", "logger": "app.api.routes_document", "message": "Selected document IDs: [14]", "module": "routes_document", "function": "select_documents_for_conversation", "line": 253}
{"timestamp": "2025-08-04T04:15:12.806870", "level": "INFO", "logger": "app.api.routes_document", "message": "Selected document IDs: [14]", "module": "routes_document", "function": "select_documents_for_conversation", "line": 253}
{"timestamp": "2025-08-04T04:15:12.810065", "level": "INFO", "logger": "app.api.routes_document", "message": "Successfully saved 1 document selections for conversation 4", "module": "routes_document", "function": "select_documents_for_conversation", "line": 286}
{"timestamp": "2025-08-04T04:15:12.810350", "level": "INFO", "logger": "app.api.routes_document", "message": "Successfully saved 1 document selections for conversation 4", "module": "routes_document", "function": "select_documents_for_conversation", "line": 286}
{"timestamp": "2025-08-04T04:15:17.538669", "level": "INFO", "logger": "app.services.ollama", "message": "Building langchain agent for conversation 4, user 1, needs_context=True", "module": "ollama", "function": "build_langchain_agent", "line": 22}
{"timestamp": "2025-08-04T04:15:17.539277", "level": "INFO", "logger": "app.services.ollama", "message": "Building langchain agent for conversation 4, user 1, needs_context=True", "module": "ollama", "function": "build_langchain_agent", "line": 22}
{"timestamp": "2025-08-04T04:15:17.557973", "level": "INFO", "logger": "app.services.ollama", "message": "Selected document IDs: [14]", "module": "ollama", "function": "build_langchain_agent", "line": 35}
{"timestamp": "2025-08-04T04:15:17.558276", "level": "INFO", "logger": "app.services.ollama", "message": "Selected document IDs: [14]", "module": "ollama", "function": "build_langchain_agent", "line": 35}
{"timestamp": "2025-08-04T04:15:17.558586", "level": "INFO", "logger": "app.services.ollama", "message": "Retrieving chunks for 1 selected documents", "module": "ollama", "function": "build_langchain_agent", "line": 42}
{"timestamp": "2025-08-04T04:15:17.558751", "level": "INFO", "logger": "app.services.ollama", "message": "Retrieving chunks for 1 selected documents", "module": "ollama", "function": "build_langchain_agent", "line": 42}
{"timestamp": "2025-08-04T04:15:17.567358", "level": "INFO", "logger": "root", "message": "Using OllamaEmbeddings with base URL: http://host.docker.internal:11434", "module": "embeddings", "function": "get_embedding_function", "line": 14}
{"timestamp": "2025-08-04T04:15:17.572827", "level": "INFO", "logger": "chromadb.telemetry.product.posthog", "message": "Anonymized telemetry enabled. See                     https://docs.trychroma.com/telemetry for more information.", "module": "posthog", "function": "__init__", "line": 20}
{"timestamp": "2025-08-04T04:15:17.583098", "level": "ERROR", "logger": "chromadb.telemetry.product.posthog", "message": "Failed to send telemetry event ClientStartEvent: capture() takes 1 positional argument but 3 were given", "module": "posthog", "function": "_direct_capture", "line": 59}
{"timestamp": "2025-08-04T04:15:17.587385", "level": "ERROR", "logger": "chromadb.telemetry.product.posthog", "message": "Failed to send telemetry event ClientCreateCollectionEvent: capture() takes 1 positional argument but 3 were given", "module": "posthog", "function": "_direct_capture", "line": 59}
{"timestamp": "2025-08-04T04:15:17.588536", "level": "INFO", "logger": "app.services.document_ingest", "message": "Retrieving 8 chunks for query: 'tell me what is the proposed bot development timeline and features...', search_type: advanced_ensemble", "module": "document_ingest", "function": "retrieve_relevant_chunks", "line": 256}
{"timestamp": "2025-08-04T04:15:17.725957", "level": "ERROR", "logger": "chromadb.telemetry.product.posthog", "message": "Failed to send telemetry event CollectionQueryEvent: capture() takes 1 positional argument but 3 were given", "module": "posthog", "function": "_direct_capture", "line": 59}
{"timestamp": "2025-08-04T04:15:17.786737", "level": "INFO", "logger": "app.services.document_ingest", "message": "Retrieved 6 chunks", "module": "document_ingest", "function": "_log_search_results", "line": 359}
{"timestamp": "2025-08-04T04:15:17.787642", "level": "INFO", "logger": "app.services.document_ingest", "message": "Document IDs: [14, 14, 14, 14, 14, 14]", "module": "document_ingest", "function": "_log_search_results", "line": 366}
{"timestamp": "2025-08-04T04:15:17.788318", "level": "INFO", "logger": "app.services.document_ingest", "message": "Sources: ['ProposalandAdvisory_1_0a0d450e.pdf', 'ProposalandAdvisory_1_0a0d450e.pdf', 'ProposalandAdvisory_1_0a0d450e.pdf', 'ProposalandAdvisory_1_0a0d450e.pdf', 'ProposalandAdvisory_1_0a0d450e.pdf', 'ProposalandAdvisory_1_0a0d450e.pdf']", "module": "document_ingest", "function": "_log_search_results", "line": 368}
{"timestamp": "2025-08-04T04:15:17.789590", "level": "INFO", "logger": "app.services.document_ingest", "message": "Chunk 1: \u25cb   Bot   Development :   I   could   explore   a   Python-based   backend,   possibly   using   AWS...", "module": "document_ingest", "function": "_log_search_results", "line": 373}
{"timestamp": "2025-08-04T04:15:17.790482", "level": "INFO", "logger": "app.services.document_ingest", "message": "Chunk 2: in   chats   or   channels.   \u25cf     Custom   Alternative :   If   BotPress\u2019 s   preprocessing   or  ...", "module": "document_ingest", "function": "_log_search_results", "line": 373}
{"timestamp": "2025-08-04T04:15:17.791278", "level": "INFO", "logger": "app.services.ollama", "message": "Total context length: 1788 characters", "module": "ollama", "function": "build_langchain_agent", "line": 75}
{"timestamp": "2025-08-04T04:15:17.823112", "level": "WARNING", "logger": "langchain_core.tracers.base", "message": "Parent run 4d620072-40dd-4c35-b444-296985480e97 not found for run 5a7ffb28-bfae-4557-956e-038cf9bb381b. Treating as a root run.", "module": "base", "function": "_start_trace", "line": 113}
{"timestamp": "2025-08-04T04:15:23.590709", "level": "WARNING", "logger": "langchain_core.callbacks.manager", "message": "Error in RootListenersTracer.on_chain_end callback: AttributeError(\"'SimpleChatHistory' object has no attribute 'add_messages'\")", "module": "manager", "function": "handle_event", "line": 282}
{"timestamp": "2025-08-04T04:15:23.700425", "level": "INFO", "logger": "app.api.routes_chat", "message": "Creating reference mapping for 6 chunks", "module": "routes_chat", "function": "ask", "line": 294}
{"timestamp": "2025-08-04T04:15:32.589776", "level": "INFO", "logger": "app.api.routes_document", "message": "PDF request received - Raw filename: 'ProposalandAdvisory_1_0a0d450e.pdf'", "module": "routes_document", "function": "serve_pdf", "line": 360}
{"timestamp": "2025-08-04T04:15:32.590244", "level": "INFO", "logger": "app.api.routes_document", "message": "PDF request - Decoded: 'ProposalandAdvisory_1_0a0d450e.pdf', Clean: 'ProposalandAdvisory_1_0a0d450e.pdf'", "module": "routes_document", "function": "serve_pdf", "line": 367}
{"timestamp": "2025-08-04T04:15:32.590580", "level": "INFO", "logger": "app.api.routes_document", "message": "PDF request - Looking for file at: '/data/user_documents/1/ProposalandAdvisory_1_0a0d450e.pdf'", "module": "routes_document", "function": "serve_pdf", "line": 375}
{"timestamp": "2025-08-04T04:15:32.591137", "level": "INFO", "logger": "app.api.routes_document", "message": "PDF request - File exists: True", "module": "routes_document", "function": "serve_pdf", "line": 376}
{"timestamp": "2025-08-04T04:15:32.591474", "level": "INFO", "logger": "app.api.routes_document", "message": "PDF request - Serving file: '/data/user_documents/1/ProposalandAdvisory_1_0a0d450e.pdf'", "module": "routes_document", "function": "serve_pdf", "line": 381}
{"timestamp": "2025-08-04T07:35:34.792255", "level": "INFO", "logger": "root", "message": "Starting application", "module": "main", "function": "<module>", "line": 14}
{"timestamp": "2025-08-04T07:36:10.954835", "level": "INFO", "logger": "app.api.routes_document", "message": "Starting synchronous ingestion for document 15: EOEN-5006733-22 The Government of the Hong Kong.pdf", "module": "routes_document", "function": "upload_user_documents", "line": 144}
{"timestamp": "2025-08-04T07:36:11.072143", "level": "INFO", "logger": "app.services.document_ingest", "message": "Loaded 2 pages from EOEN-5006733-22TheGovernmentoftheHongKong_1_429c891d.pdf", "module": "document_ingest", "function": "load_documents_from_pdfs", "line": 75}
{"timestamp": "2025-08-04T07:36:11.073055", "level": "INFO", "logger": "app.services.document_ingest", "message": "Split 2 documents into 19 chunks with size=250, overlap=50", "module": "document_ingest", "function": "chunk_documents", "line": 141}
{"timestamp": "2025-08-04T07:36:11.075139", "level": "INFO", "logger": "root", "message": "Using OllamaEmbeddings with base URL: http://host.docker.internal:11434", "module": "embeddings", "function": "get_embedding_function", "line": 14}
{"timestamp": "2025-08-04T07:36:11.411536", "level": "INFO", "logger": "chromadb.telemetry.product.posthog", "message": "Anonymized telemetry enabled. See                     https://docs.trychroma.com/telemetry for more information.", "module": "posthog", "function": "__init__", "line": 20}
{"timestamp": "2025-08-04T07:36:11.512147", "level": "ERROR", "logger": "chromadb.telemetry.product.posthog", "message": "Failed to send telemetry event ClientStartEvent: capture() takes 1 positional argument but 3 were given", "module": "posthog", "function": "_direct_capture", "line": 59}
{"timestamp": "2025-08-04T07:36:11.521418", "level": "ERROR", "logger": "chromadb.telemetry.product.posthog", "message": "Failed to send telemetry event ClientCreateCollectionEvent: capture() takes 1 positional argument but 3 were given", "module": "posthog", "function": "_direct_capture", "line": 59}
{"timestamp": "2025-08-04T07:36:13.155962", "level": "INFO", "logger": "app.api.routes_document", "message": "Successfully ingested document 15: EOEN-5006733-22 The Government of the Hong Kong.pdf", "module": "routes_document", "function": "upload_user_documents", "line": 158}
{"timestamp": "2025-08-04T07:36:13.157189", "level": "INFO", "logger": "app.api.routes_document", "message": "Successfully uploaded file: EOEN-5006733-22TheGovernmentoftheHongKong_1_429c891d.pdf", "module": "routes_document", "function": "upload_user_documents", "line": 168}
{"timestamp": "2025-08-04T07:36:32.876004", "level": "INFO", "logger": "app.api.routes_document", "message": "Starting synchronous ingestion for document 16: Int J Network Mgmt - 2023 - Agarwal - Blockchain and crypto forensics  Investigating crypto frauds.pdf", "module": "routes_document", "function": "upload_user_documents", "line": 144}
{"timestamp": "2025-08-04T07:36:33.157893", "level": "INFO", "logger": "app.services.document_ingest", "message": "Loaded 32 pages from IntJNetworkMgmt-2023-Agarwal-Blockchainandcryptofo_1_1cc4ca7b.pdf", "module": "document_ingest", "function": "load_documents_from_pdfs", "line": 75}
{"timestamp": "2025-08-04T07:36:33.163457", "level": "INFO", "logger": "app.services.document_ingest", "message": "Split 32 documents into 694 chunks with size=250, overlap=50", "module": "document_ingest", "function": "chunk_documents", "line": 141}
{"timestamp": "2025-08-04T07:36:33.166157", "level": "INFO", "logger": "root", "message": "Using OllamaEmbeddings with base URL: http://host.docker.internal:11434", "module": "embeddings", "function": "get_embedding_function", "line": 14}
{"timestamp": "2025-08-04T07:36:33.169284", "level": "INFO", "logger": "chromadb.telemetry.product.posthog", "message": "Anonymized telemetry enabled. See                     https://docs.trychroma.com/telemetry for more information.", "module": "posthog", "function": "__init__", "line": 20}
{"timestamp": "2025-08-04T07:36:33.173631", "level": "ERROR", "logger": "chromadb.telemetry.product.posthog", "message": "Failed to send telemetry event ClientStartEvent: capture() takes 1 positional argument but 3 were given", "module": "posthog", "function": "_direct_capture", "line": 59}
{"timestamp": "2025-08-04T07:36:33.175071", "level": "ERROR", "logger": "chromadb.telemetry.product.posthog", "message": "Failed to send telemetry event ClientCreateCollectionEvent: capture() takes 1 positional argument but 3 were given", "module": "posthog", "function": "_direct_capture", "line": 59}
{"timestamp": "2025-08-04T07:37:03.177305", "level": "INFO", "logger": "app.api.routes_document", "message": "Successfully ingested document 16: Int J Network Mgmt - 2023 - Agarwal - Blockchain and crypto forensics  Investigating crypto frauds.pdf", "module": "routes_document", "function": "upload_user_documents", "line": 158}
{"timestamp": "2025-08-04T07:37:03.178555", "level": "INFO", "logger": "app.api.routes_document", "message": "Successfully uploaded file: IntJNetworkMgmt-2023-Agarwal-Blockchainandcryptofo_1_1cc4ca7b.pdf", "module": "routes_document", "function": "upload_user_documents", "line": 168}
{"timestamp": "2025-08-04T07:40:20.918596", "level": "INFO", "logger": "app.api.routes_document", "message": "Starting synchronous ingestion for document 17: Knowledge Base Sample Data.pdf", "module": "routes_document", "function": "upload_user_documents", "line": 144}
{"timestamp": "2025-08-04T07:40:21.348703", "level": "INFO", "logger": "app.services.document_ingest", "message": "Loaded 53 pages from KnowledgeBaseSampleData_1_28aeb6b2.pdf", "module": "document_ingest", "function": "load_documents_from_pdfs", "line": 75}
{"timestamp": "2025-08-04T07:40:21.351412", "level": "INFO", "logger": "app.services.document_ingest", "message": "Split 53 documents into 264 chunks with size=250, overlap=50", "module": "document_ingest", "function": "chunk_documents", "line": 141}
{"timestamp": "2025-08-04T07:40:21.352606", "level": "INFO", "logger": "root", "message": "Using OllamaEmbeddings with base URL: http://host.docker.internal:11434", "module": "embeddings", "function": "get_embedding_function", "line": 14}
{"timestamp": "2025-08-04T07:40:21.353953", "level": "INFO", "logger": "chromadb.telemetry.product.posthog", "message": "Anonymized telemetry enabled. See                     https://docs.trychroma.com/telemetry for more information.", "module": "posthog", "function": "__init__", "line": 20}
{"timestamp": "2025-08-04T07:40:21.356310", "level": "ERROR", "logger": "chromadb.telemetry.product.posthog", "message": "Failed to send telemetry event ClientStartEvent: capture() takes 1 positional argument but 3 were given", "module": "posthog", "function": "_direct_capture", "line": 59}
{"timestamp": "2025-08-04T07:40:21.357553", "level": "ERROR", "logger": "chromadb.telemetry.product.posthog", "message": "Failed to send telemetry event ClientCreateCollectionEvent: capture() takes 1 positional argument but 3 were given", "module": "posthog", "function": "_direct_capture", "line": 59}
{"timestamp": "2025-08-04T07:40:32.716212", "level": "INFO", "logger": "app.api.routes_document", "message": "Successfully ingested document 17: Knowledge Base Sample Data.pdf", "module": "routes_document", "function": "upload_user_documents", "line": 158}
{"timestamp": "2025-08-04T07:40:32.717621", "level": "INFO", "logger": "app.api.routes_document", "message": "Successfully uploaded file: KnowledgeBaseSampleData_1_28aeb6b2.pdf", "module": "routes_document", "function": "upload_user_documents", "line": 168}
{"timestamp": "2025-08-04T07:43:14.377194", "level": "INFO", "logger": "root", "message": "Starting application", "module": "main", "function": "<module>", "line": 14}
{"timestamp": "2025-08-04T07:43:27.061800", "level": "INFO", "logger": "app.api.routes_document", "message": "Starting synchronous ingestion for document 18: Knowledge Base Sample Data.pdf", "module": "routes_document", "function": "upload_user_documents", "line": 144}
{"timestamp": "2025-08-04T07:43:27.465126", "level": "INFO", "logger": "app.services.document_ingest", "message": "Loaded 53 pages from KnowledgeBaseSampleData_1_28aeb6b2.pdf", "module": "document_ingest", "function": "load_documents_from_pdfs", "line": 75}
{"timestamp": "2025-08-04T07:43:27.467881", "level": "INFO", "logger": "app.services.document_ingest", "message": "Split 53 documents into 264 chunks with size=250, overlap=50", "module": "document_ingest", "function": "chunk_documents", "line": 141}
{"timestamp": "2025-08-04T07:43:27.468800", "level": "INFO", "logger": "root", "message": "Using OllamaEmbeddings with base URL: http://host.docker.internal:11434", "module": "embeddings", "function": "get_embedding_function", "line": 14}
{"timestamp": "2025-08-04T07:43:27.611949", "level": "INFO", "logger": "chromadb.telemetry.product.posthog", "message": "Anonymized telemetry enabled. See                     https://docs.trychroma.com/telemetry for more information.", "module": "posthog", "function": "__init__", "line": 20}
{"timestamp": "2025-08-04T07:43:27.732136", "level": "ERROR", "logger": "chromadb.telemetry.product.posthog", "message": "Failed to send telemetry event ClientStartEvent: capture() takes 1 positional argument but 3 were given", "module": "posthog", "function": "_direct_capture", "line": 59}
{"timestamp": "2025-08-04T07:43:27.740525", "level": "ERROR", "logger": "chromadb.telemetry.product.posthog", "message": "Failed to send telemetry event ClientCreateCollectionEvent: capture() takes 1 positional argument but 3 were given", "module": "posthog", "function": "_direct_capture", "line": 59}
{"timestamp": "2025-08-04T07:43:39.241153", "level": "INFO", "logger": "app.api.routes_document", "message": "Successfully ingested document 18: Knowledge Base Sample Data.pdf", "module": "routes_document", "function": "upload_user_documents", "line": 158}
{"timestamp": "2025-08-04T07:43:39.242550", "level": "INFO", "logger": "app.api.routes_document", "message": "Successfully uploaded file: KnowledgeBaseSampleData_1_28aeb6b2.pdf", "module": "routes_document", "function": "upload_user_documents", "line": 168}
{"timestamp": "2025-08-04T07:43:57.505101", "level": "INFO", "logger": "app.api.routes_document", "message": "Setting document selection for conversation 5, user 1", "module": "routes_document", "function": "select_documents_for_conversation", "line": 265}
{"timestamp": "2025-08-04T07:43:57.505570", "level": "INFO", "logger": "app.api.routes_document", "message": "Selected document IDs: [15]", "module": "routes_document", "function": "select_documents_for_conversation", "line": 266}
{"timestamp": "2025-08-04T07:43:57.512931", "level": "INFO", "logger": "app.api.routes_document", "message": "Successfully saved 1 document selections for conversation 5", "module": "routes_document", "function": "select_documents_for_conversation", "line": 299}
{"timestamp": "2025-08-04T07:44:01.432015", "level": "INFO", "logger": "app.services.ollama", "message": "Building langchain agent for conversation 5, user 1, needs_context=True", "module": "ollama", "function": "build_langchain_agent", "line": 22}
{"timestamp": "2025-08-04T07:44:01.458554", "level": "INFO", "logger": "app.services.ollama", "message": "Selected document IDs: [15]", "module": "ollama", "function": "build_langchain_agent", "line": 35}
{"timestamp": "2025-08-04T07:44:01.459958", "level": "INFO", "logger": "app.services.ollama", "message": "Retrieving chunks for 1 selected documents", "module": "ollama", "function": "build_langchain_agent", "line": 42}
{"timestamp": "2025-08-04T07:44:01.463969", "level": "INFO", "logger": "root", "message": "Using OllamaEmbeddings with base URL: http://host.docker.internal:11434", "module": "embeddings", "function": "get_embedding_function", "line": 14}
{"timestamp": "2025-08-04T07:44:01.470053", "level": "INFO", "logger": "chromadb.telemetry.product.posthog", "message": "Anonymized telemetry enabled. See                     https://docs.trychroma.com/telemetry for more information.", "module": "posthog", "function": "__init__", "line": 20}
{"timestamp": "2025-08-04T07:44:01.481670", "level": "ERROR", "logger": "chromadb.telemetry.product.posthog", "message": "Failed to send telemetry event ClientStartEvent: capture() takes 1 positional argument but 3 were given", "module": "posthog", "function": "_direct_capture", "line": 59}
{"timestamp": "2025-08-04T07:44:01.484674", "level": "ERROR", "logger": "chromadb.telemetry.product.posthog", "message": "Failed to send telemetry event ClientCreateCollectionEvent: capture() takes 1 positional argument but 3 were given", "module": "posthog", "function": "_direct_capture", "line": 59}
{"timestamp": "2025-08-04T07:44:01.486171", "level": "INFO", "logger": "app.services.document_ingest", "message": "Retrieving 8 chunks for query: 'what are the conditions of stay at the hotel...', search_type: advanced_ensemble", "module": "document_ingest", "function": "retrieve_relevant_chunks", "line": 256}
{"timestamp": "2025-08-04T07:44:01.646884", "level": "ERROR", "logger": "chromadb.telemetry.product.posthog", "message": "Failed to send telemetry event CollectionQueryEvent: capture() takes 1 positional argument but 3 were given", "module": "posthog", "function": "_direct_capture", "line": 59}
{"timestamp": "2025-08-04T07:44:01.689153", "level": "INFO", "logger": "app.services.document_ingest", "message": "No results found", "module": "document_ingest", "function": "_log_search_results", "line": 356}
{"timestamp": "2025-08-04T07:44:01.689471", "level": "INFO", "logger": "app.services.ollama", "message": "Total context length: 0 characters", "module": "ollama", "function": "build_langchain_agent", "line": 75}
{"timestamp": "2025-08-04T07:44:01.716212", "level": "WARNING", "logger": "langchain_core.tracers.base", "message": "Parent run b301f68b-6cbd-4a8f-8ffd-57893a8aa1ba not found for run 7e584ba1-5b4e-459d-925c-d9244b63d1d5. Treating as a root run.", "module": "base", "function": "_start_trace", "line": 113}
{"timestamp": "2025-08-04T07:44:03.145430", "level": "WARNING", "logger": "langchain_core.callbacks.manager", "message": "Error in RootListenersTracer.on_chain_end callback: AttributeError(\"'SimpleChatHistory' object has no attribute 'add_messages'\")", "module": "manager", "function": "handle_event", "line": 282}
{"timestamp": "2025-08-04T07:44:44.994862", "level": "INFO", "logger": "app.services.ollama", "message": "Building langchain agent for conversation 5, user 1, needs_context=True", "module": "ollama", "function": "build_langchain_agent", "line": 22}
{"timestamp": "2025-08-04T07:44:45.013063", "level": "INFO", "logger": "app.services.ollama", "message": "Selected document IDs: [15]", "module": "ollama", "function": "build_langchain_agent", "line": 35}
{"timestamp": "2025-08-04T07:44:45.013296", "level": "INFO", "logger": "app.services.ollama", "message": "Retrieving chunks for 1 selected documents", "module": "ollama", "function": "build_langchain_agent", "line": 42}
{"timestamp": "2025-08-04T07:44:45.017127", "level": "INFO", "logger": "root", "message": "Using OllamaEmbeddings with base URL: http://host.docker.internal:11434", "module": "embeddings", "function": "get_embedding_function", "line": 14}
{"timestamp": "2025-08-04T07:44:45.021118", "level": "INFO", "logger": "chromadb.telemetry.product.posthog", "message": "Anonymized telemetry enabled. See                     https://docs.trychroma.com/telemetry for more information.", "module": "posthog", "function": "__init__", "line": 20}
{"timestamp": "2025-08-04T07:44:45.028738", "level": "ERROR", "logger": "chromadb.telemetry.product.posthog", "message": "Failed to send telemetry event ClientStartEvent: capture() takes 1 positional argument but 3 were given", "module": "posthog", "function": "_direct_capture", "line": 59}
{"timestamp": "2025-08-04T07:44:45.031866", "level": "ERROR", "logger": "chromadb.telemetry.product.posthog", "message": "Failed to send telemetry event ClientCreateCollectionEvent: capture() takes 1 positional argument but 3 were given", "module": "posthog", "function": "_direct_capture", "line": 59}
{"timestamp": "2025-08-04T07:44:45.032914", "level": "INFO", "logger": "app.services.document_ingest", "message": "Retrieving 8 chunks for query: 'can you explain the conditions of stay for a student visa?...', search_type: advanced_ensemble", "module": "document_ingest", "function": "retrieve_relevant_chunks", "line": 256}
{"timestamp": "2025-08-04T07:44:45.224508", "level": "ERROR", "logger": "chromadb.telemetry.product.posthog", "message": "Failed to send telemetry event CollectionQueryEvent: capture() takes 1 positional argument but 3 were given", "module": "posthog", "function": "_direct_capture", "line": 59}
{"timestamp": "2025-08-04T07:44:45.262676", "level": "INFO", "logger": "app.services.document_ingest", "message": "No results found", "module": "document_ingest", "function": "_log_search_results", "line": 356}
{"timestamp": "2025-08-04T07:44:45.263177", "level": "INFO", "logger": "app.services.ollama", "message": "Total context length: 0 characters", "module": "ollama", "function": "build_langchain_agent", "line": 75}
{"timestamp": "2025-08-04T07:44:45.278019", "level": "WARNING", "logger": "langchain_core.tracers.base", "message": "Parent run 070dc2f5-a654-4980-bc39-4e99c66a6b7b not found for run 0bd603f7-2cd1-4631-8af7-166901efae91. Treating as a root run.", "module": "base", "function": "_start_trace", "line": 113}
{"timestamp": "2025-08-04T07:44:50.325135", "level": "WARNING", "logger": "langchain_core.callbacks.manager", "message": "Error in RootListenersTracer.on_chain_end callback: AttributeError(\"'SimpleChatHistory' object has no attribute 'add_messages'\")", "module": "manager", "function": "handle_event", "line": 282}
{"timestamp": "2025-08-04T07:46:22.495575", "level": "INFO", "logger": "app.api.routes_document", "message": "Setting document selection for conversation 5, user 1", "module": "routes_document", "function": "select_documents_for_conversation", "line": 265}
{"timestamp": "2025-08-04T07:46:22.497859", "level": "INFO", "logger": "app.api.routes_document", "message": "Selected document IDs: [15, 14]", "module": "routes_document", "function": "select_documents_for_conversation", "line": 266}
{"timestamp": "2025-08-04T07:46:22.510356", "level": "INFO", "logger": "app.api.routes_document", "message": "Successfully saved 2 document selections for conversation 5", "module": "routes_document", "function": "select_documents_for_conversation", "line": 299}
{"timestamp": "2025-08-04T07:46:29.477622", "level": "INFO", "logger": "root", "message": "Using OllamaEmbeddings with base URL: http://host.docker.internal:11434", "module": "embeddings", "function": "get_embedding_function", "line": 14}
{"timestamp": "2025-08-04T07:46:29.482173", "level": "INFO", "logger": "chromadb.telemetry.product.posthog", "message": "Anonymized telemetry enabled. See                     https://docs.trychroma.com/telemetry for more information.", "module": "posthog", "function": "__init__", "line": 20}
{"timestamp": "2025-08-04T07:46:29.490366", "level": "ERROR", "logger": "chromadb.telemetry.product.posthog", "message": "Failed to send telemetry event ClientStartEvent: capture() takes 1 positional argument but 3 were given", "module": "posthog", "function": "_direct_capture", "line": 59}
{"timestamp": "2025-08-04T07:46:29.494876", "level": "ERROR", "logger": "chromadb.telemetry.product.posthog", "message": "Failed to send telemetry event ClientCreateCollectionEvent: capture() takes 1 positional argument but 3 were given", "module": "posthog", "function": "_direct_capture", "line": 59}
{"timestamp": "2025-08-04T07:46:29.499158", "level": "WARNING", "logger": "app.services.document_ingest", "message": "No chunks found for document_id 15 (tried both int and str formats)", "module": "document_ingest", "function": "delete_document_from_vectorstore", "line": 418}
{"timestamp": "2025-08-04T07:46:31.070544", "level": "INFO", "logger": "root", "message": "Using OllamaEmbeddings with base URL: http://host.docker.internal:11434", "module": "embeddings", "function": "get_embedding_function", "line": 14}
{"timestamp": "2025-08-04T07:46:31.091025", "level": "INFO", "logger": "chromadb.telemetry.product.posthog", "message": "Anonymized telemetry enabled. See                     https://docs.trychroma.com/telemetry for more information.", "module": "posthog", "function": "__init__", "line": 20}
{"timestamp": "2025-08-04T07:46:31.093994", "level": "ERROR", "logger": "chromadb.telemetry.product.posthog", "message": "Failed to send telemetry event ClientStartEvent: capture() takes 1 positional argument but 3 were given", "module": "posthog", "function": "_direct_capture", "line": 59}
{"timestamp": "2025-08-04T07:46:31.095794", "level": "ERROR", "logger": "chromadb.telemetry.product.posthog", "message": "Failed to send telemetry event ClientCreateCollectionEvent: capture() takes 1 positional argument but 3 were given", "module": "posthog", "function": "_direct_capture", "line": 59}
{"timestamp": "2025-08-04T07:46:31.098143", "level": "WARNING", "logger": "app.services.document_ingest", "message": "No chunks found for document_id 16 (tried both int and str formats)", "module": "document_ingest", "function": "delete_document_from_vectorstore", "line": 418}
{"timestamp": "2025-08-04T07:46:33.572792", "level": "INFO", "logger": "root", "message": "Using OllamaEmbeddings with base URL: http://host.docker.internal:11434", "module": "embeddings", "function": "get_embedding_function", "line": 14}
{"timestamp": "2025-08-04T07:46:33.577114", "level": "INFO", "logger": "chromadb.telemetry.product.posthog", "message": "Anonymized telemetry enabled. See                     https://docs.trychroma.com/telemetry for more information.", "module": "posthog", "function": "__init__", "line": 20}
{"timestamp": "2025-08-04T07:46:33.580947", "level": "ERROR", "logger": "chromadb.telemetry.product.posthog", "message": "Failed to send telemetry event ClientStartEvent: capture() takes 1 positional argument but 3 were given", "module": "posthog", "function": "_direct_capture", "line": 59}
{"timestamp": "2025-08-04T07:46:33.582966", "level": "ERROR", "logger": "chromadb.telemetry.product.posthog", "message": "Failed to send telemetry event ClientCreateCollectionEvent: capture() takes 1 positional argument but 3 were given", "module": "posthog", "function": "_direct_capture", "line": 59}
{"timestamp": "2025-08-04T07:46:33.589207", "level": "WARNING", "logger": "app.services.document_ingest", "message": "No chunks found for document_id 17 (tried both int and str formats)", "module": "document_ingest", "function": "delete_document_from_vectorstore", "line": 418}
{"timestamp": "2025-08-04T07:46:36.298021", "level": "INFO", "logger": "root", "message": "Using OllamaEmbeddings with base URL: http://host.docker.internal:11434", "module": "embeddings", "function": "get_embedding_function", "line": 14}
{"timestamp": "2025-08-04T07:46:36.301207", "level": "INFO", "logger": "chromadb.telemetry.product.posthog", "message": "Anonymized telemetry enabled. See                     https://docs.trychroma.com/telemetry for more information.", "module": "posthog", "function": "__init__", "line": 20}
{"timestamp": "2025-08-04T07:46:36.303917", "level": "ERROR", "logger": "chromadb.telemetry.product.posthog", "message": "Failed to send telemetry event ClientStartEvent: capture() takes 1 positional argument but 3 were given", "module": "posthog", "function": "_direct_capture", "line": 59}
{"timestamp": "2025-08-04T07:46:36.305450", "level": "ERROR", "logger": "chromadb.telemetry.product.posthog", "message": "Failed to send telemetry event ClientCreateCollectionEvent: capture() takes 1 positional argument but 3 were given", "module": "posthog", "function": "_direct_capture", "line": 59}
{"timestamp": "2025-08-04T07:46:36.314380", "level": "ERROR", "logger": "chromadb.telemetry.product.posthog", "message": "Failed to send telemetry event CollectionGetEvent: capture() takes 1 positional argument but 3 were given", "module": "posthog", "function": "_direct_capture", "line": 59}
{"timestamp": "2025-08-04T07:46:36.421118", "level": "ERROR", "logger": "chromadb.telemetry.product.posthog", "message": "Failed to send telemetry event CollectionDeleteEvent: capture() takes 1 positional argument but 3 were given", "module": "posthog", "function": "_direct_capture", "line": 59}
{"timestamp": "2025-08-04T07:46:36.421973", "level": "INFO", "logger": "app.services.document_ingest", "message": "Deleted 264 chunks for document_id 18", "module": "document_ingest", "function": "delete_document_from_vectorstore", "line": 415}
{"timestamp": "2025-08-04T07:46:38.753236", "level": "INFO", "logger": "root", "message": "Using OllamaEmbeddings with base URL: http://host.docker.internal:11434", "module": "embeddings", "function": "get_embedding_function", "line": 14}
{"timestamp": "2025-08-04T07:46:38.757913", "level": "INFO", "logger": "chromadb.telemetry.product.posthog", "message": "Anonymized telemetry enabled. See                     https://docs.trychroma.com/telemetry for more information.", "module": "posthog", "function": "__init__", "line": 20}
{"timestamp": "2025-08-04T07:46:38.761914", "level": "ERROR", "logger": "chromadb.telemetry.product.posthog", "message": "Failed to send telemetry event ClientStartEvent: capture() takes 1 positional argument but 3 were given", "module": "posthog", "function": "_direct_capture", "line": 59}
{"timestamp": "2025-08-04T07:46:38.763999", "level": "ERROR", "logger": "chromadb.telemetry.product.posthog", "message": "Failed to send telemetry event ClientCreateCollectionEvent: capture() takes 1 positional argument but 3 were given", "module": "posthog", "function": "_direct_capture", "line": 59}
{"timestamp": "2025-08-04T07:46:38.767367", "level": "WARNING", "logger": "app.services.document_ingest", "message": "No chunks found for document_id 13 (tried both int and str formats)", "module": "document_ingest", "function": "delete_document_from_vectorstore", "line": 418}
{"timestamp": "2025-08-04T07:46:41.163118", "level": "INFO", "logger": "app.api.routes_document", "message": "Setting document selection for conversation 5, user 1", "module": "routes_document", "function": "select_documents_for_conversation", "line": 265}
{"timestamp": "2025-08-04T07:46:41.165228", "level": "INFO", "logger": "app.api.routes_document", "message": "Selected document IDs: [14]", "module": "routes_document", "function": "select_documents_for_conversation", "line": 266}
{"timestamp": "2025-08-04T07:46:41.173959", "level": "INFO", "logger": "app.api.routes_document", "message": "Successfully saved 1 document selections for conversation 5", "module": "routes_document", "function": "select_documents_for_conversation", "line": 299}
{"timestamp": "2025-08-04T07:47:09.595534", "level": "INFO", "logger": "app.api.routes_document", "message": "Setting document selection for conversation 6, user 1", "module": "routes_document", "function": "select_documents_for_conversation", "line": 265}
{"timestamp": "2025-08-04T07:47:09.597766", "level": "INFO", "logger": "app.api.routes_document", "message": "Selected document IDs: [14]", "module": "routes_document", "function": "select_documents_for_conversation", "line": 266}
{"timestamp": "2025-08-04T07:47:09.606374", "level": "INFO", "logger": "app.api.routes_document", "message": "Successfully saved 1 document selections for conversation 6", "module": "routes_document", "function": "select_documents_for_conversation", "line": 299}
{"timestamp": "2025-08-04T07:47:10.767679", "level": "INFO", "logger": "app.services.ollama", "message": "Building langchain agent for conversation 6, user 1, needs_context=True", "module": "ollama", "function": "build_langchain_agent", "line": 22}
{"timestamp": "2025-08-04T07:47:10.770614", "level": "INFO", "logger": "app.services.ollama", "message": "Selected document IDs: [14]", "module": "ollama", "function": "build_langchain_agent", "line": 35}
{"timestamp": "2025-08-04T07:47:10.771029", "level": "INFO", "logger": "app.services.ollama", "message": "Retrieving chunks for 1 selected documents", "module": "ollama", "function": "build_langchain_agent", "line": 42}
{"timestamp": "2025-08-04T07:47:10.773372", "level": "INFO", "logger": "root", "message": "Using OllamaEmbeddings with base URL: http://host.docker.internal:11434", "module": "embeddings", "function": "get_embedding_function", "line": 14}
{"timestamp": "2025-08-04T07:47:10.775955", "level": "INFO", "logger": "chromadb.telemetry.product.posthog", "message": "Anonymized telemetry enabled. See                     https://docs.trychroma.com/telemetry for more information.", "module": "posthog", "function": "__init__", "line": 20}
{"timestamp": "2025-08-04T07:47:10.780043", "level": "ERROR", "logger": "chromadb.telemetry.product.posthog", "message": "Failed to send telemetry event ClientStartEvent: capture() takes 1 positional argument but 3 were given", "module": "posthog", "function": "_direct_capture", "line": 59}
{"timestamp": "2025-08-04T07:47:10.782433", "level": "ERROR", "logger": "chromadb.telemetry.product.posthog", "message": "Failed to send telemetry event ClientCreateCollectionEvent: capture() takes 1 positional argument but 3 were given", "module": "posthog", "function": "_direct_capture", "line": 59}
{"timestamp": "2025-08-04T07:47:10.783010", "level": "INFO", "logger": "app.services.document_ingest", "message": "Retrieving 8 chunks for query: 'what is the proposal for the bot development, specifically regarding the new features and timeline?...', search_type: advanced_ensemble", "module": "document_ingest", "function": "retrieve_relevant_chunks", "line": 256}
{"timestamp": "2025-08-04T07:47:10.946871", "level": "WARNING", "logger": "chromadb.segment.impl.vector.local_persistent_hnsw", "message": "Number of requested results 25 is greater than number of elements in index 0, updating n_results = 0", "module": "local_persistent_hnsw", "function": "query_vectors", "line": 347}
{"timestamp": "2025-08-04T07:47:10.950112", "level": "ERROR", "logger": "chromadb.telemetry.product.posthog", "message": "Failed to send telemetry event CollectionQueryEvent: capture() takes 1 positional argument but 3 were given", "module": "posthog", "function": "_direct_capture", "line": 59}
{"timestamp": "2025-08-04T07:47:10.987034", "level": "WARNING", "logger": "chromadb.segment.impl.vector.local_persistent_hnsw", "message": "Number of requested results 8 is greater than number of elements in index 0, updating n_results = 0", "module": "local_persistent_hnsw", "function": "query_vectors", "line": 347}
{"timestamp": "2025-08-04T07:47:10.989292", "level": "INFO", "logger": "app.services.document_ingest", "message": "No results found", "module": "document_ingest", "function": "_log_search_results", "line": 356}
{"timestamp": "2025-08-04T07:47:10.989553", "level": "INFO", "logger": "app.services.ollama", "message": "Total context length: 0 characters", "module": "ollama", "function": "build_langchain_agent", "line": 75}
{"timestamp": "2025-08-04T07:47:11.002910", "level": "WARNING", "logger": "langchain_core.tracers.base", "message": "Parent run 2d4bda57-9d49-4cc5-bbaa-e0f438a1dae1 not found for run 042902b2-f989-4bfb-b934-988ed3abde6f. Treating as a root run.", "module": "base", "function": "_start_trace", "line": 113}
{"timestamp": "2025-08-04T07:47:12.494388", "level": "WARNING", "logger": "langchain_core.callbacks.manager", "message": "Error in RootListenersTracer.on_chain_end callback: AttributeError(\"'SimpleChatHistory' object has no attribute 'add_messages'\")", "module": "manager", "function": "handle_event", "line": 282}
{"timestamp": "2025-08-04T07:48:53.137544", "level": "INFO", "logger": "app.api.routes_document", "message": "Setting document selection for conversation 7, user 1", "module": "routes_document", "function": "select_documents_for_conversation", "line": 265}
{"timestamp": "2025-08-04T07:48:53.154829", "level": "INFO", "logger": "app.api.routes_document", "message": "Selected document IDs: [14]", "module": "routes_document", "function": "select_documents_for_conversation", "line": 266}
{"timestamp": "2025-08-04T07:48:53.162607", "level": "INFO", "logger": "app.api.routes_document", "message": "Successfully saved 1 document selections for conversation 7", "module": "routes_document", "function": "select_documents_for_conversation", "line": 299}
{"timestamp": "2025-08-04T07:48:54.500718", "level": "INFO", "logger": "app.services.ollama", "message": "Building langchain agent for conversation 7, user 1, needs_context=True", "module": "ollama", "function": "build_langchain_agent", "line": 22}
{"timestamp": "2025-08-04T07:48:54.503143", "level": "INFO", "logger": "app.services.ollama", "message": "Selected document IDs: [14]", "module": "ollama", "function": "build_langchain_agent", "line": 35}
{"timestamp": "2025-08-04T07:48:54.503345", "level": "INFO", "logger": "app.services.ollama", "message": "Retrieving chunks for 1 selected documents", "module": "ollama", "function": "build_langchain_agent", "line": 42}
{"timestamp": "2025-08-04T07:48:54.508098", "level": "INFO", "logger": "root", "message": "Using OllamaEmbeddings with base URL: http://host.docker.internal:11434", "module": "embeddings", "function": "get_embedding_function", "line": 14}
{"timestamp": "2025-08-04T07:48:54.510975", "level": "INFO", "logger": "chromadb.telemetry.product.posthog", "message": "Anonymized telemetry enabled. See                     https://docs.trychroma.com/telemetry for more information.", "module": "posthog", "function": "__init__", "line": 20}
{"timestamp": "2025-08-04T07:48:54.518672", "level": "ERROR", "logger": "chromadb.telemetry.product.posthog", "message": "Failed to send telemetry event ClientStartEvent: capture() takes 1 positional argument but 3 were given", "module": "posthog", "function": "_direct_capture", "line": 59}
{"timestamp": "2025-08-04T07:48:54.523062", "level": "ERROR", "logger": "chromadb.telemetry.product.posthog", "message": "Failed to send telemetry event ClientCreateCollectionEvent: capture() takes 1 positional argument but 3 were given", "module": "posthog", "function": "_direct_capture", "line": 59}
{"timestamp": "2025-08-04T07:48:54.524322", "level": "INFO", "logger": "app.services.document_ingest", "message": "Retrieving 8 chunks for query: 'what is the proposal for the bot development, specifically regarding the new features outlined in ou...', search_type: advanced_ensemble", "module": "document_ingest", "function": "retrieve_relevant_chunks", "line": 256}
{"timestamp": "2025-08-04T07:48:54.718627", "level": "WARNING", "logger": "chromadb.segment.impl.vector.local_persistent_hnsw", "message": "Number of requested results 25 is greater than number of elements in index 0, updating n_results = 0", "module": "local_persistent_hnsw", "function": "query_vectors", "line": 347}
{"timestamp": "2025-08-04T07:48:54.721709", "level": "ERROR", "logger": "chromadb.telemetry.product.posthog", "message": "Failed to send telemetry event CollectionQueryEvent: capture() takes 1 positional argument but 3 were given", "module": "posthog", "function": "_direct_capture", "line": 59}
{"timestamp": "2025-08-04T07:48:54.761212", "level": "WARNING", "logger": "chromadb.segment.impl.vector.local_persistent_hnsw", "message": "Number of requested results 8 is greater than number of elements in index 0, updating n_results = 0", "module": "local_persistent_hnsw", "function": "query_vectors", "line": 347}
{"timestamp": "2025-08-04T07:48:54.763126", "level": "INFO", "logger": "app.services.document_ingest", "message": "No results found", "module": "document_ingest", "function": "_log_search_results", "line": 356}
{"timestamp": "2025-08-04T07:48:54.763475", "level": "INFO", "logger": "app.services.ollama", "message": "Total context length: 0 characters", "module": "ollama", "function": "build_langchain_agent", "line": 75}
{"timestamp": "2025-08-04T07:48:54.775734", "level": "WARNING", "logger": "langchain_core.tracers.base", "message": "Parent run 132df442-799c-43cb-bebf-715bc3794d03 not found for run 7e27579d-d3dd-43ce-a63e-bfea51bbf17b. Treating as a root run.", "module": "base", "function": "_start_trace", "line": 113}
{"timestamp": "2025-08-04T07:48:57.063408", "level": "WARNING", "logger": "langchain_core.callbacks.manager", "message": "Error in RootListenersTracer.on_chain_end callback: AttributeError(\"'SimpleChatHistory' object has no attribute 'add_messages'\")", "module": "manager", "function": "handle_event", "line": 282}
{"timestamp": "2025-08-04T07:53:21.725711", "level": "INFO", "logger": "app.api.routes_document", "message": "Starting synchronous ingestion for document 19: eStatementFile_20250319193309.pdf", "module": "routes_document", "function": "upload_user_documents", "line": 144}
{"timestamp": "2025-08-04T07:53:21.787934", "level": "INFO", "logger": "app.services.document_ingest", "message": "Loaded 2 pages from eStatementFile_20250319193309_1_63114d78.pdf", "module": "document_ingest", "function": "load_documents_from_pdfs", "line": 75}
{"timestamp": "2025-08-04T07:53:21.788748", "level": "INFO", "logger": "app.services.document_ingest", "message": "Split 2 documents into 17 chunks with size=250, overlap=50", "module": "document_ingest", "function": "chunk_documents", "line": 141}
{"timestamp": "2025-08-04T07:53:21.792898", "level": "INFO", "logger": "root", "message": "Using OllamaEmbeddings with base URL: http://host.docker.internal:11434", "module": "embeddings", "function": "get_embedding_function", "line": 14}
{"timestamp": "2025-08-04T07:53:21.798381", "level": "INFO", "logger": "chromadb.telemetry.product.posthog", "message": "Anonymized telemetry enabled. See                     https://docs.trychroma.com/telemetry for more information.", "module": "posthog", "function": "__init__", "line": 20}
{"timestamp": "2025-08-04T07:53:21.802991", "level": "ERROR", "logger": "chromadb.telemetry.product.posthog", "message": "Failed to send telemetry event ClientStartEvent: capture() takes 1 positional argument but 3 were given", "module": "posthog", "function": "_direct_capture", "line": 59}
{"timestamp": "2025-08-04T07:53:21.806368", "level": "ERROR", "logger": "chromadb.telemetry.product.posthog", "message": "Failed to send telemetry event ClientCreateCollectionEvent: capture() takes 1 positional argument but 3 were given", "module": "posthog", "function": "_direct_capture", "line": 59}
{"timestamp": "2025-08-04T07:53:22.684950", "level": "INFO", "logger": "app.api.routes_document", "message": "Successfully ingested document 19: eStatementFile_20250319193309.pdf", "module": "routes_document", "function": "upload_user_documents", "line": 158}
{"timestamp": "2025-08-04T07:53:22.685864", "level": "INFO", "logger": "app.api.routes_document", "message": "Successfully uploaded file: eStatementFile_20250319193309_1_63114d78.pdf", "module": "routes_document", "function": "upload_user_documents", "line": 168}
{"timestamp": "2025-08-04T07:54:14.717992", "level": "INFO", "logger": "app.api.routes_document", "message": "Setting document selection for conversation 8, user 1", "module": "routes_document", "function": "select_documents_for_conversation", "line": 265}
{"timestamp": "2025-08-04T07:54:14.720260", "level": "INFO", "logger": "app.api.routes_document", "message": "Selected document IDs: [19]", "module": "routes_document", "function": "select_documents_for_conversation", "line": 266}
{"timestamp": "2025-08-04T07:54:14.725856", "level": "INFO", "logger": "app.api.routes_document", "message": "Successfully saved 1 document selections for conversation 8", "module": "routes_document", "function": "select_documents_for_conversation", "line": 299}
{"timestamp": "2025-08-04T07:54:18.397304", "level": "INFO", "logger": "app.services.ollama", "message": "Building langchain agent for conversation 8, user 1, needs_context=True", "module": "ollama", "function": "build_langchain_agent", "line": 22}
{"timestamp": "2025-08-04T07:54:18.401540", "level": "INFO", "logger": "app.services.ollama", "message": "Selected document IDs: [19]", "module": "ollama", "function": "build_langchain_agent", "line": 35}
{"timestamp": "2025-08-04T07:54:18.401870", "level": "INFO", "logger": "app.services.ollama", "message": "Retrieving chunks for 1 selected documents", "module": "ollama", "function": "build_langchain_agent", "line": 42}
{"timestamp": "2025-08-04T07:54:18.405182", "level": "INFO", "logger": "root", "message": "Using OllamaEmbeddings with base URL: http://host.docker.internal:11434", "module": "embeddings", "function": "get_embedding_function", "line": 14}
{"timestamp": "2025-08-04T07:54:18.408616", "level": "INFO", "logger": "chromadb.telemetry.product.posthog", "message": "Anonymized telemetry enabled. See                     https://docs.trychroma.com/telemetry for more information.", "module": "posthog", "function": "__init__", "line": 20}
{"timestamp": "2025-08-04T07:54:18.414930", "level": "ERROR", "logger": "chromadb.telemetry.product.posthog", "message": "Failed to send telemetry event ClientStartEvent: capture() takes 1 positional argument but 3 were given", "module": "posthog", "function": "_direct_capture", "line": 59}
{"timestamp": "2025-08-04T07:54:18.416954", "level": "ERROR", "logger": "chromadb.telemetry.product.posthog", "message": "Failed to send telemetry event ClientCreateCollectionEvent: capture() takes 1 positional argument but 3 were given", "module": "posthog", "function": "_direct_capture", "line": 59}
{"timestamp": "2025-08-04T07:54:18.417884", "level": "INFO", "logger": "app.services.document_ingest", "message": "Retrieving 8 chunks for query: 'what is the current balance in the account?...', search_type: advanced_ensemble", "module": "document_ingest", "function": "retrieve_relevant_chunks", "line": 256}
{"timestamp": "2025-08-04T07:54:18.559847", "level": "WARNING", "logger": "chromadb.segment.impl.vector.local_persistent_hnsw", "message": "Number of requested results 25 is greater than number of elements in index 17, updating n_results = 17", "module": "local_persistent_hnsw", "function": "query_vectors", "line": 347}
{"timestamp": "2025-08-04T07:54:18.564153", "level": "ERROR", "logger": "chromadb.telemetry.product.posthog", "message": "Failed to send telemetry event CollectionQueryEvent: capture() takes 1 positional argument but 3 were given", "module": "posthog", "function": "_direct_capture", "line": 59}
{"timestamp": "2025-08-04T07:54:18.626126", "level": "INFO", "logger": "app.services.document_ingest", "message": "Retrieved 8 chunks", "module": "document_ingest", "function": "_log_search_results", "line": 359}
{"timestamp": "2025-08-04T07:54:18.626399", "level": "INFO", "logger": "app.services.document_ingest", "message": "Document IDs: [19, 19, 19, 19, 19, 19, 19, 19]", "module": "document_ingest", "function": "_log_search_results", "line": 366}
{"timestamp": "2025-08-04T07:54:18.626875", "level": "INFO", "logger": "app.services.document_ingest", "message": "Sources: ['eStatementFile_20250319193309_1_63114d78.pdf', 'eStatementFile_20250319193309_1_63114d78.pdf', 'eStatementFile_20250319193309_1_63114d78.pdf', 'eStatementFile_20250319193309_1_63114d78.pdf', 'eStatementFile_20250319193309_1_63114d78.pdf', 'eStatementFile_20250319193309_1_63114d78.pdf', 'eStatementFile_20250319193309_1_63114d78.pdf', 'eStatementFile_20250319193309_1_63114d78.pdf']", "module": "document_ingest", "function": "_log_search_results", "line": 368}
{"timestamp": "2025-08-04T07:54:18.627124", "level": "INFO", "logger": "app.services.document_ingest", "message": "Chunk 1: (DR=Debit ) Other Accounts - Credit Card  VisaGoldCard 4966 0401 2254 6492HKD 10,000.00 7,563.63DR 7...", "module": "document_ingest", "function": "_log_search_results", "line": 373}
{"timestamp": "2025-08-04T07:54:18.627697", "level": "INFO", "logger": "app.services.document_ingest", "message": "Chunk 2: (DR=Debit ) HSBC One  - Deposits   HKDSavings 469-826911-833HKD 7,718.33 7,718.33 Total 7,718.33 Acc...", "module": "document_ingest", "function": "_log_search_results", "line": 373}
{"timestamp": "2025-08-04T07:54:18.628223", "level": "INFO", "logger": "app.services.ollama", "message": "Total context length: 2128 characters", "module": "ollama", "function": "build_langchain_agent", "line": 75}
{"timestamp": "2025-08-04T07:54:18.643044", "level": "WARNING", "logger": "langchain_core.tracers.base", "message": "Parent run 059294f1-dfd8-411b-9480-57578031dccd not found for run a1c86a6f-3f2f-4d1a-b3e5-bb20e92456e8. Treating as a root run.", "module": "base", "function": "_start_trace", "line": 113}
{"timestamp": "2025-08-04T07:54:22.847054", "level": "WARNING", "logger": "langchain_core.callbacks.manager", "message": "Error in RootListenersTracer.on_chain_end callback: AttributeError(\"'SimpleChatHistory' object has no attribute 'add_messages'\")", "module": "manager", "function": "handle_event", "line": 282}
{"timestamp": "2025-08-04T07:54:22.866598", "level": "INFO", "logger": "app.api.routes_chat", "message": "Creating reference mapping for 8 chunks", "module": "routes_chat", "function": "ask", "line": 294}
{"timestamp": "2025-08-04T07:54:43.317449", "level": "INFO", "logger": "app.services.ollama", "message": "Building langchain agent for conversation 8, user 1, needs_context=True", "module": "ollama", "function": "build_langchain_agent", "line": 22}
{"timestamp": "2025-08-04T07:54:43.333284", "level": "INFO", "logger": "app.services.ollama", "message": "Selected document IDs: [19]", "module": "ollama", "function": "build_langchain_agent", "line": 35}
{"timestamp": "2025-08-04T07:54:43.334015", "level": "INFO", "logger": "app.services.ollama", "message": "Retrieving chunks for 1 selected documents", "module": "ollama", "function": "build_langchain_agent", "line": 42}
{"timestamp": "2025-08-04T07:54:43.337692", "level": "INFO", "logger": "root", "message": "Using OllamaEmbeddings with base URL: http://host.docker.internal:11434", "module": "embeddings", "function": "get_embedding_function", "line": 14}
{"timestamp": "2025-08-04T07:54:43.341118", "level": "INFO", "logger": "chromadb.telemetry.product.posthog", "message": "Anonymized telemetry enabled. See                     https://docs.trychroma.com/telemetry for more information.", "module": "posthog", "function": "__init__", "line": 20}
{"timestamp": "2025-08-04T07:54:43.347305", "level": "ERROR", "logger": "chromadb.telemetry.product.posthog", "message": "Failed to send telemetry event ClientStartEvent: capture() takes 1 positional argument but 3 were given", "module": "posthog", "function": "_direct_capture", "line": 59}
{"timestamp": "2025-08-04T07:54:43.350748", "level": "ERROR", "logger": "chromadb.telemetry.product.posthog", "message": "Failed to send telemetry event ClientCreateCollectionEvent: capture() takes 1 positional argument but 3 were given", "module": "posthog", "function": "_direct_capture", "line": 59}
{"timestamp": "2025-08-04T07:54:43.355375", "level": "INFO", "logger": "app.services.document_ingest", "message": "Retrieving 8 chunks for query: 'can you show me the largest individual transactions this month?...', search_type: advanced_ensemble", "module": "document_ingest", "function": "retrieve_relevant_chunks", "line": 256}
{"timestamp": "2025-08-04T07:54:43.526197", "level": "WARNING", "logger": "chromadb.segment.impl.vector.local_persistent_hnsw", "message": "Number of requested results 25 is greater than number of elements in index 17, updating n_results = 17", "module": "local_persistent_hnsw", "function": "query_vectors", "line": 347}
{"timestamp": "2025-08-04T07:54:43.529947", "level": "ERROR", "logger": "chromadb.telemetry.product.posthog", "message": "Failed to send telemetry event CollectionQueryEvent: capture() takes 1 positional argument but 3 were given", "module": "posthog", "function": "_direct_capture", "line": 59}
{"timestamp": "2025-08-04T07:54:43.593885", "level": "INFO", "logger": "app.services.document_ingest", "message": "Retrieved 8 chunks", "module": "document_ingest", "function": "_log_search_results", "line": 359}
{"timestamp": "2025-08-04T07:54:43.594389", "level": "INFO", "logger": "app.services.document_ingest", "message": "Document IDs: [19, 19, 19, 19, 19, 19, 19, 19]", "module": "document_ingest", "function": "_log_search_results", "line": 366}
{"timestamp": "2025-08-04T07:54:43.594926", "level": "INFO", "logger": "app.services.document_ingest", "message": "Sources: ['eStatementFile_20250319193309_1_63114d78.pdf', 'eStatementFile_20250319193309_1_63114d78.pdf', 'eStatementFile_20250319193309_1_63114d78.pdf', 'eStatementFile_20250319193309_1_63114d78.pdf', 'eStatementFile_20250319193309_1_63114d78.pdf', 'eStatementFile_20250319193309_1_63114d78.pdf', 'eStatementFile_20250319193309_1_63114d78.pdf', 'eStatementFile_20250319193309_1_63114d78.pdf']", "module": "document_ingest", "function": "_log_search_results", "line": 368}
{"timestamp": "2025-08-04T07:54:43.595338", "level": "INFO", "logger": "app.services.document_ingest", "message": "Chunk 1: (DR=Debit ) Other Accounts - Credit Card  VisaGoldCard 4966 0401 2254 6492HKD 10,000.00 7,563.63DR 7...", "module": "document_ingest", "function": "_log_search_results", "line": 373}
{"timestamp": "2025-08-04T07:54:43.595871", "level": "INFO", "logger": "app.services.document_ingest", "message": "Chunk 2: (DR=Debit ) HSBC One  - Deposits   HKDSavings 469-826911-833HKD 7,718.33 7,718.33 Total 7,718.33 Acc...", "module": "document_ingest", "function": "_log_search_results", "line": 373}
{"timestamp": "2025-08-04T07:54:43.596236", "level": "INFO", "logger": "app.services.ollama", "message": "Total context length: 2212 characters", "module": "ollama", "function": "build_langchain_agent", "line": 75}
{"timestamp": "2025-08-04T07:54:43.617892", "level": "WARNING", "logger": "langchain_core.tracers.base", "message": "Parent run ee04ef2d-253c-487d-bef0-c837f80f0bec not found for run b3538e9b-b058-4294-b5dd-5c4c9319713d. Treating as a root run.", "module": "base", "function": "_start_trace", "line": 113}
{"timestamp": "2025-08-04T07:54:48.214885", "level": "WARNING", "logger": "langchain_core.callbacks.manager", "message": "Error in RootListenersTracer.on_chain_end callback: AttributeError(\"'SimpleChatHistory' object has no attribute 'add_messages'\")", "module": "manager", "function": "handle_event", "line": 282}
{"timestamp": "2025-08-04T07:54:48.227713", "level": "INFO", "logger": "app.api.routes_chat", "message": "Creating reference mapping for 8 chunks", "module": "routes_chat", "function": "ask", "line": 294}
{"timestamp": "2025-08-04T07:56:07.439891", "level": "INFO", "logger": "app.services.ollama", "message": "Building langchain agent for conversation 8, user 1, needs_context=True", "module": "ollama", "function": "build_langchain_agent", "line": 22}
{"timestamp": "2025-08-04T07:56:07.443653", "level": "INFO", "logger": "app.services.ollama", "message": "Selected document IDs: [19]", "module": "ollama", "function": "build_langchain_agent", "line": 35}
{"timestamp": "2025-08-04T07:56:07.443969", "level": "INFO", "logger": "app.services.ollama", "message": "Retrieving chunks for 1 selected documents", "module": "ollama", "function": "build_langchain_agent", "line": 42}
{"timestamp": "2025-08-04T07:56:07.448426", "level": "INFO", "logger": "root", "message": "Using OllamaEmbeddings with base URL: http://host.docker.internal:11434", "module": "embeddings", "function": "get_embedding_function", "line": 14}
{"timestamp": "2025-08-04T07:56:07.452517", "level": "INFO", "logger": "chromadb.telemetry.product.posthog", "message": "Anonymized telemetry enabled. See                     https://docs.trychroma.com/telemetry for more information.", "module": "posthog", "function": "__init__", "line": 20}
{"timestamp": "2025-08-04T07:56:07.460449", "level": "ERROR", "logger": "chromadb.telemetry.product.posthog", "message": "Failed to send telemetry event ClientStartEvent: capture() takes 1 positional argument but 3 were given", "module": "posthog", "function": "_direct_capture", "line": 59}
{"timestamp": "2025-08-04T07:56:07.464266", "level": "ERROR", "logger": "chromadb.telemetry.product.posthog", "message": "Failed to send telemetry event ClientCreateCollectionEvent: capture() takes 1 positional argument but 3 were given", "module": "posthog", "function": "_direct_capture", "line": 59}
{"timestamp": "2025-08-04T07:56:07.465345", "level": "INFO", "logger": "app.services.document_ingest", "message": "Retrieving 8 chunks for query: 'can you show me the largest withdrawal transactions from my account?...', search_type: advanced_ensemble", "module": "document_ingest", "function": "retrieve_relevant_chunks", "line": 256}
{"timestamp": "2025-08-04T07:56:07.596556", "level": "WARNING", "logger": "chromadb.segment.impl.vector.local_persistent_hnsw", "message": "Number of requested results 25 is greater than number of elements in index 17, updating n_results = 17", "module": "local_persistent_hnsw", "function": "query_vectors", "line": 347}
{"timestamp": "2025-08-04T07:56:07.600416", "level": "ERROR", "logger": "chromadb.telemetry.product.posthog", "message": "Failed to send telemetry event CollectionQueryEvent: capture() takes 1 positional argument but 3 were given", "module": "posthog", "function": "_direct_capture", "line": 59}
{"timestamp": "2025-08-04T07:56:07.656791", "level": "INFO", "logger": "app.services.document_ingest", "message": "Retrieved 8 chunks", "module": "document_ingest", "function": "_log_search_results", "line": 359}
{"timestamp": "2025-08-04T07:56:07.657463", "level": "INFO", "logger": "app.services.document_ingest", "message": "Document IDs: [19, 19, 19, 19, 19, 19, 19, 19]", "module": "document_ingest", "function": "_log_search_results", "line": 366}
{"timestamp": "2025-08-04T07:56:07.657798", "level": "INFO", "logger": "app.services.document_ingest", "message": "Sources: ['eStatementFile_20250319193309_1_63114d78.pdf', 'eStatementFile_20250319193309_1_63114d78.pdf', 'eStatementFile_20250319193309_1_63114d78.pdf', 'eStatementFile_20250319193309_1_63114d78.pdf', 'eStatementFile_20250319193309_1_63114d78.pdf', 'eStatementFile_20250319193309_1_63114d78.pdf', 'eStatementFile_20250319193309_1_63114d78.pdf', 'eStatementFile_20250319193309_1_63114d78.pdf']", "module": "document_ingest", "function": "_log_search_results", "line": 368}
{"timestamp": "2025-08-04T07:56:07.658407", "level": "INFO", "logger": "app.services.document_ingest", "message": "Chunk 1: (DR=Debit ) Other Accounts - Credit Card  VisaGoldCard 4966 0401 2254 6492HKD 10,000.00 7,563.63DR 7...", "module": "document_ingest", "function": "_log_search_results", "line": 373}
{"timestamp": "2025-08-04T07:56:07.658783", "level": "INFO", "logger": "app.services.document_ingest", "message": "Chunk 2: (DR=Debit ) HSBC One  - Deposits   HKDSavings 469-826911-833HKD 7,718.33 7,718.33 Total 7,718.33 Acc...", "module": "document_ingest", "function": "_log_search_results", "line": 373}
{"timestamp": "2025-08-04T07:56:07.659186", "level": "INFO", "logger": "app.services.ollama", "message": "Total context length: 2233 characters", "module": "ollama", "function": "build_langchain_agent", "line": 75}
{"timestamp": "2025-08-04T07:56:07.672778", "level": "WARNING", "logger": "langchain_core.tracers.base", "message": "Parent run a4c175a2-b30e-43c7-b7e0-e2f2871bc356 not found for run 6f75eb5e-7117-493e-b918-14648b56cc03. Treating as a root run.", "module": "base", "function": "_start_trace", "line": 113}
{"timestamp": "2025-08-04T07:56:12.337967", "level": "WARNING", "logger": "langchain_core.callbacks.manager", "message": "Error in RootListenersTracer.on_chain_end callback: AttributeError(\"'SimpleChatHistory' object has no attribute 'add_messages'\")", "module": "manager", "function": "handle_event", "line": 282}
{"timestamp": "2025-08-04T07:56:12.360491", "level": "INFO", "logger": "app.api.routes_chat", "message": "Creating reference mapping for 8 chunks", "module": "routes_chat", "function": "ask", "line": 294}
{"timestamp": "2025-08-04T07:56:30.727440", "level": "INFO", "logger": "app.api.routes_document", "message": "Starting synchronous ingestion for document 20: 57239806_Baktybekov Talgat_CV.pdf", "module": "routes_document", "function": "upload_user_documents", "line": 144}
{"timestamp": "2025-08-04T07:56:30.752010", "level": "INFO", "logger": "app.services.document_ingest", "message": "Loaded 2 pages from 57239806_BaktybekovTalgat_CV_1_2b1b4287.pdf", "module": "document_ingest", "function": "load_documents_from_pdfs", "line": 75}
{"timestamp": "2025-08-04T07:56:30.752783", "level": "INFO", "logger": "app.services.document_ingest", "message": "Split 2 documents into 18 chunks with size=250, overlap=50", "module": "document_ingest", "function": "chunk_documents", "line": 141}
{"timestamp": "2025-08-04T07:56:30.755446", "level": "INFO", "logger": "root", "message": "Using OllamaEmbeddings with base URL: http://host.docker.internal:11434", "module": "embeddings", "function": "get_embedding_function", "line": 14}
{"timestamp": "2025-08-04T07:56:30.758283", "level": "INFO", "logger": "chromadb.telemetry.product.posthog", "message": "Anonymized telemetry enabled. See                     https://docs.trychroma.com/telemetry for more information.", "module": "posthog", "function": "__init__", "line": 20}
{"timestamp": "2025-08-04T07:56:30.763949", "level": "ERROR", "logger": "chromadb.telemetry.product.posthog", "message": "Failed to send telemetry event ClientStartEvent: capture() takes 1 positional argument but 3 were given", "module": "posthog", "function": "_direct_capture", "line": 59}
{"timestamp": "2025-08-04T07:56:30.765543", "level": "ERROR", "logger": "chromadb.telemetry.product.posthog", "message": "Failed to send telemetry event ClientCreateCollectionEvent: capture() takes 1 positional argument but 3 were given", "module": "posthog", "function": "_direct_capture", "line": 59}
{"timestamp": "2025-08-04T07:56:31.598759", "level": "INFO", "logger": "app.api.routes_document", "message": "Successfully ingested document 20: 57239806_Baktybekov Talgat_CV.pdf", "module": "routes_document", "function": "upload_user_documents", "line": 158}
{"timestamp": "2025-08-04T07:56:31.599870", "level": "INFO", "logger": "app.api.routes_document", "message": "Successfully uploaded file: 57239806_BaktybekovTalgat_CV_1_2b1b4287.pdf", "module": "routes_document", "function": "upload_user_documents", "line": 168}
{"timestamp": "2025-08-04T07:56:41.550392", "level": "INFO", "logger": "app.services.ollama", "message": "Building langchain agent for conversation 9, user 1, needs_context=True", "module": "ollama", "function": "build_langchain_agent", "line": 22}
{"timestamp": "2025-08-04T07:56:41.557377", "level": "INFO", "logger": "app.services.ollama", "message": "Selected document IDs: []", "module": "ollama", "function": "build_langchain_agent", "line": 35}
{"timestamp": "2025-08-04T07:56:41.557736", "level": "INFO", "logger": "app.services.ollama", "message": "No selected documents, retrieving from user-accessible documents", "module": "ollama", "function": "build_langchain_agent", "line": 53}
{"timestamp": "2025-08-04T07:56:41.560660", "level": "INFO", "logger": "root", "message": "Using OllamaEmbeddings with base URL: http://host.docker.internal:11434", "module": "embeddings", "function": "get_embedding_function", "line": 14}
{"timestamp": "2025-08-04T07:56:41.563678", "level": "INFO", "logger": "chromadb.telemetry.product.posthog", "message": "Anonymized telemetry enabled. See                     https://docs.trychroma.com/telemetry for more information.", "module": "posthog", "function": "__init__", "line": 20}
{"timestamp": "2025-08-04T07:56:41.569253", "level": "ERROR", "logger": "chromadb.telemetry.product.posthog", "message": "Failed to send telemetry event ClientStartEvent: capture() takes 1 positional argument but 3 were given", "module": "posthog", "function": "_direct_capture", "line": 59}
{"timestamp": "2025-08-04T07:56:41.570776", "level": "ERROR", "logger": "chromadb.telemetry.product.posthog", "message": "Failed to send telemetry event ClientCreateCollectionEvent: capture() takes 1 positional argument but 3 were given", "module": "posthog", "function": "_direct_capture", "line": 59}
{"timestamp": "2025-08-04T07:56:41.571464", "level": "INFO", "logger": "app.services.document_ingest", "message": "Retrieving 8 chunks for query: 'tell me about the experience Talgat had in 2023-2024...', search_type: advanced_ensemble", "module": "document_ingest", "function": "retrieve_relevant_chunks", "line": 256}
{"timestamp": "2025-08-04T07:56:41.761780", "level": "ERROR", "logger": "chromadb.telemetry.product.posthog", "message": "Failed to send telemetry event CollectionQueryEvent: capture() takes 1 positional argument but 3 were given", "module": "posthog", "function": "_direct_capture", "line": 59}
{"timestamp": "2025-08-04T07:56:41.841913", "level": "INFO", "logger": "app.services.document_ingest", "message": "Retrieved 8 chunks", "module": "document_ingest", "function": "_log_search_results", "line": 359}
{"timestamp": "2025-08-04T07:56:41.844444", "level": "INFO", "logger": "app.services.document_ingest", "message": "Document IDs: [20, 20, 19, 19, 19, 19, 20, 19]", "module": "document_ingest", "function": "_log_search_results", "line": 366}
{"timestamp": "2025-08-04T07:56:41.845820", "level": "INFO", "logger": "app.services.document_ingest", "message": "Sources: ['57239806_BaktybekovTalgat_CV_1_2b1b4287.pdf', '57239806_BaktybekovTalgat_CV_1_2b1b4287.pdf', 'eStatementFile_20250319193309_1_63114d78.pdf', 'eStatementFile_20250319193309_1_63114d78.pdf', 'eStatementFile_20250319193309_1_63114d78.pdf', 'eStatementFile_20250319193309_1_63114d78.pdf', '57239806_BaktybekovTalgat_CV_1_2b1b4287.pdf', 'eStatementFile_20250319193309_1_63114d78.pdf']", "module": "document_ingest", "function": "_log_search_results", "line": 368}
{"timestamp": "2025-08-04T07:56:41.848657", "level": "INFO", "logger": "app.services.document_ingest", "message": "Chunk 1: \u2013Developed a user-friendly live dashboard using LookerStudio for real-time insights. \u2022Mathematics tu...", "module": "document_ingest", "function": "_log_search_results", "line": 373}
{"timestamp": "2025-08-04T07:56:41.850131", "level": "INFO", "logger": "app.services.document_ingest", "message": "Chunk 2: Talgat Baktybekov Data-driven problem solver with strong programming skills and a passion for learni...", "module": "document_ingest", "function": "_log_search_results", "line": 373}
{"timestamp": "2025-08-04T07:56:41.851015", "level": "INFO", "logger": "app.services.ollama", "message": "Total context length: 2229 characters", "module": "ollama", "function": "build_langchain_agent", "line": 75}
{"timestamp": "2025-08-04T07:56:41.864915", "level": "WARNING", "logger": "langchain_core.tracers.base", "message": "Parent run 92aae74d-92f9-4219-9287-e007bb133e63 not found for run b2b2ccaa-a4e7-4243-88c5-814cbb39e581. Treating as a root run.", "module": "base", "function": "_start_trace", "line": 113}
{"timestamp": "2025-08-04T07:56:48.017848", "level": "WARNING", "logger": "langchain_core.callbacks.manager", "message": "Error in RootListenersTracer.on_chain_end callback: AttributeError(\"'SimpleChatHistory' object has no attribute 'add_messages'\")", "module": "manager", "function": "handle_event", "line": 282}
{"timestamp": "2025-08-04T07:56:48.029007", "level": "INFO", "logger": "app.api.routes_chat", "message": "Creating reference mapping for 8 chunks", "module": "routes_chat", "function": "ask", "line": 294}
{"timestamp": "2025-08-04T07:56:58.060312", "level": "INFO", "logger": "app.api.routes_document", "message": "PDF request received - Raw filename: '57239806_BaktybekovTalgat_CV_1_2b1b4287.pdf'", "module": "routes_document", "function": "serve_pdf", "line": 373}
{"timestamp": "2025-08-04T07:56:58.060854", "level": "INFO", "logger": "app.api.routes_document", "message": "PDF request - Decoded: '57239806_BaktybekovTalgat_CV_1_2b1b4287.pdf', Clean: '57239806_BaktybekovTalgat_CV_1_2b1b4287.pdf'", "module": "routes_document", "function": "serve_pdf", "line": 380}
{"timestamp": "2025-08-04T07:56:58.061337", "level": "INFO", "logger": "app.api.routes_document", "message": "PDF request - Looking for file at: '/data/user_documents/1/57239806_BaktybekovTalgat_CV_1_2b1b4287.pdf'", "module": "routes_document", "function": "serve_pdf", "line": 388}
{"timestamp": "2025-08-04T07:56:58.061718", "level": "INFO", "logger": "app.api.routes_document", "message": "PDF request - File exists: True", "module": "routes_document", "function": "serve_pdf", "line": 389}
{"timestamp": "2025-08-04T07:56:58.062038", "level": "INFO", "logger": "app.api.routes_document", "message": "PDF request - Serving file: '/data/user_documents/1/57239806_BaktybekovTalgat_CV_1_2b1b4287.pdf'", "module": "routes_document", "function": "serve_pdf", "line": 394}
{"timestamp": "2025-08-04T07:59:19.858244", "level": "INFO", "logger": "app.api.routes_document", "message": "Starting synchronous ingestion for document 21: Solo-report.pdf", "module": "routes_document", "function": "upload_user_documents", "line": 144}
{"timestamp": "2025-08-04T07:59:20.325066", "level": "INFO", "logger": "app.services.document_ingest", "message": "Loaded 15 pages from Solo-report_1_bcb0d2fd.pdf", "module": "document_ingest", "function": "load_documents_from_pdfs", "line": 75}
{"timestamp": "2025-08-04T07:59:20.330149", "level": "INFO", "logger": "app.services.document_ingest", "message": "Split 15 documents into 130 chunks with size=250, overlap=50", "module": "document_ingest", "function": "chunk_documents", "line": 141}
{"timestamp": "2025-08-04T07:59:20.331347", "level": "INFO", "logger": "root", "message": "Using OllamaEmbeddings with base URL: http://host.docker.internal:11434", "module": "embeddings", "function": "get_embedding_function", "line": 14}
{"timestamp": "2025-08-04T07:59:20.332841", "level": "INFO", "logger": "chromadb.telemetry.product.posthog", "message": "Anonymized telemetry enabled. See                     https://docs.trychroma.com/telemetry for more information.", "module": "posthog", "function": "__init__", "line": 20}
{"timestamp": "2025-08-04T07:59:20.335585", "level": "ERROR", "logger": "chromadb.telemetry.product.posthog", "message": "Failed to send telemetry event ClientStartEvent: capture() takes 1 positional argument but 3 were given", "module": "posthog", "function": "_direct_capture", "line": 59}
{"timestamp": "2025-08-04T07:59:20.337126", "level": "ERROR", "logger": "chromadb.telemetry.product.posthog", "message": "Failed to send telemetry event ClientCreateCollectionEvent: capture() takes 1 positional argument but 3 were given", "module": "posthog", "function": "_direct_capture", "line": 59}
{"timestamp": "2025-08-04T07:59:25.819368", "level": "INFO", "logger": "app.api.routes_document", "message": "Successfully ingested document 21: Solo-report.pdf", "module": "routes_document", "function": "upload_user_documents", "line": 158}
{"timestamp": "2025-08-04T07:59:25.821437", "level": "INFO", "logger": "app.api.routes_document", "message": "Successfully uploaded file: Solo-report_1_bcb0d2fd.pdf", "module": "routes_document", "function": "upload_user_documents", "line": 168}
{"timestamp": "2025-08-04T07:59:41.537316", "level": "INFO", "logger": "app.services.ollama", "message": "Building langchain agent for conversation 10, user 1, needs_context=True", "module": "ollama", "function": "build_langchain_agent", "line": 22}
{"timestamp": "2025-08-04T07:59:41.541950", "level": "INFO", "logger": "app.services.ollama", "message": "Selected document IDs: []", "module": "ollama", "function": "build_langchain_agent", "line": 35}
{"timestamp": "2025-08-04T07:59:41.542415", "level": "INFO", "logger": "app.services.ollama", "message": "No selected documents, retrieving from user-accessible documents", "module": "ollama", "function": "build_langchain_agent", "line": 53}
{"timestamp": "2025-08-04T07:59:41.545679", "level": "INFO", "logger": "root", "message": "Using OllamaEmbeddings with base URL: http://host.docker.internal:11434", "module": "embeddings", "function": "get_embedding_function", "line": 14}
{"timestamp": "2025-08-04T07:59:41.549312", "level": "INFO", "logger": "chromadb.telemetry.product.posthog", "message": "Anonymized telemetry enabled. See                     https://docs.trychroma.com/telemetry for more information.", "module": "posthog", "function": "__init__", "line": 20}
{"timestamp": "2025-08-04T07:59:41.559424", "level": "ERROR", "logger": "chromadb.telemetry.product.posthog", "message": "Failed to send telemetry event ClientStartEvent: capture() takes 1 positional argument but 3 were given", "module": "posthog", "function": "_direct_capture", "line": 59}
{"timestamp": "2025-08-04T07:59:41.561808", "level": "ERROR", "logger": "chromadb.telemetry.product.posthog", "message": "Failed to send telemetry event ClientCreateCollectionEvent: capture() takes 1 positional argument but 3 were given", "module": "posthog", "function": "_direct_capture", "line": 59}
{"timestamp": "2025-08-04T07:59:41.563209", "level": "INFO", "logger": "app.services.document_ingest", "message": "Retrieving 8 chunks for query: 'What are the results of the project, specifically the F1 score of the models?...', search_type: advanced_ensemble", "module": "document_ingest", "function": "retrieve_relevant_chunks", "line": 256}
{"timestamp": "2025-08-04T07:59:41.779177", "level": "ERROR", "logger": "chromadb.telemetry.product.posthog", "message": "Failed to send telemetry event CollectionQueryEvent: capture() takes 1 positional argument but 3 were given", "module": "posthog", "function": "_direct_capture", "line": 59}
{"timestamp": "2025-08-04T07:59:41.859557", "level": "INFO", "logger": "app.services.document_ingest", "message": "Retrieved 8 chunks", "module": "document_ingest", "function": "_log_search_results", "line": 359}
{"timestamp": "2025-08-04T07:59:41.860095", "level": "INFO", "logger": "app.services.document_ingest", "message": "Document IDs: [21, 21, 21, 21, 21, 21, 20, 20]", "module": "document_ingest", "function": "_log_search_results", "line": 366}
{"timestamp": "2025-08-04T07:59:41.861618", "level": "INFO", "logger": "app.services.document_ingest", "message": "Sources: ['Solo-report_1_bcb0d2fd.pdf', 'Solo-report_1_bcb0d2fd.pdf', 'Solo-report_1_bcb0d2fd.pdf', 'Solo-report_1_bcb0d2fd.pdf', 'Solo-report_1_bcb0d2fd.pdf', 'Solo-report_1_bcb0d2fd.pdf', '57239806_BaktybekovTalgat_CV_1_2b1b4287.pdf', '57239806_BaktybekovTalgat_CV_1_2b1b4287.pdf']", "module": "document_ingest", "function": "_log_search_results", "line": 368}
{"timestamp": "2025-08-04T07:59:41.862654", "level": "INFO", "logger": "app.services.document_ingest", "message": "Chunk 1: 0   1   2   3   4   Model   SVD   SVD++   NMF   KNN-User   KNN-Item   RMSE   1.0411   1.0078   1.086...", "module": "document_ingest", "function": "_log_search_results", "line": 373}
{"timestamp": "2025-08-04T07:59:41.863101", "level": "INFO", "logger": "app.services.document_ingest", "message": "Chunk 2: KNN   model   attains   the   lowest   RMSE   (0.7193)   and   the   highest   recall   at   all   K...", "module": "document_ingest", "function": "_log_search_results", "line": 373}
{"timestamp": "2025-08-04T07:59:41.863316", "level": "INFO", "logger": "app.services.ollama", "message": "Total context length: 2231 characters", "module": "ollama", "function": "build_langchain_agent", "line": 75}
{"timestamp": "2025-08-04T07:59:41.874799", "level": "WARNING", "logger": "langchain_core.tracers.base", "message": "Parent run 05afb349-2635-4e74-a988-edce10ef2015 not found for run c7c17caf-09a6-49f6-8284-077b3571dbf4. Treating as a root run.", "module": "base", "function": "_start_trace", "line": 113}
{"timestamp": "2025-08-04T07:59:47.484036", "level": "WARNING", "logger": "langchain_core.callbacks.manager", "message": "Error in RootListenersTracer.on_chain_end callback: AttributeError(\"'SimpleChatHistory' object has no attribute 'add_messages'\")", "module": "manager", "function": "handle_event", "line": 282}
{"timestamp": "2025-08-04T07:59:47.522632", "level": "INFO", "logger": "app.api.routes_chat", "message": "Creating reference mapping for 8 chunks", "module": "routes_chat", "function": "ask", "line": 294}
{"timestamp": "2025-08-04T08:00:04.084834", "level": "INFO", "logger": "app.api.routes_document", "message": "PDF request received - Raw filename: 'Solo-report_1_bcb0d2fd.pdf'", "module": "routes_document", "function": "serve_pdf", "line": 373}
{"timestamp": "2025-08-04T08:00:04.085554", "level": "INFO", "logger": "app.api.routes_document", "message": "PDF request - Decoded: 'Solo-report_1_bcb0d2fd.pdf', Clean: 'Solo-report_1_bcb0d2fd.pdf'", "module": "routes_document", "function": "serve_pdf", "line": 380}
{"timestamp": "2025-08-04T08:00:04.085910", "level": "INFO", "logger": "app.api.routes_document", "message": "PDF request - Looking for file at: '/data/user_documents/1/Solo-report_1_bcb0d2fd.pdf'", "module": "routes_document", "function": "serve_pdf", "line": 388}
{"timestamp": "2025-08-04T08:00:04.086436", "level": "INFO", "logger": "app.api.routes_document", "message": "PDF request - File exists: True", "module": "routes_document", "function": "serve_pdf", "line": 389}
{"timestamp": "2025-08-04T08:00:04.086628", "level": "INFO", "logger": "app.api.routes_document", "message": "PDF request - Serving file: '/data/user_documents/1/Solo-report_1_bcb0d2fd.pdf'", "module": "routes_document", "function": "serve_pdf", "line": 394}
{"timestamp": "2025-08-04T08:00:49.563472", "level": "INFO", "logger": "app.services.ollama", "message": "Building langchain agent for conversation 10, user 1, needs_context=True", "module": "ollama", "function": "build_langchain_agent", "line": 22}
{"timestamp": "2025-08-04T08:00:49.567481", "level": "INFO", "logger": "app.services.ollama", "message": "Selected document IDs: []", "module": "ollama", "function": "build_langchain_agent", "line": 35}
{"timestamp": "2025-08-04T08:00:49.567716", "level": "INFO", "logger": "app.services.ollama", "message": "No selected documents, retrieving from user-accessible documents", "module": "ollama", "function": "build_langchain_agent", "line": 53}
{"timestamp": "2025-08-04T08:00:49.571388", "level": "INFO", "logger": "root", "message": "Using OllamaEmbeddings with base URL: http://host.docker.internal:11434", "module": "embeddings", "function": "get_embedding_function", "line": 14}
{"timestamp": "2025-08-04T08:00:49.575276", "level": "INFO", "logger": "chromadb.telemetry.product.posthog", "message": "Anonymized telemetry enabled. See                     https://docs.trychroma.com/telemetry for more information.", "module": "posthog", "function": "__init__", "line": 20}
{"timestamp": "2025-08-04T08:00:49.581173", "level": "ERROR", "logger": "chromadb.telemetry.product.posthog", "message": "Failed to send telemetry event ClientStartEvent: capture() takes 1 positional argument but 3 were given", "module": "posthog", "function": "_direct_capture", "line": 59}
{"timestamp": "2025-08-04T08:00:49.583132", "level": "ERROR", "logger": "chromadb.telemetry.product.posthog", "message": "Failed to send telemetry event ClientCreateCollectionEvent: capture() takes 1 positional argument but 3 were given", "module": "posthog", "function": "_direct_capture", "line": 59}
{"timestamp": "2025-08-04T08:00:49.584229", "level": "INFO", "logger": "app.services.document_ingest", "message": "Retrieving 8 chunks for query: 'so what was the conclusion of the user-based KNN model evaluation in the project?...', search_type: advanced_ensemble", "module": "document_ingest", "function": "retrieve_relevant_chunks", "line": 256}
{"timestamp": "2025-08-04T08:00:49.761502", "level": "ERROR", "logger": "chromadb.telemetry.product.posthog", "message": "Failed to send telemetry event CollectionQueryEvent: capture() takes 1 positional argument but 3 were given", "module": "posthog", "function": "_direct_capture", "line": 59}
{"timestamp": "2025-08-04T08:00:49.840263", "level": "INFO", "logger": "app.services.document_ingest", "message": "Retrieved 8 chunks", "module": "document_ingest", "function": "_log_search_results", "line": 359}
{"timestamp": "2025-08-04T08:00:49.842748", "level": "INFO", "logger": "app.services.document_ingest", "message": "Document IDs: [21, 21, 21, 21, 21, 21, 21, 21]", "module": "document_ingest", "function": "_log_search_results", "line": 366}
{"timestamp": "2025-08-04T08:00:49.844839", "level": "INFO", "logger": "app.services.document_ingest", "message": "Sources: ['Solo-report_1_bcb0d2fd.pdf', 'Solo-report_1_bcb0d2fd.pdf', 'Solo-report_1_bcb0d2fd.pdf', 'Solo-report_1_bcb0d2fd.pdf', 'Solo-report_1_bcb0d2fd.pdf', 'Solo-report_1_bcb0d2fd.pdf', 'Solo-report_1_bcb0d2fd.pdf', 'Solo-report_1_bcb0d2fd.pdf']", "module": "document_ingest", "function": "_log_search_results", "line": 368}
{"timestamp": "2025-08-04T08:00:49.845726", "level": "INFO", "logger": "app.services.document_ingest", "message": "Chunk 1: many   users   rate   each   item,   user-based   KNN   can   quickly   identify   peer   groups   a...", "module": "document_ingest", "function": "_log_search_results", "line": 373}
{"timestamp": "2025-08-04T08:00:49.849716", "level": "INFO", "logger": "app.services.document_ingest", "message": "Chunk 2: predicting   a   user\u2019s   rating   from   their   ratings   of   those   similar   items.   Item-bas...", "module": "document_ingest", "function": "_log_search_results", "line": 373}
{"timestamp": "2025-08-04T08:00:49.851727", "level": "INFO", "logger": "app.services.ollama", "message": "Total context length: 2305 characters", "module": "ollama", "function": "build_langchain_agent", "line": 75}
{"timestamp": "2025-08-04T08:00:49.864922", "level": "WARNING", "logger": "langchain_core.tracers.base", "message": "Parent run a32ebdb1-e60c-4af0-96e4-2974e816aa1c not found for run e3d9be7f-1cac-4219-be1d-79c3755476dc. Treating as a root run.", "module": "base", "function": "_start_trace", "line": 113}
{"timestamp": "2025-08-04T08:00:55.448440", "level": "WARNING", "logger": "langchain_core.callbacks.manager", "message": "Error in RootListenersTracer.on_chain_end callback: AttributeError(\"'SimpleChatHistory' object has no attribute 'add_messages'\")", "module": "manager", "function": "handle_event", "line": 282}
{"timestamp": "2025-08-04T08:00:55.465152", "level": "INFO", "logger": "app.api.routes_chat", "message": "Creating reference mapping for 8 chunks", "module": "routes_chat", "function": "ask", "line": 294}
{"timestamp": "2025-08-04T08:01:39.553077", "level": "INFO", "logger": "app.services.ollama", "message": "Building langchain agent for conversation 10, user 1, needs_context=True", "module": "ollama", "function": "build_langchain_agent", "line": 22}
{"timestamp": "2025-08-04T08:01:39.574119", "level": "INFO", "logger": "app.services.ollama", "message": "Selected document IDs: []", "module": "ollama", "function": "build_langchain_agent", "line": 35}
{"timestamp": "2025-08-04T08:01:39.574423", "level": "INFO", "logger": "app.services.ollama", "message": "No selected documents, retrieving from user-accessible documents", "module": "ollama", "function": "build_langchain_agent", "line": 53}
{"timestamp": "2025-08-04T08:01:39.578712", "level": "INFO", "logger": "root", "message": "Using OllamaEmbeddings with base URL: http://host.docker.internal:11434", "module": "embeddings", "function": "get_embedding_function", "line": 14}
{"timestamp": "2025-08-04T08:01:39.582667", "level": "INFO", "logger": "chromadb.telemetry.product.posthog", "message": "Anonymized telemetry enabled. See                     https://docs.trychroma.com/telemetry for more information.", "module": "posthog", "function": "__init__", "line": 20}
{"timestamp": "2025-08-04T08:01:39.590084", "level": "ERROR", "logger": "chromadb.telemetry.product.posthog", "message": "Failed to send telemetry event ClientStartEvent: capture() takes 1 positional argument but 3 were given", "module": "posthog", "function": "_direct_capture", "line": 59}
{"timestamp": "2025-08-04T08:01:39.592542", "level": "ERROR", "logger": "chromadb.telemetry.product.posthog", "message": "Failed to send telemetry event ClientCreateCollectionEvent: capture() takes 1 positional argument but 3 were given", "module": "posthog", "function": "_direct_capture", "line": 59}
{"timestamp": "2025-08-04T08:01:39.593425", "level": "INFO", "logger": "app.services.document_ingest", "message": "Retrieving 8 chunks for query: 'WHAT WAS THE CONCLUSION OF THE PROJECT? IS IT WORTHY TO USE KNN considering the user-based KNN model...', search_type: advanced_ensemble", "module": "document_ingest", "function": "retrieve_relevant_chunks", "line": 256}
{"timestamp": "2025-08-04T08:01:39.818183", "level": "ERROR", "logger": "chromadb.telemetry.product.posthog", "message": "Failed to send telemetry event CollectionQueryEvent: capture() takes 1 positional argument but 3 were given", "module": "posthog", "function": "_direct_capture", "line": 59}
{"timestamp": "2025-08-04T08:01:39.914419", "level": "INFO", "logger": "app.services.document_ingest", "message": "Retrieved 8 chunks", "module": "document_ingest", "function": "_log_search_results", "line": 359}
{"timestamp": "2025-08-04T08:01:39.914743", "level": "INFO", "logger": "app.services.document_ingest", "message": "Document IDs: [21, 21, 21, 21, 21, 21, 21, 21]", "module": "document_ingest", "function": "_log_search_results", "line": 366}
{"timestamp": "2025-08-04T08:01:39.914994", "level": "INFO", "logger": "app.services.document_ingest", "message": "Sources: ['Solo-report_1_bcb0d2fd.pdf', 'Solo-report_1_bcb0d2fd.pdf', 'Solo-report_1_bcb0d2fd.pdf', 'Solo-report_1_bcb0d2fd.pdf', 'Solo-report_1_bcb0d2fd.pdf', 'Solo-report_1_bcb0d2fd.pdf', 'Solo-report_1_bcb0d2fd.pdf', 'Solo-report_1_bcb0d2fd.pdf']", "module": "document_ingest", "function": "_log_search_results", "line": 368}
{"timestamp": "2025-08-04T08:01:39.915222", "level": "INFO", "logger": "app.services.document_ingest", "message": "Chunk 1: KNN   model   attains   the   lowest   RMSE   (0.7193)   and   the   highest   recall   at   all   K...", "module": "document_ingest", "function": "_log_search_results", "line": 373}
{"timestamp": "2025-08-04T08:01:39.915559", "level": "INFO", "logger": "app.services.document_ingest", "message": "Chunk 2: =   0.6821,   recall@1   =   0.2957).   Overall,   the   baseline   RMSE   rankings   from   best   ...", "module": "document_ingest", "function": "_log_search_results", "line": 373}
{"timestamp": "2025-08-04T08:01:39.915875", "level": "INFO", "logger": "app.services.ollama", "message": "Total context length: 2162 characters", "module": "ollama", "function": "build_langchain_agent", "line": 75}
{"timestamp": "2025-08-04T08:01:39.930819", "level": "WARNING", "logger": "langchain_core.tracers.base", "message": "Parent run 08eae05e-4e99-4be7-81ab-0ccdb92da25f not found for run e83b809e-d9e9-4922-a6dd-12c2e07f9bcd. Treating as a root run.", "module": "base", "function": "_start_trace", "line": 113}
{"timestamp": "2025-08-04T08:01:46.087163", "level": "WARNING", "logger": "langchain_core.callbacks.manager", "message": "Error in RootListenersTracer.on_chain_end callback: AttributeError(\"'SimpleChatHistory' object has no attribute 'add_messages'\")", "module": "manager", "function": "handle_event", "line": 282}
{"timestamp": "2025-08-04T08:01:46.115980", "level": "INFO", "logger": "app.api.routes_chat", "message": "Creating reference mapping for 8 chunks", "module": "routes_chat", "function": "ask", "line": 294}
{"timestamp": "2025-08-04T08:41:48.359262", "level": "INFO", "logger": "root", "message": "Starting application", "module": "main", "function": "<module>", "line": 14}
{"timestamp": "2025-08-04T08:42:25.860464", "level": "INFO", "logger": "app.api.routes_document", "message": "Setting document selection for conversation 11, user 1", "module": "routes_document", "function": "select_documents_for_conversation", "line": 265}
{"timestamp": "2025-08-04T08:42:25.860972", "level": "INFO", "logger": "app.api.routes_document", "message": "Selected document IDs: [21]", "module": "routes_document", "function": "select_documents_for_conversation", "line": 266}
{"timestamp": "2025-08-04T08:42:25.869736", "level": "INFO", "logger": "app.api.routes_document", "message": "Successfully saved 1 document selections for conversation 11", "module": "routes_document", "function": "select_documents_for_conversation", "line": 299}
{"timestamp": "2025-08-04T08:42:30.329098", "level": "INFO", "logger": "app.services.ollama", "message": "Building langchain agent for conversation 11, user 1, needs_context=True", "module": "ollama", "function": "build_langchain_agent", "line": 22}
{"timestamp": "2025-08-04T08:42:30.360477", "level": "INFO", "logger": "app.services.ollama", "message": "Selected document IDs: [21]", "module": "ollama", "function": "build_langchain_agent", "line": 35}
{"timestamp": "2025-08-04T08:42:30.360788", "level": "INFO", "logger": "app.services.ollama", "message": "Retrieving chunks for 1 selected documents", "module": "ollama", "function": "build_langchain_agent", "line": 42}
{"timestamp": "2025-08-04T08:42:30.364111", "level": "INFO", "logger": "root", "message": "Using OllamaEmbeddings with base URL: http://host.docker.internal:11434", "module": "embeddings", "function": "get_embedding_function", "line": 14}
{"timestamp": "2025-08-04T08:42:30.604119", "level": "INFO", "logger": "chromadb.telemetry.product.posthog", "message": "Anonymized telemetry enabled. See                     https://docs.trychroma.com/telemetry for more information.", "module": "posthog", "function": "__init__", "line": 20}
{"timestamp": "2025-08-04T08:42:30.713299", "level": "ERROR", "logger": "chromadb.telemetry.product.posthog", "message": "Failed to send telemetry event ClientStartEvent: capture() takes 1 positional argument but 3 were given", "module": "posthog", "function": "_direct_capture", "line": 59}
{"timestamp": "2025-08-04T08:42:30.727375", "level": "ERROR", "logger": "chromadb.telemetry.product.posthog", "message": "Failed to send telemetry event ClientCreateCollectionEvent: capture() takes 1 positional argument but 3 were given", "module": "posthog", "function": "_direct_capture", "line": 59}
{"timestamp": "2025-08-04T08:42:30.728026", "level": "INFO", "logger": "app.services.document_ingest", "message": "Retrieving 5 chunks for query: 'what are the conclusions drawn from the results of the document analysis...', search_type: advanced_ensemble", "module": "document_ingest", "function": "retrieve_relevant_chunks", "line": 256}
{"timestamp": "2025-08-04T08:42:31.619501", "level": "ERROR", "logger": "chromadb.telemetry.product.posthog", "message": "Failed to send telemetry event CollectionQueryEvent: capture() takes 1 positional argument but 3 were given", "module": "posthog", "function": "_direct_capture", "line": 59}
{"timestamp": "2025-08-04T08:42:31.650839", "level": "INFO", "logger": "app.services.document_ingest", "message": "No results found", "module": "document_ingest", "function": "_log_search_results", "line": 356}
{"timestamp": "2025-08-04T08:42:31.651222", "level": "INFO", "logger": "app.services.ollama", "message": "Total context length: 0 characters", "module": "ollama", "function": "build_langchain_agent", "line": 75}
{"timestamp": "2025-08-04T08:42:31.764477", "level": "WARNING", "logger": "langchain_core.tracers.base", "message": "Parent run 7c9f1087-c0ee-4dd1-8db0-33813c56042e not found for run aa0a7d99-064f-4c6b-85a1-ce2f341acebe. Treating as a root run.", "module": "base", "function": "_start_trace", "line": 113}
{"timestamp": "2025-08-04T08:42:32.844592", "level": "WARNING", "logger": "langchain_core.callbacks.manager", "message": "Error in RootListenersTracer.on_chain_end callback: AttributeError(\"'SimpleChatHistory' object has no attribute 'add_messages'\")", "module": "manager", "function": "handle_event", "line": 282}
{"timestamp": "2025-08-04T08:44:45.183170", "level": "INFO", "logger": "root", "message": "Starting application", "module": "main", "function": "<module>", "line": 14}
{"timestamp": "2025-08-04T08:45:07.892384", "level": "INFO", "logger": "app.api.routes_document", "message": "Starting synchronous ingestion for document 22: Solo-report.pdf", "module": "routes_document", "function": "upload_user_documents", "line": 144}
{"timestamp": "2025-08-04T08:45:08.240719", "level": "INFO", "logger": "app.services.document_ingest", "message": "Loaded 15 pages from Solo-report_1_bcb0d2fd.pdf", "module": "document_ingest", "function": "load_documents_from_pdfs", "line": 75}
{"timestamp": "2025-08-04T08:45:08.244302", "level": "INFO", "logger": "app.services.document_ingest", "message": "Split 15 documents into 130 chunks with size=250, overlap=50", "module": "document_ingest", "function": "chunk_documents", "line": 141}
{"timestamp": "2025-08-04T08:45:08.245520", "level": "INFO", "logger": "root", "message": "Using OllamaEmbeddings with base URL: http://host.docker.internal:11434", "module": "embeddings", "function": "get_embedding_function", "line": 14}
{"timestamp": "2025-08-04T08:45:08.457155", "level": "INFO", "logger": "chromadb.telemetry.product.posthog", "message": "Anonymized telemetry enabled. See                     https://docs.trychroma.com/telemetry for more information.", "module": "posthog", "function": "__init__", "line": 20}
{"timestamp": "2025-08-04T08:45:08.547587", "level": "ERROR", "logger": "chromadb.telemetry.product.posthog", "message": "Failed to send telemetry event ClientStartEvent: capture() takes 1 positional argument but 3 were given", "module": "posthog", "function": "_direct_capture", "line": 59}
{"timestamp": "2025-08-04T08:45:08.556474", "level": "ERROR", "logger": "chromadb.telemetry.product.posthog", "message": "Failed to send telemetry event ClientCreateCollectionEvent: capture() takes 1 positional argument but 3 were given", "module": "posthog", "function": "_direct_capture", "line": 59}
{"timestamp": "2025-08-04T08:45:08.585087", "level": "ERROR", "logger": "app.api.routes_document", "message": "Failed to ingest document 22: Solo-report.pdf", "module": "routes_document", "function": "upload_user_documents", "line": 148}
{"timestamp": "2025-08-04T08:45:08.585627", "level": "INFO", "logger": "app.api.routes_document", "message": "Successfully uploaded file: Solo-report_1_bcb0d2fd.pdf", "module": "routes_document", "function": "upload_user_documents", "line": 168}
{"timestamp": "2025-08-04T08:45:41.450246", "level": "INFO", "logger": "app.api.routes_document", "message": "Starting synchronous ingestion for document 23: Solo-report.pdf", "module": "routes_document", "function": "upload_user_documents", "line": 144}
{"timestamp": "2025-08-04T08:45:41.809616", "level": "INFO", "logger": "app.services.document_ingest", "message": "Loaded 15 pages from Solo-report_1_bcb0d2fd.pdf", "module": "document_ingest", "function": "load_documents_from_pdfs", "line": 75}
{"timestamp": "2025-08-04T08:45:41.813740", "level": "INFO", "logger": "app.services.document_ingest", "message": "Split 15 documents into 130 chunks with size=250, overlap=50", "module": "document_ingest", "function": "chunk_documents", "line": 141}
{"timestamp": "2025-08-04T08:45:41.815313", "level": "INFO", "logger": "root", "message": "Using OllamaEmbeddings with base URL: http://host.docker.internal:11434", "module": "embeddings", "function": "get_embedding_function", "line": 14}
{"timestamp": "2025-08-04T08:45:41.818155", "level": "ERROR", "logger": "chromadb.telemetry.product.posthog", "message": "Failed to send telemetry event ClientStartEvent: capture() takes 1 positional argument but 3 were given", "module": "posthog", "function": "_direct_capture", "line": 59}
{"timestamp": "2025-08-04T08:45:41.819697", "level": "ERROR", "logger": "chromadb.telemetry.product.posthog", "message": "Failed to send telemetry event ClientCreateCollectionEvent: capture() takes 1 positional argument but 3 were given", "module": "posthog", "function": "_direct_capture", "line": 59}
{"timestamp": "2025-08-04T08:45:41.831767", "level": "ERROR", "logger": "app.api.routes_document", "message": "Failed to ingest document 23: Solo-report.pdf", "module": "routes_document", "function": "upload_user_documents", "line": 148}
{"timestamp": "2025-08-04T08:45:41.832331", "level": "INFO", "logger": "app.api.routes_document", "message": "Successfully uploaded file: Solo-report_1_bcb0d2fd.pdf", "module": "routes_document", "function": "upload_user_documents", "line": 168}
{"timestamp": "2025-08-04T08:55:06.092660", "level": "INFO", "logger": "root", "message": "Starting application", "module": "main", "function": "<module>", "line": 14}
{"timestamp": "2025-08-04T08:55:24.683531", "level": "INFO", "logger": "app.api.routes_document", "message": "Starting synchronous ingestion for document 24: Solo-report.pdf", "module": "routes_document", "function": "upload_user_documents", "line": 144}
{"timestamp": "2025-08-04T08:55:24.994653", "level": "INFO", "logger": "app.services.document_ingest", "message": "Loaded 15 pages from Solo-report_1_bcb0d2fd.pdf", "module": "document_ingest", "function": "load_documents_from_pdfs", "line": 75}
{"timestamp": "2025-08-04T08:55:24.998313", "level": "INFO", "logger": "app.services.document_ingest", "message": "Split 15 documents into 130 chunks with size=250, overlap=50", "module": "document_ingest", "function": "chunk_documents", "line": 141}
{"timestamp": "2025-08-04T08:55:24.999208", "level": "INFO", "logger": "root", "message": "Initializing BAAI/bge-large-en-v1.5 embeddings model", "module": "embeddings", "function": "get_embedding_function", "line": 16}
{"timestamp": "2025-08-04T08:55:24.999689", "level": "INFO", "logger": "root", "message": "Using HuggingFace embeddings with model: BAAI/bge-large-en-v1.5 on device: cpu", "module": "embeddings", "function": "get_embedding_function", "line": 45}
{"timestamp": "2025-08-04T08:55:26.647162", "level": "ERROR", "logger": "app.api.routes_document", "message": "Failed to ingest document 24: Solo-report.pdf", "module": "routes_document", "function": "upload_user_documents", "line": 148}
{"timestamp": "2025-08-04T08:55:26.649786", "level": "INFO", "logger": "app.api.routes_document", "message": "Successfully uploaded file: Solo-report_1_bcb0d2fd.pdf", "module": "routes_document", "function": "upload_user_documents", "line": 168}
{"timestamp": "2025-08-04T09:00:18.006740", "level": "INFO", "logger": "root", "message": "Starting application", "module": "main", "function": "<module>", "line": 14}
{"timestamp": "2025-08-04T09:00:40.242997", "level": "INFO", "logger": "app.api.routes_document", "message": "Starting synchronous ingestion for document 25: Solo-report.pdf", "module": "routes_document", "function": "upload_user_documents", "line": 144}
{"timestamp": "2025-08-04T09:00:40.596386", "level": "INFO", "logger": "app.services.document_ingest", "message": "Loaded 15 pages from Solo-report_1_bcb0d2fd.pdf", "module": "document_ingest", "function": "load_documents_from_pdfs", "line": 75}
{"timestamp": "2025-08-04T09:00:40.599939", "level": "INFO", "logger": "app.services.document_ingest", "message": "Split 15 documents into 130 chunks with size=250, overlap=50", "module": "document_ingest", "function": "chunk_documents", "line": 141}
{"timestamp": "2025-08-04T09:00:40.600918", "level": "INFO", "logger": "root", "message": "Initializing BAAI/bge-large-en-v1.5 embeddings model", "module": "embeddings", "function": "get_embedding_function", "line": 16}
{"timestamp": "2025-08-04T09:00:40.601086", "level": "INFO", "logger": "root", "message": "Using HuggingFace embeddings with model: BAAI/bge-large-en-v1.5 on device: cpu", "module": "embeddings", "function": "get_embedding_function", "line": 45}
{"timestamp": "2025-08-04T09:00:42.169250", "level": "ERROR", "logger": "app.api.routes_document", "message": "Failed to ingest document 25: Solo-report.pdf", "module": "routes_document", "function": "upload_user_documents", "line": 148}
{"timestamp": "2025-08-04T09:00:42.172577", "level": "INFO", "logger": "app.api.routes_document", "message": "Successfully uploaded file: Solo-report_1_bcb0d2fd.pdf", "module": "routes_document", "function": "upload_user_documents", "line": 168}
{"timestamp": "2025-08-04T09:02:25.161365", "level": "INFO", "logger": "app.api.routes_document", "message": "Starting synchronous ingestion for document 26: Solo-report.pdf", "module": "routes_document", "function": "upload_user_documents", "line": 144}
{"timestamp": "2025-08-04T09:02:25.699522", "level": "INFO", "logger": "app.services.document_ingest", "message": "Loaded 15 pages from Solo-report_1_bcb0d2fd.pdf", "module": "document_ingest", "function": "load_documents_from_pdfs", "line": 75}
{"timestamp": "2025-08-04T09:02:25.703059", "level": "INFO", "logger": "app.services.document_ingest", "message": "Split 15 documents into 130 chunks with size=250, overlap=50", "module": "document_ingest", "function": "chunk_documents", "line": 141}
{"timestamp": "2025-08-04T09:02:25.704429", "level": "INFO", "logger": "root", "message": "Initializing BAAI/bge-large-en-v1.5 embeddings model", "module": "embeddings", "function": "get_embedding_function", "line": 16}
{"timestamp": "2025-08-04T09:02:25.704583", "level": "INFO", "logger": "root", "message": "Using HuggingFace embeddings with model: BAAI/bge-large-en-v1.5 on device: cpu", "module": "embeddings", "function": "get_embedding_function", "line": 45}
{"timestamp": "2025-08-04T09:02:25.766007", "level": "INFO", "logger": "sentence_transformers.SentenceTransformer", "message": "Load pretrained SentenceTransformer: BAAI/bge-large-en-v1.5", "module": "SentenceTransformer", "function": "__init__", "line": 113}
{"timestamp": "2025-08-04T09:02:50.700032", "level": "INFO", "logger": "chromadb.telemetry.product.posthog", "message": "Anonymized telemetry enabled. See                     https://docs.trychroma.com/telemetry for more information.", "module": "posthog", "function": "__init__", "line": 20}
{"timestamp": "2025-08-04T09:02:51.283643", "level": "ERROR", "logger": "chromadb.telemetry.product.posthog", "message": "Failed to send telemetry event ClientStartEvent: capture() takes 1 positional argument but 3 were given", "module": "posthog", "function": "_direct_capture", "line": 59}
{"timestamp": "2025-08-04T09:02:51.292873", "level": "ERROR", "logger": "chromadb.telemetry.product.posthog", "message": "Failed to send telemetry event ClientCreateCollectionEvent: capture() takes 1 positional argument but 3 were given", "module": "posthog", "function": "_direct_capture", "line": 59}
{"timestamp": "2025-08-04T09:03:22.641246", "level": "INFO", "logger": "app.api.routes_document", "message": "Successfully ingested document 26: Solo-report.pdf", "module": "routes_document", "function": "upload_user_documents", "line": 158}
{"timestamp": "2025-08-04T09:03:22.641588", "level": "INFO", "logger": "app.api.routes_document", "message": "Successfully uploaded file: Solo-report_1_bcb0d2fd.pdf", "module": "routes_document", "function": "upload_user_documents", "line": 168}
{"timestamp": "2025-08-04T09:03:37.133893", "level": "INFO", "logger": "app.api.routes_document", "message": "Setting document selection for conversation 12, user 1", "module": "routes_document", "function": "select_documents_for_conversation", "line": 265}
{"timestamp": "2025-08-04T09:03:37.134517", "level": "INFO", "logger": "app.api.routes_document", "message": "Selected document IDs: [26]", "module": "routes_document", "function": "select_documents_for_conversation", "line": 266}
{"timestamp": "2025-08-04T09:03:37.147653", "level": "INFO", "logger": "app.api.routes_document", "message": "Successfully saved 1 document selections for conversation 12", "module": "routes_document", "function": "select_documents_for_conversation", "line": 299}
{"timestamp": "2025-08-04T09:03:43.076616", "level": "INFO", "logger": "app.services.ollama", "message": "Building langchain agent for conversation 12, user 1, needs_context=True", "module": "ollama", "function": "build_langchain_agent", "line": 22}
{"timestamp": "2025-08-04T09:03:43.100136", "level": "INFO", "logger": "app.services.ollama", "message": "Selected document IDs: [26]", "module": "ollama", "function": "build_langchain_agent", "line": 35}
{"timestamp": "2025-08-04T09:03:43.100470", "level": "INFO", "logger": "app.services.ollama", "message": "Retrieving chunks for 1 selected documents", "module": "ollama", "function": "build_langchain_agent", "line": 42}
{"timestamp": "2025-08-04T09:03:43.113392", "level": "INFO", "logger": "root", "message": "Initializing BAAI/bge-large-en-v1.5 embeddings model", "module": "embeddings", "function": "get_embedding_function", "line": 16}
{"timestamp": "2025-08-04T09:03:43.113638", "level": "INFO", "logger": "root", "message": "Using HuggingFace embeddings with model: BAAI/bge-large-en-v1.5 on device: cpu", "module": "embeddings", "function": "get_embedding_function", "line": 45}
{"timestamp": "2025-08-04T09:03:43.114861", "level": "INFO", "logger": "sentence_transformers.SentenceTransformer", "message": "Load pretrained SentenceTransformer: BAAI/bge-large-en-v1.5", "module": "SentenceTransformer", "function": "__init__", "line": 113}
{"timestamp": "2025-08-04T09:03:47.904371", "level": "INFO", "logger": "chromadb.telemetry.product.posthog", "message": "Anonymized telemetry enabled. See                     https://docs.trychroma.com/telemetry for more information.", "module": "posthog", "function": "__init__", "line": 20}
{"timestamp": "2025-08-04T09:03:47.923726", "level": "ERROR", "logger": "chromadb.telemetry.product.posthog", "message": "Failed to send telemetry event ClientStartEvent: capture() takes 1 positional argument but 3 were given", "module": "posthog", "function": "_direct_capture", "line": 59}
{"timestamp": "2025-08-04T09:03:47.926191", "level": "ERROR", "logger": "chromadb.telemetry.product.posthog", "message": "Failed to send telemetry event ClientCreateCollectionEvent: capture() takes 1 positional argument but 3 were given", "module": "posthog", "function": "_direct_capture", "line": 59}
{"timestamp": "2025-08-04T09:03:47.927740", "level": "INFO", "logger": "app.services.document_ingest", "message": "Retrieving 5 chunks for query: 'what are the conclusions drawn from the project?...', search_type: advanced_ensemble", "module": "document_ingest", "function": "retrieve_relevant_chunks", "line": 256}
{"timestamp": "2025-08-04T09:03:48.633980", "level": "ERROR", "logger": "chromadb.telemetry.product.posthog", "message": "Failed to send telemetry event CollectionQueryEvent: capture() takes 1 positional argument but 3 were given", "module": "posthog", "function": "_direct_capture", "line": 59}
{"timestamp": "2025-08-04T09:03:49.013465", "level": "INFO", "logger": "app.services.document_ingest", "message": "Retrieved 5 chunks", "module": "document_ingest", "function": "_log_search_results", "line": 359}
{"timestamp": "2025-08-04T09:03:49.013789", "level": "INFO", "logger": "app.services.document_ingest", "message": "Document IDs: [26, 26, 26, 26, 26]", "module": "document_ingest", "function": "_log_search_results", "line": 366}
{"timestamp": "2025-08-04T09:03:49.014046", "level": "INFO", "logger": "app.services.document_ingest", "message": "Sources: ['Solo-report_1_bcb0d2fd.pdf', 'Solo-report_1_bcb0d2fd.pdf', 'Solo-report_1_bcb0d2fd.pdf', 'Solo-report_1_bcb0d2fd.pdf', 'Solo-report_1_bcb0d2fd.pdf']", "module": "document_ingest", "function": "_log_search_results", "line": 368}
{"timestamp": "2025-08-04T09:03:49.014281", "level": "INFO", "logger": "app.services.document_ingest", "message": "Chunk 1: Experiment   Setup   8   3.   Results   and   Analysis   8   4.   Discussion   13   5.   Conclusion ...", "module": "document_ingest", "function": "_log_search_results", "line": 373}
{"timestamp": "2025-08-04T09:03:49.014596", "level": "INFO", "logger": "app.services.document_ingest", "message": "Chunk 2: Analysis   To   illustrate   the   findings,   we   prepare   several   plots   and   tables.       ...", "module": "document_ingest", "function": "_log_search_results", "line": 373}
{"timestamp": "2025-08-04T09:03:49.030531", "level": "INFO", "logger": "app.services.ollama", "message": "Total context length: 1189 characters", "module": "ollama", "function": "build_langchain_agent", "line": 75}
{"timestamp": "2025-08-04T09:03:49.059546", "level": "WARNING", "logger": "langchain_core.tracers.base", "message": "Parent run 2b8e36f2-d362-46f0-9cb2-abfb0340bed4 not found for run a78b780b-8064-47dd-b637-c5e5298f32db. Treating as a root run.", "module": "base", "function": "_start_trace", "line": 113}
{"timestamp": "2025-08-04T09:03:52.672824", "level": "WARNING", "logger": "langchain_core.callbacks.manager", "message": "Error in RootListenersTracer.on_chain_end callback: AttributeError(\"'SimpleChatHistory' object has no attribute 'add_messages'\")", "module": "manager", "function": "handle_event", "line": 282}
{"timestamp": "2025-08-04T09:03:52.775390", "level": "INFO", "logger": "app.api.routes_chat", "message": "Creating reference mapping for 5 chunks", "module": "routes_chat", "function": "ask", "line": 294}
{"timestamp": "2025-08-04T09:04:12.131553", "level": "INFO", "logger": "app.services.ollama", "message": "Building langchain agent for conversation 12, user 1, needs_context=True", "module": "ollama", "function": "build_langchain_agent", "line": 22}
{"timestamp": "2025-08-04T09:04:12.137582", "level": "INFO", "logger": "app.services.ollama", "message": "Selected document IDs: [26]", "module": "ollama", "function": "build_langchain_agent", "line": 35}
{"timestamp": "2025-08-04T09:04:12.137774", "level": "INFO", "logger": "app.services.ollama", "message": "Retrieving chunks for 1 selected documents", "module": "ollama", "function": "build_langchain_agent", "line": 42}
{"timestamp": "2025-08-04T09:04:12.146770", "level": "INFO", "logger": "root", "message": "Initializing BAAI/bge-large-en-v1.5 embeddings model", "module": "embeddings", "function": "get_embedding_function", "line": 16}
{"timestamp": "2025-08-04T09:04:12.147002", "level": "INFO", "logger": "root", "message": "Using HuggingFace embeddings with model: BAAI/bge-large-en-v1.5 on device: cpu", "module": "embeddings", "function": "get_embedding_function", "line": 45}
{"timestamp": "2025-08-04T09:04:12.147997", "level": "INFO", "logger": "sentence_transformers.SentenceTransformer", "message": "Load pretrained SentenceTransformer: BAAI/bge-large-en-v1.5", "module": "SentenceTransformer", "function": "__init__", "line": 113}
{"timestamp": "2025-08-04T09:04:15.451395", "level": "INFO", "logger": "chromadb.telemetry.product.posthog", "message": "Anonymized telemetry enabled. See                     https://docs.trychroma.com/telemetry for more information.", "module": "posthog", "function": "__init__", "line": 20}
{"timestamp": "2025-08-04T09:04:15.463110", "level": "ERROR", "logger": "chromadb.telemetry.product.posthog", "message": "Failed to send telemetry event ClientStartEvent: capture() takes 1 positional argument but 3 were given", "module": "posthog", "function": "_direct_capture", "line": 59}
{"timestamp": "2025-08-04T09:04:15.466000", "level": "ERROR", "logger": "chromadb.telemetry.product.posthog", "message": "Failed to send telemetry event ClientCreateCollectionEvent: capture() takes 1 positional argument but 3 were given", "module": "posthog", "function": "_direct_capture", "line": 59}
{"timestamp": "2025-08-04T09:04:15.467283", "level": "INFO", "logger": "app.services.document_ingest", "message": "Retrieving 5 chunks for query: 'what about the metric values for the conclusions of combining approaches yielding a more accurate an...', search_type: advanced_ensemble", "module": "document_ingest", "function": "retrieve_relevant_chunks", "line": 256}
{"timestamp": "2025-08-04T09:04:15.859949", "level": "ERROR", "logger": "chromadb.telemetry.product.posthog", "message": "Failed to send telemetry event CollectionQueryEvent: capture() takes 1 positional argument but 3 were given", "module": "posthog", "function": "_direct_capture", "line": 59}
{"timestamp": "2025-08-04T09:04:16.599165", "level": "INFO", "logger": "app.services.document_ingest", "message": "Retrieved 5 chunks", "module": "document_ingest", "function": "_log_search_results", "line": 359}
{"timestamp": "2025-08-04T09:04:16.599634", "level": "INFO", "logger": "app.services.document_ingest", "message": "Document IDs: [26, 26, 26, 26, 26]", "module": "document_ingest", "function": "_log_search_results", "line": 366}
{"timestamp": "2025-08-04T09:04:16.600181", "level": "INFO", "logger": "app.services.document_ingest", "message": "Sources: ['Solo-report_1_bcb0d2fd.pdf', 'Solo-report_1_bcb0d2fd.pdf', 'Solo-report_1_bcb0d2fd.pdf', 'Solo-report_1_bcb0d2fd.pdf', 'Solo-report_1_bcb0d2fd.pdf']", "module": "document_ingest", "function": "_log_search_results", "line": 368}
{"timestamp": "2025-08-04T09:04:16.600496", "level": "INFO", "logger": "app.services.document_ingest", "message": "Chunk 1: data   from   sentiment.   We   expect   that   combining   these   approaches   will   yield   a   ...", "module": "document_ingest", "function": "_log_search_results", "line": 373}
{"timestamp": "2025-08-04T09:04:16.601046", "level": "INFO", "logger": "app.services.document_ingest", "message": "Chunk 2: ratings   and   text   without   distorting   the   predictive   scale,   or   to   explore   multi-...", "module": "document_ingest", "function": "_log_search_results", "line": 373}
{"timestamp": "2025-08-04T09:04:16.612172", "level": "INFO", "logger": "app.services.ollama", "message": "Total context length: 1415 characters", "module": "ollama", "function": "build_langchain_agent", "line": 75}
{"timestamp": "2025-08-04T09:04:16.632023", "level": "WARNING", "logger": "langchain_core.tracers.base", "message": "Parent run 571fc122-7028-46ad-a270-29d50cdbfbe6 not found for run 539473b8-44c3-49d7-be14-6ad70124de84. Treating as a root run.", "module": "base", "function": "_start_trace", "line": 113}
{"timestamp": "2025-08-04T09:04:20.556464", "level": "WARNING", "logger": "langchain_core.callbacks.manager", "message": "Error in RootListenersTracer.on_chain_end callback: AttributeError(\"'SimpleChatHistory' object has no attribute 'add_messages'\")", "module": "manager", "function": "handle_event", "line": 282}
{"timestamp": "2025-08-04T09:04:20.583064", "level": "INFO", "logger": "app.api.routes_chat", "message": "Creating reference mapping for 5 chunks", "module": "routes_chat", "function": "ask", "line": 294}
{"timestamp": "2025-08-04T09:04:46.002930", "level": "INFO", "logger": "app.services.ollama", "message": "Building langchain agent for conversation 12, user 1, needs_context=True", "module": "ollama", "function": "build_langchain_agent", "line": 22}
{"timestamp": "2025-08-04T09:04:46.011326", "level": "INFO", "logger": "app.services.ollama", "message": "Selected document IDs: [26]", "module": "ollama", "function": "build_langchain_agent", "line": 35}
{"timestamp": "2025-08-04T09:04:46.012027", "level": "INFO", "logger": "app.services.ollama", "message": "Retrieving chunks for 1 selected documents", "module": "ollama", "function": "build_langchain_agent", "line": 42}
{"timestamp": "2025-08-04T09:04:46.022258", "level": "INFO", "logger": "root", "message": "Initializing BAAI/bge-large-en-v1.5 embeddings model", "module": "embeddings", "function": "get_embedding_function", "line": 16}
{"timestamp": "2025-08-04T09:04:46.022564", "level": "INFO", "logger": "root", "message": "Using HuggingFace embeddings with model: BAAI/bge-large-en-v1.5 on device: cpu", "module": "embeddings", "function": "get_embedding_function", "line": 45}
{"timestamp": "2025-08-04T09:04:46.023464", "level": "INFO", "logger": "sentence_transformers.SentenceTransformer", "message": "Load pretrained SentenceTransformer: BAAI/bge-large-en-v1.5", "module": "SentenceTransformer", "function": "__init__", "line": 113}
{"timestamp": "2025-08-04T09:04:49.282329", "level": "INFO", "logger": "chromadb.telemetry.product.posthog", "message": "Anonymized telemetry enabled. See                     https://docs.trychroma.com/telemetry for more information.", "module": "posthog", "function": "__init__", "line": 20}
{"timestamp": "2025-08-04T09:04:49.293982", "level": "ERROR", "logger": "chromadb.telemetry.product.posthog", "message": "Failed to send telemetry event ClientStartEvent: capture() takes 1 positional argument but 3 were given", "module": "posthog", "function": "_direct_capture", "line": 59}
{"timestamp": "2025-08-04T09:04:49.296491", "level": "ERROR", "logger": "chromadb.telemetry.product.posthog", "message": "Failed to send telemetry event ClientCreateCollectionEvent: capture() takes 1 positional argument but 3 were given", "module": "posthog", "function": "_direct_capture", "line": 59}
{"timestamp": "2025-08-04T09:04:49.298157", "level": "INFO", "logger": "app.services.document_ingest", "message": "Retrieving 5 chunks for query: 'what are the metric values for the book recommender model that scored the best?...', search_type: advanced_ensemble", "module": "document_ingest", "function": "retrieve_relevant_chunks", "line": 256}
{"timestamp": "2025-08-04T09:04:49.614146", "level": "ERROR", "logger": "chromadb.telemetry.product.posthog", "message": "Failed to send telemetry event CollectionQueryEvent: capture() takes 1 positional argument but 3 were given", "module": "posthog", "function": "_direct_capture", "line": 59}
{"timestamp": "2025-08-04T09:04:50.097097", "level": "INFO", "logger": "app.services.document_ingest", "message": "Retrieved 5 chunks", "module": "document_ingest", "function": "_log_search_results", "line": 359}
{"timestamp": "2025-08-04T09:04:50.099075", "level": "INFO", "logger": "app.services.document_ingest", "message": "Document IDs: [26, 26, 26, 26, 26]", "module": "document_ingest", "function": "_log_search_results", "line": 366}
{"timestamp": "2025-08-04T09:04:50.101175", "level": "INFO", "logger": "app.services.document_ingest", "message": "Sources: ['Solo-report_1_bcb0d2fd.pdf', 'Solo-report_1_bcb0d2fd.pdf', 'Solo-report_1_bcb0d2fd.pdf', 'Solo-report_1_bcb0d2fd.pdf', 'Solo-report_1_bcb0d2fd.pdf']", "module": "document_ingest", "function": "_log_search_results", "line": 368}
{"timestamp": "2025-08-04T09:04:50.103700", "level": "INFO", "logger": "app.services.document_ingest", "message": "Chunk 1: data   from   sentiment.   We   expect   that   combining   these   approaches   will   yield   a   ...", "module": "document_ingest", "function": "_log_search_results", "line": 373}
{"timestamp": "2025-08-04T09:04:50.109094", "level": "INFO", "logger": "app.services.document_ingest", "message": "Chunk 2: of   a   rating.   In   this   project,   we   investigate   the   impact   of   incorporating   sen...", "module": "document_ingest", "function": "_log_search_results", "line": 373}
{"timestamp": "2025-08-04T09:04:50.130017", "level": "INFO", "logger": "app.services.ollama", "message": "Total context length: 1446 characters", "module": "ollama", "function": "build_langchain_agent", "line": 75}
{"timestamp": "2025-08-04T09:04:50.162389", "level": "WARNING", "logger": "langchain_core.tracers.base", "message": "Parent run d13559e8-0d35-47b4-9fdc-47caada7ae34 not found for run ae28d97f-f246-4a49-87ea-351d9ce2650b. Treating as a root run.", "module": "base", "function": "_start_trace", "line": 113}
{"timestamp": "2025-08-04T09:04:53.990153", "level": "WARNING", "logger": "langchain_core.callbacks.manager", "message": "Error in RootListenersTracer.on_chain_end callback: AttributeError(\"'SimpleChatHistory' object has no attribute 'add_messages'\")", "module": "manager", "function": "handle_event", "line": 282}
{"timestamp": "2025-08-04T09:04:54.017846", "level": "INFO", "logger": "app.api.routes_chat", "message": "Creating reference mapping for 5 chunks", "module": "routes_chat", "function": "ask", "line": 294}
